=====================================
Test filter pattern: -run 3B
Test target: raft1
Total execution rounds: 1000
Maximum parallel jobs: 25
Log storage directory: /home/zaxy/studyspace/projects/6.5840/src/debug_log
=====================================
Building raft1 daemon once...
[Round 1] Starting, log: /home/zaxy/studyspace/projects/6.5840/src/debug_log/debug_log_round1_20260720_152840.365557084.log
[Round 2] Starting, log: /home/zaxy/studyspace/projects/6.5840/src/debug_log/debug_log_round2_20260720_152840.366536036.log
[Round 3] Starting, log: /home/zaxy/studyspace/projects/6.5840/src/debug_log/debug_log_round3_20260720_152840.367484666.log
[Round 4] Starting, log: /home/zaxy/studyspace/projects/6.5840/src/debug_log/debug_log_round4_20260720_152840.368399678.log
[Round 5] Starting, log: /home/zaxy/studyspace/projects/6.5840/src/debug_log/debug_log_round5_20260720_152840.369390182.log
[Round 6] Starting, log: /home/zaxy/studyspace/projects/6.5840/src/debug_log/debug_log_round6_20260720_152840.370431688.log
[Round 7] Starting, log: /home/zaxy/studyspace/projects/6.5840/src/debug_log/debug_log_round7_20260720_152840.371615812.log
[Round 8] Starting, log: /home/zaxy/studyspace/projects/6.5840/src/debug_log/debug_log_round8_20260720_152840.372897510.log
[Round 9] Starting, log: /home/zaxy/studyspace/projects/6.5840/src/debug_log/debug_log_round9_20260720_152840.374053061.log
[Round 10] Starting, log: /home/zaxy/studyspace/projects/6.5840/src/debug_log/debug_log_round10_20260720_152840.375311536.log
[Round 11] Starting, log: /home/zaxy/studyspace/projects/6.5840/src/debug_log/debug_log_round11_20260720_152840.376524756.log
[Round 12] Starting, log: /home/zaxy/studyspace/projects/6.5840/src/debug_log/debug_log_round12_20260720_152840.377604483.log
[Round 13] Starting, log: /home/zaxy/studyspace/projects/6.5840/src/debug_log/debug_log_round13_20260720_152840.379169847.log
[Round 14] Starting, log: /home/zaxy/studyspace/projects/6.5840/src/debug_log/debug_log_round14_20260720_152840.380310559.log
[Round 15] Starting, log: /home/zaxy/studyspace/projects/6.5840/src/debug_log/debug_log_round15_20260720_152840.381563594.log
[Round 16] Starting, log: /home/zaxy/studyspace/projects/6.5840/src/debug_log/debug_log_round16_20260720_152840.382900832.log
[Round 17] Starting, log: /home/zaxy/studyspace/projects/6.5840/src/debug_log/debug_log_round17_20260720_152840.384390363.log
[Round 18] Starting, log: /home/zaxy/studyspace/projects/6.5840/src/debug_log/debug_log_round18_20260720_152840.385621446.log
[Round 19] Starting, log: /home/zaxy/studyspace/projects/6.5840/src/debug_log/debug_log_round19_20260720_152840.386883973.log
[Round 20] Starting, log: /home/zaxy/studyspace/projects/6.5840/src/debug_log/debug_log_round20_20260720_152840.388129254.log
[Round 21] Starting, log: /home/zaxy/studyspace/projects/6.5840/src/debug_log/debug_log_round21_20260720_152840.389255278.log
[Round 22] Starting, log: /home/zaxy/studyspace/projects/6.5840/src/debug_log/debug_log_round22_20260720_152840.390600446.log
[Round 23] Starting, log: /home/zaxy/studyspace/projects/6.5840/src/debug_log/debug_log_round23_20260720_152840.391962317.log
[Round 24] Starting, log: /home/zaxy/studyspace/projects/6.5840/src/debug_log/debug_log_round24_20260720_152840.393140139.log
[Round 25] Starting, log: /home/zaxy/studyspace/projects/6.5840/src/debug_log/debug_log_round25_20260720_152840.394230557.log
[Round 1] PASS
[Round 1] Removed passed log: /home/zaxy/studyspace/projects/6.5840/src/debug_log/debug_log_round1_20260720_152840.365557084.log
[Round 26] Starting, log: /home/zaxy/studyspace/projects/6.5840/src/debug_log/debug_log_round26_20260720_152942.870731629.log
[Round 2] PASS
[Round 2] Removed passed log: /home/zaxy/studyspace/projects/6.5840/src/debug_log/debug_log_round2_20260720_152840.366536036.log
[Round 27] Starting, log: /home/zaxy/studyspace/projects/6.5840/src/debug_log/debug_log_round27_20260720_152948.061429922.log
[Round 3] PASS
[Round 3] Removed passed log: /home/zaxy/studyspace/projects/6.5840/src/debug_log/debug_log_round3_20260720_152840.367484666.log
[Round 28] Starting, log: /home/zaxy/studyspace/projects/6.5840/src/debug_log/debug_log_round28_20260720_152948.075217306.log
[Round 4] PASS
[Round 4] Removed passed log: /home/zaxy/studyspace/projects/6.5840/src/debug_log/debug_log_round4_20260720_152840.368399678.log
[Round 29] Starting, log: /home/zaxy/studyspace/projects/6.5840/src/debug_log/debug_log_round29_20260720_152948.088813378.log
[Round 5] PASS
[Round 5] Removed passed log: /home/zaxy/studyspace/projects/6.5840/src/debug_log/debug_log_round5_20260720_152840.369390182.log
[Round 30] Starting, log: /home/zaxy/studyspace/projects/6.5840/src/debug_log/debug_log_round30_20260720_152948.103301281.log
[Round 6] PASS
[Round 6] Removed passed log: /home/zaxy/studyspace/projects/6.5840/src/debug_log/debug_log_round6_20260720_152840.370431688.log
[Round 31] Starting, log: /home/zaxy/studyspace/projects/6.5840/src/debug_log/debug_log_round31_20260720_152948.121357433.log
[Round 7] PASS
[Round 7] Removed passed log: /home/zaxy/studyspace/projects/6.5840/src/debug_log/debug_log_round7_20260720_152840.371615812.log
[Round 32] Starting, log: /home/zaxy/studyspace/projects/6.5840/src/debug_log/debug_log_round32_20260720_152948.143602404.log
[Round 8] PASS
[Round 8] Removed passed log: /home/zaxy/studyspace/projects/6.5840/src/debug_log/debug_log_round8_20260720_152840.372897510.log
[Round 33] Starting, log: /home/zaxy/studyspace/projects/6.5840/src/debug_log/debug_log_round33_20260720_152948.168194123.log
[Round 9] PASS
[Round 9] Removed passed log: /home/zaxy/studyspace/projects/6.5840/src/debug_log/debug_log_round9_20260720_152840.374053061.log
[Round 34] Starting, log: /home/zaxy/studyspace/projects/6.5840/src/debug_log/debug_log_round34_20260720_152948.190736099.log
[Round 10] PASS
[Round 10] Removed passed log: /home/zaxy/studyspace/projects/6.5840/src/debug_log/debug_log_round10_20260720_152840.375311536.log
[Round 35] Starting, log: /home/zaxy/studyspace/projects/6.5840/src/debug_log/debug_log_round35_20260720_152948.213578972.log
[Round 11] PASS
[Round 11] Removed passed log: /home/zaxy/studyspace/projects/6.5840/src/debug_log/debug_log_round11_20260720_152840.376524756.log
[Round 36] Starting, log: /home/zaxy/studyspace/projects/6.5840/src/debug_log/debug_log_round36_20260720_152948.237403754.log
[Round 12] PASS
[Round 12] Removed passed log: /home/zaxy/studyspace/projects/6.5840/src/debug_log/debug_log_round12_20260720_152840.377604483.log
[Round 37] Starting, log: /home/zaxy/studyspace/projects/6.5840/src/debug_log/debug_log_round37_20260720_152948.262817333.log
[Round 13] PASS
[Round 13] Removed passed log: /home/zaxy/studyspace/projects/6.5840/src/debug_log/debug_log_round13_20260720_152840.379169847.log
[Round 38] Starting, log: /home/zaxy/studyspace/projects/6.5840/src/debug_log/debug_log_round38_20260720_152948.947276831.log
[Round 14] PASS
[Round 14] Removed passed log: /home/zaxy/studyspace/projects/6.5840/src/debug_log/debug_log_round14_20260720_152840.380310559.log
[Round 39] Starting, log: /home/zaxy/studyspace/projects/6.5840/src/debug_log/debug_log_round39_20260720_152948.963115249.log
[Round 15] PASS
[Round 15] Removed passed log: /home/zaxy/studyspace/projects/6.5840/src/debug_log/debug_log_round15_20260720_152840.381563594.log
[Round 40] Starting, log: /home/zaxy/studyspace/projects/6.5840/src/debug_log/debug_log_round40_20260720_152948.978246162.log
[Round 16] PASS
[Round 16] Removed passed log: /home/zaxy/studyspace/projects/6.5840/src/debug_log/debug_log_round16_20260720_152840.382900832.log
[Round 41] Starting, log: /home/zaxy/studyspace/projects/6.5840/src/debug_log/debug_log_round41_20260720_152948.992103327.log
[Round 17] PASS
[Round 17] Removed passed log: /home/zaxy/studyspace/projects/6.5840/src/debug_log/debug_log_round17_20260720_152840.384390363.log
[Round 42] Starting, log: /home/zaxy/studyspace/projects/6.5840/src/debug_log/debug_log_round42_20260720_152949.012056504.log
[Round 18] PASS
[Round 18] Removed passed log: /home/zaxy/studyspace/projects/6.5840/src/debug_log/debug_log_round18_20260720_152840.385621446.log
[Round 43] Starting, log: /home/zaxy/studyspace/projects/6.5840/src/debug_log/debug_log_round43_20260720_152949.034510349.log
[Round 19] PASS
[Round 19] Removed passed log: /home/zaxy/studyspace/projects/6.5840/src/debug_log/debug_log_round19_20260720_152840.386883973.log
[Round 44] Starting, log: /home/zaxy/studyspace/projects/6.5840/src/debug_log/debug_log_round44_20260720_152949.059555237.log
[Round 20] PASS
[Round 20] Removed passed log: /home/zaxy/studyspace/projects/6.5840/src/debug_log/debug_log_round20_20260720_152840.388129254.log
[Round 45] Starting, log: /home/zaxy/studyspace/projects/6.5840/src/debug_log/debug_log_round45_20260720_152949.082020428.log
[Round 21] PASS
[Round 21] Removed passed log: /home/zaxy/studyspace/projects/6.5840/src/debug_log/debug_log_round21_20260720_152840.389255278.log
[Round 46] Starting, log: /home/zaxy/studyspace/projects/6.5840/src/debug_log/debug_log_round46_20260720_152949.110611051.log
[Round 22] PASS
[Round 22] Removed passed log: /home/zaxy/studyspace/projects/6.5840/src/debug_log/debug_log_round22_20260720_152840.390600446.log
[Round 47] Starting, log: /home/zaxy/studyspace/projects/6.5840/src/debug_log/debug_log_round47_20260720_152949.137036299.log
[Round 23] PASS
[Round 23] Removed passed log: /home/zaxy/studyspace/projects/6.5840/src/debug_log/debug_log_round23_20260720_152840.391962317.log
[Round 48] Starting, log: /home/zaxy/studyspace/projects/6.5840/src/debug_log/debug_log_round48_20260720_152949.160751196.log
[Round 24] PASS
[Round 24] Removed passed log: /home/zaxy/studyspace/projects/6.5840/src/debug_log/debug_log_round24_20260720_152840.393140139.log
[Round 49] Starting, log: /home/zaxy/studyspace/projects/6.5840/src/debug_log/debug_log_round49_20260720_152949.188337441.log
[Round 25] PASS
[Round 25] Removed passed log: /home/zaxy/studyspace/projects/6.5840/src/debug_log/debug_log_round25_20260720_152840.394230557.log
[Round 50] Starting, log: /home/zaxy/studyspace/projects/6.5840/src/debug_log/debug_log_round50_20260720_152949.222999921.log
[Round 26] PASS
[Round 26] Removed passed log: /home/zaxy/studyspace/projects/6.5840/src/debug_log/debug_log_round26_20260720_152942.870731629.log
[Round 51] Starting, log: /home/zaxy/studyspace/projects/6.5840/src/debug_log/debug_log_round51_20260720_153043.165497017.log
[Round 27] PASS
[Round 27] Removed passed log: /home/zaxy/studyspace/projects/6.5840/src/debug_log/debug_log_round27_20260720_152948.061429922.log
[Round 52] Starting, log: /home/zaxy/studyspace/projects/6.5840/src/debug_log/debug_log_round52_20260720_153049.966580013.log
[Round 28] PASS
[Round 28] Removed passed log: /home/zaxy/studyspace/projects/6.5840/src/debug_log/debug_log_round28_20260720_152948.075217306.log
[Round 53] Starting, log: /home/zaxy/studyspace/projects/6.5840/src/debug_log/debug_log_round53_20260720_153049.980406862.log
[Round 29] PASS
[Round 29] Removed passed log: /home/zaxy/studyspace/projects/6.5840/src/debug_log/debug_log_round29_20260720_152948.088813378.log
[Round 54] Starting, log: /home/zaxy/studyspace/projects/6.5840/src/debug_log/debug_log_round54_20260720_153049.994260081.log
[Round 30] PASS
[Round 30] Removed passed log: /home/zaxy/studyspace/projects/6.5840/src/debug_log/debug_log_round30_20260720_152948.103301281.log
[Round 55] Starting, log: /home/zaxy/studyspace/projects/6.5840/src/debug_log/debug_log_round55_20260720_153050.289707052.log
[Round 31] PASS
[Round 31] Removed passed log: /home/zaxy/studyspace/projects/6.5840/src/debug_log/debug_log_round31_20260720_152948.121357433.log
[Round 56] Starting, log: /home/zaxy/studyspace/projects/6.5840/src/debug_log/debug_log_round56_20260720_153050.304374959.log
[Round 32] PASS
[Round 32] Removed passed log: /home/zaxy/studyspace/projects/6.5840/src/debug_log/debug_log_round32_20260720_152948.143602404.log
[Round 57] Starting, log: /home/zaxy/studyspace/projects/6.5840/src/debug_log/debug_log_round57_20260720_153050.322351034.log
[Round 33] PASS
[Round 33] Removed passed log: /home/zaxy/studyspace/projects/6.5840/src/debug_log/debug_log_round33_20260720_152948.168194123.log
[Round 58] Starting, log: /home/zaxy/studyspace/projects/6.5840/src/debug_log/debug_log_round58_20260720_153050.921978549.log
[Round 34] PASS
[Round 34] Removed passed log: /home/zaxy/studyspace/projects/6.5840/src/debug_log/debug_log_round34_20260720_152948.190736099.log
[Round 59] Starting, log: /home/zaxy/studyspace/projects/6.5840/src/debug_log/debug_log_round59_20260720_153050.937512821.log
[Round 35] PASS
[Round 35] Removed passed log: /home/zaxy/studyspace/projects/6.5840/src/debug_log/debug_log_round35_20260720_152948.213578972.log
[Round 60] Starting, log: /home/zaxy/studyspace/projects/6.5840/src/debug_log/debug_log_round60_20260720_153050.952514298.log
[Round 36] PASS
[Round 36] Removed passed log: /home/zaxy/studyspace/projects/6.5840/src/debug_log/debug_log_round36_20260720_152948.237403754.log
[Round 61] Starting, log: /home/zaxy/studyspace/projects/6.5840/src/debug_log/debug_log_round61_20260720_153052.063623218.log
[Round 37] PASS
[Round 37] Removed passed log: /home/zaxy/studyspace/projects/6.5840/src/debug_log/debug_log_round37_20260720_152948.262817333.log
[Round 62] Starting, log: /home/zaxy/studyspace/projects/6.5840/src/debug_log/debug_log_round62_20260720_153052.077477040.log
[Round 38] PASS
[Round 38] Removed passed log: /home/zaxy/studyspace/projects/6.5840/src/debug_log/debug_log_round38_20260720_152948.947276831.log
[Round 63] Starting, log: /home/zaxy/studyspace/projects/6.5840/src/debug_log/debug_log_round63_20260720_153052.376259713.log
[Round 39] PASS
[Round 39] Removed passed log: /home/zaxy/studyspace/projects/6.5840/src/debug_log/debug_log_round39_20260720_152948.963115249.log
[Round 64] Starting, log: /home/zaxy/studyspace/projects/6.5840/src/debug_log/debug_log_round64_20260720_153052.619316989.log
[Round 40] PASS
[Round 40] Removed passed log: /home/zaxy/studyspace/projects/6.5840/src/debug_log/debug_log_round40_20260720_152948.978246162.log
[Round 65] Starting, log: /home/zaxy/studyspace/projects/6.5840/src/debug_log/debug_log_round65_20260720_153052.634839125.log
[Round 41] PASS
[Round 41] Removed passed log: /home/zaxy/studyspace/projects/6.5840/src/debug_log/debug_log_round41_20260720_152948.992103327.log
[Round 66] Starting, log: /home/zaxy/studyspace/projects/6.5840/src/debug_log/debug_log_round66_20260720_153052.649032193.log
[Round 42] PASS
[Round 42] Removed passed log: /home/zaxy/studyspace/projects/6.5840/src/debug_log/debug_log_round42_20260720_152949.012056504.log
[Round 67] Starting, log: /home/zaxy/studyspace/projects/6.5840/src/debug_log/debug_log_round67_20260720_153052.663968993.log
[Round 43] PASS
[Round 43] Removed passed log: /home/zaxy/studyspace/projects/6.5840/src/debug_log/debug_log_round43_20260720_152949.034510349.log
[Round 68] Starting, log: /home/zaxy/studyspace/projects/6.5840/src/debug_log/debug_log_round68_20260720_153052.688742472.log
[Round 44] PASS
[Round 44] Removed passed log: /home/zaxy/studyspace/projects/6.5840/src/debug_log/debug_log_round44_20260720_152949.059555237.log
[Round 69] Starting, log: /home/zaxy/studyspace/projects/6.5840/src/debug_log/debug_log_round69_20260720_153052.712871501.log
[Round 45] PASS
[Round 45] Removed passed log: /home/zaxy/studyspace/projects/6.5840/src/debug_log/debug_log_round45_20260720_152949.082020428.log
[Round 70] Starting, log: /home/zaxy/studyspace/projects/6.5840/src/debug_log/debug_log_round70_20260720_153052.739659876.log
[Round 46] PASS
[Round 46] Removed passed log: /home/zaxy/studyspace/projects/6.5840/src/debug_log/debug_log_round46_20260720_152949.110611051.log
[Round 71] Starting, log: /home/zaxy/studyspace/projects/6.5840/src/debug_log/debug_log_round71_20260720_153053.520611037.log
[Round 47] PASS
[Round 47] Removed passed log: /home/zaxy/studyspace/projects/6.5840/src/debug_log/debug_log_round47_20260720_152949.137036299.log
[Round 72] Starting, log: /home/zaxy/studyspace/projects/6.5840/src/debug_log/debug_log_round72_20260720_153053.539670171.log
[Round 48] PASS
[Round 48] Removed passed log: /home/zaxy/studyspace/projects/6.5840/src/debug_log/debug_log_round48_20260720_152949.160751196.log
[Round 73] Starting, log: /home/zaxy/studyspace/projects/6.5840/src/debug_log/debug_log_round73_20260720_153053.557627916.log
[Round 49] PASS
[Round 49] Removed passed log: /home/zaxy/studyspace/projects/6.5840/src/debug_log/debug_log_round49_20260720_152949.188337441.log
[Round 74] Starting, log: /home/zaxy/studyspace/projects/6.5840/src/debug_log/debug_log_round74_20260720_153053.575835362.log
[Round 50] PASS
[Round 50] Removed passed log: /home/zaxy/studyspace/projects/6.5840/src/debug_log/debug_log_round50_20260720_152949.222999921.log
[Round 75] Starting, log: /home/zaxy/studyspace/projects/6.5840/src/debug_log/debug_log_round75_20260720_153053.600442968.log
[Round 51] PASS
[Round 51] Removed passed log: /home/zaxy/studyspace/projects/6.5840/src/debug_log/debug_log_round51_20260720_153043.165497017.log
[Round 76] Starting, log: /home/zaxy/studyspace/projects/6.5840/src/debug_log/debug_log_round76_20260720_153142.295280287.log
[Round 52] PASS
[Round 52] Removed passed log: /home/zaxy/studyspace/projects/6.5840/src/debug_log/debug_log_round52_20260720_153049.966580013.log
[Round 77] Starting, log: /home/zaxy/studyspace/projects/6.5840/src/debug_log/debug_log_round77_20260720_153150.727809769.log
[Round 53] PASS
[Round 53] Removed passed log: /home/zaxy/studyspace/projects/6.5840/src/debug_log/debug_log_round53_20260720_153049.980406862.log
[Round 78] Starting, log: /home/zaxy/studyspace/projects/6.5840/src/debug_log/debug_log_round78_20260720_153153.443135616.log
[Round 54] PASS
[Round 54] Removed passed log: /home/zaxy/studyspace/projects/6.5840/src/debug_log/debug_log_round54_20260720_153049.994260081.log
[Round 79] Starting, log: /home/zaxy/studyspace/projects/6.5840/src/debug_log/debug_log_round79_20260720_153153.457610287.log
[Round 55] PASS
[Round 55] Removed passed log: /home/zaxy/studyspace/projects/6.5840/src/debug_log/debug_log_round55_20260720_153050.289707052.log
[Round 80] Starting, log: /home/zaxy/studyspace/projects/6.5840/src/debug_log/debug_log_round80_20260720_153153.471362198.log
[Round 56] PASS
[Round 56] Removed passed log: /home/zaxy/studyspace/projects/6.5840/src/debug_log/debug_log_round56_20260720_153050.304374959.log
[Round 81] Starting, log: /home/zaxy/studyspace/projects/6.5840/src/debug_log/debug_log_round81_20260720_153153.485508533.log
[Round 57] PASS
[Round 57] Removed passed log: /home/zaxy/studyspace/projects/6.5840/src/debug_log/debug_log_round57_20260720_153050.322351034.log
[Round 82] Starting, log: /home/zaxy/studyspace/projects/6.5840/src/debug_log/debug_log_round82_20260720_153153.503480316.log
[Round 58] PASS
[Round 58] Removed passed log: /home/zaxy/studyspace/projects/6.5840/src/debug_log/debug_log_round58_20260720_153050.921978549.log
[Round 83] Starting, log: /home/zaxy/studyspace/projects/6.5840/src/debug_log/debug_log_round83_20260720_153153.527664981.log
[Round 59] PASS
[Round 59] Removed passed log: /home/zaxy/studyspace/projects/6.5840/src/debug_log/debug_log_round59_20260720_153050.937512821.log
[Round 84] Starting, log: /home/zaxy/studyspace/projects/6.5840/src/debug_log/debug_log_round84_20260720_153153.551755488.log
[Round 60] PASS
[Round 60] Removed passed log: /home/zaxy/studyspace/projects/6.5840/src/debug_log/debug_log_round60_20260720_153050.952514298.log
[Round 85] Starting, log: /home/zaxy/studyspace/projects/6.5840/src/debug_log/debug_log_round85_20260720_153153.576252648.log
[Round 61] PASS
[Round 61] Removed passed log: /home/zaxy/studyspace/projects/6.5840/src/debug_log/debug_log_round61_20260720_153052.063623218.log
[Round 86] Starting, log: /home/zaxy/studyspace/projects/6.5840/src/debug_log/debug_log_round86_20260720_153153.603526657.log
[Round 62] PASS
[Round 62] Removed passed log: /home/zaxy/studyspace/projects/6.5840/src/debug_log/debug_log_round62_20260720_153052.077477040.log
[Round 87] Starting, log: /home/zaxy/studyspace/projects/6.5840/src/debug_log/debug_log_round87_20260720_153153.628472468.log
[Round 63] PASS
[Round 63] Removed passed log: /home/zaxy/studyspace/projects/6.5840/src/debug_log/debug_log_round63_20260720_153052.376259713.log
[Round 88] Starting, log: /home/zaxy/studyspace/projects/6.5840/src/debug_log/debug_log_round88_20260720_153153.653445951.log
[Round 64] PASS
[Round 64] Removed passed log: /home/zaxy/studyspace/projects/6.5840/src/debug_log/debug_log_round64_20260720_153052.619316989.log
[Round 89] Starting, log: /home/zaxy/studyspace/projects/6.5840/src/debug_log/debug_log_round89_20260720_153153.681187041.log
[Round 65] PASS
[Round 65] Removed passed log: /home/zaxy/studyspace/projects/6.5840/src/debug_log/debug_log_round65_20260720_153052.634839125.log
[Round 90] Starting, log: /home/zaxy/studyspace/projects/6.5840/src/debug_log/debug_log_round90_20260720_153155.491849538.log
[Round 66] PASS
[Round 66] Removed passed log: /home/zaxy/studyspace/projects/6.5840/src/debug_log/debug_log_round66_20260720_153052.649032193.log
[Round 91] Starting, log: /home/zaxy/studyspace/projects/6.5840/src/debug_log/debug_log_round91_20260720_153155.506862273.log
[Round 67] PASS
[Round 67] Removed passed log: /home/zaxy/studyspace/projects/6.5840/src/debug_log/debug_log_round67_20260720_153052.663968993.log
[Round 92] Starting, log: /home/zaxy/studyspace/projects/6.5840/src/debug_log/debug_log_round92_20260720_153155.521166561.log
[Round 68] PASS
[Round 68] Removed passed log: /home/zaxy/studyspace/projects/6.5840/src/debug_log/debug_log_round68_20260720_153052.688742472.log
[Round 93] Starting, log: /home/zaxy/studyspace/projects/6.5840/src/debug_log/debug_log_round93_20260720_153155.536442343.log
[Round 69] PASS
[Round 69] Removed passed log: /home/zaxy/studyspace/projects/6.5840/src/debug_log/debug_log_round69_20260720_153052.712871501.log
[Round 94] Starting, log: /home/zaxy/studyspace/projects/6.5840/src/debug_log/debug_log_round94_20260720_153155.554577739.log
[Round 70] PASS
[Round 70] Removed passed log: /home/zaxy/studyspace/projects/6.5840/src/debug_log/debug_log_round70_20260720_153052.739659876.log
[Round 95] Starting, log: /home/zaxy/studyspace/projects/6.5840/src/debug_log/debug_log_round95_20260720_153155.575805860.log
[Round 71] PASS
[Round 71] Removed passed log: /home/zaxy/studyspace/projects/6.5840/src/debug_log/debug_log_round71_20260720_153053.520611037.log
[Round 96] Starting, log: /home/zaxy/studyspace/projects/6.5840/src/debug_log/debug_log_round96_20260720_153155.598045261.log
[Round 72] PASS
[Round 72] Removed passed log: /home/zaxy/studyspace/projects/6.5840/src/debug_log/debug_log_round72_20260720_153053.539670171.log
[Round 97] Starting, log: /home/zaxy/studyspace/projects/6.5840/src/debug_log/debug_log_round97_20260720_153155.985572440.log
[Round 73] PASS
[Round 73] Removed passed log: /home/zaxy/studyspace/projects/6.5840/src/debug_log/debug_log_round73_20260720_153053.557627916.log
[Round 98] Starting, log: /home/zaxy/studyspace/projects/6.5840/src/debug_log/debug_log_round98_20260720_153156.001310504.log
[Round 74] PASS
[Round 74] Removed passed log: /home/zaxy/studyspace/projects/6.5840/src/debug_log/debug_log_round74_20260720_153053.575835362.log
[Round 99] Starting, log: /home/zaxy/studyspace/projects/6.5840/src/debug_log/debug_log_round99_20260720_153156.017707974.log
[Round 75] PASS
[Round 75] Removed passed log: /home/zaxy/studyspace/projects/6.5840/src/debug_log/debug_log_round75_20260720_153053.600442968.log
[Round 100] Starting, log: /home/zaxy/studyspace/projects/6.5840/src/debug_log/debug_log_round100_20260720_153156.034867028.log
[Round 76] PASS
[Round 76] Removed passed log: /home/zaxy/studyspace/projects/6.5840/src/debug_log/debug_log_round76_20260720_153142.295280287.log
[Round 101] Starting, log: /home/zaxy/studyspace/projects/6.5840/src/debug_log/debug_log_round101_20260720_153239.694206955.log
[Round 77] PASS
[Round 77] Removed passed log: /home/zaxy/studyspace/projects/6.5840/src/debug_log/debug_log_round77_20260720_153150.727809769.log
[Round 102] Starting, log: /home/zaxy/studyspace/projects/6.5840/src/debug_log/debug_log_round102_20260720_153250.041091552.log
[Round 78] PASS
[Round 78] Removed passed log: /home/zaxy/studyspace/projects/6.5840/src/debug_log/debug_log_round78_20260720_153153.443135616.log
[Round 103] Starting, log: /home/zaxy/studyspace/projects/6.5840/src/debug_log/debug_log_round103_20260720_153252.310371225.log
[Round 79] PASS
[Round 79] Removed passed log: /home/zaxy/studyspace/projects/6.5840/src/debug_log/debug_log_round79_20260720_153153.457610287.log
[Round 104] Starting, log: /home/zaxy/studyspace/projects/6.5840/src/debug_log/debug_log_round104_20260720_153253.348516021.log
[Round 80] PASS
[Round 80] Removed passed log: /home/zaxy/studyspace/projects/6.5840/src/debug_log/debug_log_round80_20260720_153153.471362198.log
[Round 105] Starting, log: /home/zaxy/studyspace/projects/6.5840/src/debug_log/debug_log_round105_20260720_153254.629413157.log
[Round 81] PASS
[Round 81] Removed passed log: /home/zaxy/studyspace/projects/6.5840/src/debug_log/debug_log_round81_20260720_153153.485508533.log
[Round 106] Starting, log: /home/zaxy/studyspace/projects/6.5840/src/debug_log/debug_log_round106_20260720_153256.214895302.log
[Round 82] PASS
[Round 82] Removed passed log: /home/zaxy/studyspace/projects/6.5840/src/debug_log/debug_log_round82_20260720_153153.503480316.log
[Round 107] Starting, log: /home/zaxy/studyspace/projects/6.5840/src/debug_log/debug_log_round107_20260720_153256.229015353.log
[Round 83] PASS
[Round 83] Removed passed log: /home/zaxy/studyspace/projects/6.5840/src/debug_log/debug_log_round83_20260720_153153.527664981.log
[Round 108] Starting, log: /home/zaxy/studyspace/projects/6.5840/src/debug_log/debug_log_round108_20260720_153256.242824896.log
[Round 84] PASS
[Round 84] Removed passed log: /home/zaxy/studyspace/projects/6.5840/src/debug_log/debug_log_round84_20260720_153153.551755488.log
[Round 109] Starting, log: /home/zaxy/studyspace/projects/6.5840/src/debug_log/debug_log_round109_20260720_153256.256688999.log
[Round 85] PASS
[Round 85] Removed passed log: /home/zaxy/studyspace/projects/6.5840/src/debug_log/debug_log_round85_20260720_153153.576252648.log
[Round 110] Starting, log: /home/zaxy/studyspace/projects/6.5840/src/debug_log/debug_log_round110_20260720_153256.276609130.log
[Round 86] PASS
[Round 86] Removed passed log: /home/zaxy/studyspace/projects/6.5840/src/debug_log/debug_log_round86_20260720_153153.603526657.log
[Round 111] Starting, log: /home/zaxy/studyspace/projects/6.5840/src/debug_log/debug_log_round111_20260720_153256.297984924.log
[Round 87] PASS
[Round 87] Removed passed log: /home/zaxy/studyspace/projects/6.5840/src/debug_log/debug_log_round87_20260720_153153.628472468.log
[Round 112] Starting, log: /home/zaxy/studyspace/projects/6.5840/src/debug_log/debug_log_round112_20260720_153256.322637508.log
[Round 88] PASS
[Round 88] Removed passed log: /home/zaxy/studyspace/projects/6.5840/src/debug_log/debug_log_round88_20260720_153153.653445951.log
[Round 113] Starting, log: /home/zaxy/studyspace/projects/6.5840/src/debug_log/debug_log_round113_20260720_153256.345594170.log
[Round 89] PASS
[Round 89] Removed passed log: /home/zaxy/studyspace/projects/6.5840/src/debug_log/debug_log_round89_20260720_153153.681187041.log
[Round 114] Starting, log: /home/zaxy/studyspace/projects/6.5840/src/debug_log/debug_log_round114_20260720_153256.367362411.log
[Round 90] PASS
[Round 90] Removed passed log: /home/zaxy/studyspace/projects/6.5840/src/debug_log/debug_log_round90_20260720_153155.491849538.log
[Round 115] Starting, log: /home/zaxy/studyspace/projects/6.5840/src/debug_log/debug_log_round115_20260720_153256.875353702.log
[Round 91] PASS
[Round 91] Removed passed log: /home/zaxy/studyspace/projects/6.5840/src/debug_log/debug_log_round91_20260720_153155.506862273.log
[Round 116] Starting, log: /home/zaxy/studyspace/projects/6.5840/src/debug_log/debug_log_round116_20260720_153257.375998413.log
[Round 92] PASS
[Round 92] Removed passed log: /home/zaxy/studyspace/projects/6.5840/src/debug_log/debug_log_round92_20260720_153155.521166561.log
[Round 117] Starting, log: /home/zaxy/studyspace/projects/6.5840/src/debug_log/debug_log_round117_20260720_153257.390594732.log
[Round 93] PASS
[Round 93] Removed passed log: /home/zaxy/studyspace/projects/6.5840/src/debug_log/debug_log_round93_20260720_153155.536442343.log
[Round 118] Starting, log: /home/zaxy/studyspace/projects/6.5840/src/debug_log/debug_log_round118_20260720_153257.405021258.log
[Round 94] PASS
[Round 94] Removed passed log: /home/zaxy/studyspace/projects/6.5840/src/debug_log/debug_log_round94_20260720_153155.554577739.log
[Round 119] Starting, log: /home/zaxy/studyspace/projects/6.5840/src/debug_log/debug_log_round119_20260720_153257.423141307.log
[Round 95] PASS
[Round 95] Removed passed log: /home/zaxy/studyspace/projects/6.5840/src/debug_log/debug_log_round95_20260720_153155.575805860.log
[Round 120] Starting, log: /home/zaxy/studyspace/projects/6.5840/src/debug_log/debug_log_round120_20260720_153258.345974864.log
[Round 96] PASS
[Round 96] Removed passed log: /home/zaxy/studyspace/projects/6.5840/src/debug_log/debug_log_round96_20260720_153155.598045261.log
[Round 121] Starting, log: /home/zaxy/studyspace/projects/6.5840/src/debug_log/debug_log_round121_20260720_153258.361554468.log
[Round 97] PASS
[Round 97] Removed passed log: /home/zaxy/studyspace/projects/6.5840/src/debug_log/debug_log_round97_20260720_153155.985572440.log
[Round 122] Starting, log: /home/zaxy/studyspace/projects/6.5840/src/debug_log/debug_log_round122_20260720_153258.909804083.log
[Round 98] PASS
[Round 98] Removed passed log: /home/zaxy/studyspace/projects/6.5840/src/debug_log/debug_log_round98_20260720_153156.001310504.log
[Round 123] Starting, log: /home/zaxy/studyspace/projects/6.5840/src/debug_log/debug_log_round123_20260720_153259.231483152.log
[Round 99] PASS
[Round 99] Removed passed log: /home/zaxy/studyspace/projects/6.5840/src/debug_log/debug_log_round99_20260720_153156.017707974.log
[Round 124] Starting, log: /home/zaxy/studyspace/projects/6.5840/src/debug_log/debug_log_round124_20260720_153259.248097044.log
[Round 100] PASS
[Round 100] Removed passed log: /home/zaxy/studyspace/projects/6.5840/src/debug_log/debug_log_round100_20260720_153156.034867028.log
[Round 125] Starting, log: /home/zaxy/studyspace/projects/6.5840/src/debug_log/debug_log_round125_20260720_153259.265107819.log
[Round 101] PASS
[Round 101] Removed passed log: /home/zaxy/studyspace/projects/6.5840/src/debug_log/debug_log_round101_20260720_153239.694206955.log
[Round 126] Starting, log: /home/zaxy/studyspace/projects/6.5840/src/debug_log/debug_log_round126_20260720_153340.157196542.log
[Round 102] PASS
[Round 102] Removed passed log: /home/zaxy/studyspace/projects/6.5840/src/debug_log/debug_log_round102_20260720_153250.041091552.log
[Round 127] Starting, log: /home/zaxy/studyspace/projects/6.5840/src/debug_log/debug_log_round127_20260720_153348.579539051.log
[Round 103] PASS
[Round 103] Removed passed log: /home/zaxy/studyspace/projects/6.5840/src/debug_log/debug_log_round103_20260720_153252.310371225.log
[Round 128] Starting, log: /home/zaxy/studyspace/projects/6.5840/src/debug_log/debug_log_round128_20260720_153352.729395391.log
[Round 104] PASS
[Round 104] Removed passed log: /home/zaxy/studyspace/projects/6.5840/src/debug_log/debug_log_round104_20260720_153253.348516021.log
[Round 129] Starting, log: /home/zaxy/studyspace/projects/6.5840/src/debug_log/debug_log_round129_20260720_153352.749371843.log
[Round 105] PASS
[Round 105] Removed passed log: /home/zaxy/studyspace/projects/6.5840/src/debug_log/debug_log_round105_20260720_153254.629413157.log
[Round 130] Starting, log: /home/zaxy/studyspace/projects/6.5840/src/debug_log/debug_log_round130_20260720_153354.940782330.log
[Round 106] PASS
[Round 106] Removed passed log: /home/zaxy/studyspace/projects/6.5840/src/debug_log/debug_log_round106_20260720_153256.214895302.log
[Round 131] Starting, log: /home/zaxy/studyspace/projects/6.5840/src/debug_log/debug_log_round131_20260720_153355.681999532.log
[Round 107] PASS
[Round 107] Removed passed log: /home/zaxy/studyspace/projects/6.5840/src/debug_log/debug_log_round107_20260720_153256.229015353.log
[Round 132] Starting, log: /home/zaxy/studyspace/projects/6.5840/src/debug_log/debug_log_round132_20260720_153357.197299428.log
[Round 108] PASS
[Round 108] Removed passed log: /home/zaxy/studyspace/projects/6.5840/src/debug_log/debug_log_round108_20260720_153256.242824896.log
[Round 133] Starting, log: /home/zaxy/studyspace/projects/6.5840/src/debug_log/debug_log_round133_20260720_153358.952479035.log
[Round 109] PASS
[Round 109] Removed passed log: /home/zaxy/studyspace/projects/6.5840/src/debug_log/debug_log_round109_20260720_153256.256688999.log
[Round 134] Starting, log: /home/zaxy/studyspace/projects/6.5840/src/debug_log/debug_log_round134_20260720_153358.967230263.log
[Round 110] PASS
[Round 110] Removed passed log: /home/zaxy/studyspace/projects/6.5840/src/debug_log/debug_log_round110_20260720_153256.276609130.log
[Round 135] Starting, log: /home/zaxy/studyspace/projects/6.5840/src/debug_log/debug_log_round135_20260720_153358.983852134.log
[Round 111] PASS
[Round 111] Removed passed log: /home/zaxy/studyspace/projects/6.5840/src/debug_log/debug_log_round111_20260720_153256.297984924.log
[Round 136] Starting, log: /home/zaxy/studyspace/projects/6.5840/src/debug_log/debug_log_round136_20260720_153358.997906859.log
[Round 112] PASS
[Round 112] Removed passed log: /home/zaxy/studyspace/projects/6.5840/src/debug_log/debug_log_round112_20260720_153256.322637508.log
[Round 137] Starting, log: /home/zaxy/studyspace/projects/6.5840/src/debug_log/debug_log_round137_20260720_153400.004903773.log
[Round 113] PASS
[Round 113] Removed passed log: /home/zaxy/studyspace/projects/6.5840/src/debug_log/debug_log_round113_20260720_153256.345594170.log
[Round 138] Starting, log: /home/zaxy/studyspace/projects/6.5840/src/debug_log/debug_log_round138_20260720_153400.020582014.log
[Round 114] PASS
[Round 114] Removed passed log: /home/zaxy/studyspace/projects/6.5840/src/debug_log/debug_log_round114_20260720_153256.367362411.log
[Round 139] Starting, log: /home/zaxy/studyspace/projects/6.5840/src/debug_log/debug_log_round139_20260720_153400.036232373.log
[Round 115] PASS
[Round 115] Removed passed log: /home/zaxy/studyspace/projects/6.5840/src/debug_log/debug_log_round115_20260720_153256.875353702.log
[Round 140] Starting, log: /home/zaxy/studyspace/projects/6.5840/src/debug_log/debug_log_round140_20260720_153400.053213553.log
[Round 116] PASS
[Round 116] Removed passed log: /home/zaxy/studyspace/projects/6.5840/src/debug_log/debug_log_round116_20260720_153257.375998413.log
[Round 141] Starting, log: /home/zaxy/studyspace/projects/6.5840/src/debug_log/debug_log_round141_20260720_153400.073315831.log
[Round 117] PASS
[Round 117] Removed passed log: /home/zaxy/studyspace/projects/6.5840/src/debug_log/debug_log_round117_20260720_153257.390594732.log
[Round 142] Starting, log: /home/zaxy/studyspace/projects/6.5840/src/debug_log/debug_log_round142_20260720_153400.101720895.log
[Round 118] PASS
[Round 118] Removed passed log: /home/zaxy/studyspace/projects/6.5840/src/debug_log/debug_log_round118_20260720_153257.405021258.log
[Round 143] Starting, log: /home/zaxy/studyspace/projects/6.5840/src/debug_log/debug_log_round143_20260720_153400.138329072.log
[Round 119] PASS
[Round 119] Removed passed log: /home/zaxy/studyspace/projects/6.5840/src/debug_log/debug_log_round119_20260720_153257.423141307.log
[Round 144] Starting, log: /home/zaxy/studyspace/projects/6.5840/src/debug_log/debug_log_round144_20260720_153400.165776453.log
[Round 120] PASS
[Round 120] Removed passed log: /home/zaxy/studyspace/projects/6.5840/src/debug_log/debug_log_round120_20260720_153258.345974864.log
[Round 145] Starting, log: /home/zaxy/studyspace/projects/6.5840/src/debug_log/debug_log_round145_20260720_153400.203434175.log
[Round 121] PASS
[Round 121] Removed passed log: /home/zaxy/studyspace/projects/6.5840/src/debug_log/debug_log_round121_20260720_153258.361554468.log
[Round 146] Starting, log: /home/zaxy/studyspace/projects/6.5840/src/debug_log/debug_log_round146_20260720_153400.498910898.log
[Round 122] PASS
[Round 122] Removed passed log: /home/zaxy/studyspace/projects/6.5840/src/debug_log/debug_log_round122_20260720_153258.909804083.log
[Round 147] Starting, log: /home/zaxy/studyspace/projects/6.5840/src/debug_log/debug_log_round147_20260720_153400.518842862.log
[Round 123] PASS
[Round 123] Removed passed log: /home/zaxy/studyspace/projects/6.5840/src/debug_log/debug_log_round123_20260720_153259.231483152.log
[Round 148] Starting, log: /home/zaxy/studyspace/projects/6.5840/src/debug_log/debug_log_round148_20260720_153401.845621689.log
[Round 124] PASS
[Round 124] Removed passed log: /home/zaxy/studyspace/projects/6.5840/src/debug_log/debug_log_round124_20260720_153259.248097044.log
[Round 149] Starting, log: /home/zaxy/studyspace/projects/6.5840/src/debug_log/debug_log_round149_20260720_153401.859920402.log
[Round 125] PASS
[Round 125] Removed passed log: /home/zaxy/studyspace/projects/6.5840/src/debug_log/debug_log_round125_20260720_153259.265107819.log
[Round 150] Starting, log: /home/zaxy/studyspace/projects/6.5840/src/debug_log/debug_log_round150_20260720_153401.876693689.log
[Round 126] PASS
[Round 126] Removed passed log: /home/zaxy/studyspace/projects/6.5840/src/debug_log/debug_log_round126_20260720_153340.157196542.log
[Round 151] Starting, log: /home/zaxy/studyspace/projects/6.5840/src/debug_log/debug_log_round151_20260720_153440.135909270.log
[Round 127] PASS
[Round 127] Removed passed log: /home/zaxy/studyspace/projects/6.5840/src/debug_log/debug_log_round127_20260720_153348.579539051.log
[Round 152] Starting, log: /home/zaxy/studyspace/projects/6.5840/src/debug_log/debug_log_round152_20260720_153447.577582856.log
[Round 128] PASS
[Round 128] Removed passed log: /home/zaxy/studyspace/projects/6.5840/src/debug_log/debug_log_round128_20260720_153352.729395391.log
[Round 153] Starting, log: /home/zaxy/studyspace/projects/6.5840/src/debug_log/debug_log_round153_20260720_153454.772794694.log
[Round 129] PASS
[Round 129] Removed passed log: /home/zaxy/studyspace/projects/6.5840/src/debug_log/debug_log_round129_20260720_153352.749371843.log
[Round 154] Starting, log: /home/zaxy/studyspace/projects/6.5840/src/debug_log/debug_log_round154_20260720_153454.791369231.log
[Round 130] PASS
[Round 130] Removed passed log: /home/zaxy/studyspace/projects/6.5840/src/debug_log/debug_log_round130_20260720_153354.940782330.log
[Round 155] Starting, log: /home/zaxy/studyspace/projects/6.5840/src/debug_log/debug_log_round155_20260720_153454.810606459.log
[Round 131] PASS
[Round 131] Removed passed log: /home/zaxy/studyspace/projects/6.5840/src/debug_log/debug_log_round131_20260720_153355.681999532.log
[Round 156] Starting, log: /home/zaxy/studyspace/projects/6.5840/src/debug_log/debug_log_round156_20260720_153455.591191924.log
[Round 132] PASS
[Round 132] Removed passed log: /home/zaxy/studyspace/projects/6.5840/src/debug_log/debug_log_round132_20260720_153357.197299428.log
[Round 157] Starting, log: /home/zaxy/studyspace/projects/6.5840/src/debug_log/debug_log_round157_20260720_153457.742634276.log
[Round 133] PASS
[Round 133] Removed passed log: /home/zaxy/studyspace/projects/6.5840/src/debug_log/debug_log_round133_20260720_153358.952479035.log
[Round 158] Starting, log: /home/zaxy/studyspace/projects/6.5840/src/debug_log/debug_log_round158_20260720_153458.188633194.log
[Round 134] PASS
[Round 134] Removed passed log: /home/zaxy/studyspace/projects/6.5840/src/debug_log/debug_log_round134_20260720_153358.967230263.log
[Round 159] Starting, log: /home/zaxy/studyspace/projects/6.5840/src/debug_log/debug_log_round159_20260720_153458.205294751.log
[Round 135] PASS
[Round 135] Removed passed log: /home/zaxy/studyspace/projects/6.5840/src/debug_log/debug_log_round135_20260720_153358.983852134.log
[Round 160] Starting, log: /home/zaxy/studyspace/projects/6.5840/src/debug_log/debug_log_round160_20260720_153459.853179098.log
[Round 136] PASS
[Round 136] Removed passed log: /home/zaxy/studyspace/projects/6.5840/src/debug_log/debug_log_round136_20260720_153358.997906859.log
[Round 161] Starting, log: /home/zaxy/studyspace/projects/6.5840/src/debug_log/debug_log_round161_20260720_153500.012022138.log
[Round 137] PASS
[Round 137] Removed passed log: /home/zaxy/studyspace/projects/6.5840/src/debug_log/debug_log_round137_20260720_153400.004903773.log
[Round 162] Starting, log: /home/zaxy/studyspace/projects/6.5840/src/debug_log/debug_log_round162_20260720_153502.147115757.log
[Round 138] PASS
[Round 138] Removed passed log: /home/zaxy/studyspace/projects/6.5840/src/debug_log/debug_log_round138_20260720_153400.020582014.log
[Round 163] Starting, log: /home/zaxy/studyspace/projects/6.5840/src/debug_log/debug_log_round163_20260720_153502.164039902.log
[Round 139] PASS
[Round 139] Removed passed log: /home/zaxy/studyspace/projects/6.5840/src/debug_log/debug_log_round139_20260720_153400.036232373.log
[Round 164] Starting, log: /home/zaxy/studyspace/projects/6.5840/src/debug_log/debug_log_round164_20260720_153502.180535206.log
[Round 140] PASS
[Round 140] Removed passed log: /home/zaxy/studyspace/projects/6.5840/src/debug_log/debug_log_round140_20260720_153400.053213553.log
[Round 165] Starting, log: /home/zaxy/studyspace/projects/6.5840/src/debug_log/debug_log_round165_20260720_153502.232534903.log
[Round 141] PASS
[Round 141] Removed passed log: /home/zaxy/studyspace/projects/6.5840/src/debug_log/debug_log_round141_20260720_153400.073315831.log
[Round 166] Starting, log: /home/zaxy/studyspace/projects/6.5840/src/debug_log/debug_log_round166_20260720_153502.261387078.log
[Round 142] PASS
[Round 142] Removed passed log: /home/zaxy/studyspace/projects/6.5840/src/debug_log/debug_log_round142_20260720_153400.101720895.log
[Round 167] Starting, log: /home/zaxy/studyspace/projects/6.5840/src/debug_log/debug_log_round167_20260720_153502.285492459.log
[Round 143] PASS
[Round 143] Removed passed log: /home/zaxy/studyspace/projects/6.5840/src/debug_log/debug_log_round143_20260720_153400.138329072.log
[Round 168] Starting, log: /home/zaxy/studyspace/projects/6.5840/src/debug_log/debug_log_round168_20260720_153502.307907791.log
[Round 144] PASS
[Round 144] Removed passed log: /home/zaxy/studyspace/projects/6.5840/src/debug_log/debug_log_round144_20260720_153400.165776453.log
[Round 169] Starting, log: /home/zaxy/studyspace/projects/6.5840/src/debug_log/debug_log_round169_20260720_153504.938789989.log
[Round 145] PASS
[Round 145] Removed passed log: /home/zaxy/studyspace/projects/6.5840/src/debug_log/debug_log_round145_20260720_153400.203434175.log
[Round 170] Starting, log: /home/zaxy/studyspace/projects/6.5840/src/debug_log/debug_log_round170_20260720_153504.955496407.log
[Round 146] PASS
[Round 146] Removed passed log: /home/zaxy/studyspace/projects/6.5840/src/debug_log/debug_log_round146_20260720_153400.498910898.log
[Round 171] Starting, log: /home/zaxy/studyspace/projects/6.5840/src/debug_log/debug_log_round171_20260720_153504.971229209.log
[Round 147] PASS
[Round 147] Removed passed log: /home/zaxy/studyspace/projects/6.5840/src/debug_log/debug_log_round147_20260720_153400.518842862.log
[Round 172] Starting, log: /home/zaxy/studyspace/projects/6.5840/src/debug_log/debug_log_round172_20260720_153504.988100445.log
[Round 148] PASS
[Round 148] Removed passed log: /home/zaxy/studyspace/projects/6.5840/src/debug_log/debug_log_round148_20260720_153401.845621689.log
[Round 173] Starting, log: /home/zaxy/studyspace/projects/6.5840/src/debug_log/debug_log_round173_20260720_153505.009120884.log
[Round 149] PASS
[Round 149] Removed passed log: /home/zaxy/studyspace/projects/6.5840/src/debug_log/debug_log_round149_20260720_153401.859920402.log
[Round 174] Starting, log: /home/zaxy/studyspace/projects/6.5840/src/debug_log/debug_log_round174_20260720_153505.036397767.log
[Round 150] PASS
[Round 150] Removed passed log: /home/zaxy/studyspace/projects/6.5840/src/debug_log/debug_log_round150_20260720_153401.876693689.log
[Round 175] Starting, log: /home/zaxy/studyspace/projects/6.5840/src/debug_log/debug_log_round175_20260720_153505.065043442.log
[Round 151] PASS
[Round 151] Removed passed log: /home/zaxy/studyspace/projects/6.5840/src/debug_log/debug_log_round151_20260720_153440.135909270.log
[Round 176] Starting, log: /home/zaxy/studyspace/projects/6.5840/src/debug_log/debug_log_round176_20260720_153539.444845376.log
[Round 152] PASS
[Round 152] Removed passed log: /home/zaxy/studyspace/projects/6.5840/src/debug_log/debug_log_round152_20260720_153447.577582856.log
[Round 177] Starting, log: /home/zaxy/studyspace/projects/6.5840/src/debug_log/debug_log_round177_20260720_153547.100990514.log
[Round 153] PASS
[Round 153] Removed passed log: /home/zaxy/studyspace/projects/6.5840/src/debug_log/debug_log_round153_20260720_153454.772794694.log
[Round 178] Starting, log: /home/zaxy/studyspace/projects/6.5840/src/debug_log/debug_log_round178_20260720_153557.543218550.log
[Round 154] PASS
[Round 154] Removed passed log: /home/zaxy/studyspace/projects/6.5840/src/debug_log/debug_log_round154_20260720_153454.791369231.log
[Round 179] Starting, log: /home/zaxy/studyspace/projects/6.5840/src/debug_log/debug_log_round179_20260720_153557.564617644.log
[Round 155] PASS
[Round 155] Removed passed log: /home/zaxy/studyspace/projects/6.5840/src/debug_log/debug_log_round155_20260720_153454.810606459.log
[Round 180] Starting, log: /home/zaxy/studyspace/projects/6.5840/src/debug_log/debug_log_round180_20260720_153557.582126159.log
[Round 156] PASS
[Round 156] Removed passed log: /home/zaxy/studyspace/projects/6.5840/src/debug_log/debug_log_round156_20260720_153455.591191924.log
[Round 181] Starting, log: /home/zaxy/studyspace/projects/6.5840/src/debug_log/debug_log_round181_20260720_153557.604239919.log
[Round 157] PASS
[Round 157] Removed passed log: /home/zaxy/studyspace/projects/6.5840/src/debug_log/debug_log_round157_20260720_153457.742634276.log
[Round 182] Starting, log: /home/zaxy/studyspace/projects/6.5840/src/debug_log/debug_log_round182_20260720_153557.626928551.log
[Round 158] PASS
[Round 158] Removed passed log: /home/zaxy/studyspace/projects/6.5840/src/debug_log/debug_log_round158_20260720_153458.188633194.log
[Round 183] Starting, log: /home/zaxy/studyspace/projects/6.5840/src/debug_log/debug_log_round183_20260720_153559.501337815.log
[Round 159] PASS
[Round 159] Removed passed log: /home/zaxy/studyspace/projects/6.5840/src/debug_log/debug_log_round159_20260720_153458.205294751.log
[Round 184] Starting, log: /home/zaxy/studyspace/projects/6.5840/src/debug_log/debug_log_round184_20260720_153600.226027473.log
[Round 160] PASS
[Round 160] Removed passed log: /home/zaxy/studyspace/projects/6.5840/src/debug_log/debug_log_round160_20260720_153459.853179098.log
[Round 185] Starting, log: /home/zaxy/studyspace/projects/6.5840/src/debug_log/debug_log_round185_20260720_153600.241662972.log
[Round 161] PASS
[Round 161] Removed passed log: /home/zaxy/studyspace/projects/6.5840/src/debug_log/debug_log_round161_20260720_153500.012022138.log
[Round 186] Starting, log: /home/zaxy/studyspace/projects/6.5840/src/debug_log/debug_log_round186_20260720_153600.257232706.log
[Round 162] PASS
[Round 162] Removed passed log: /home/zaxy/studyspace/projects/6.5840/src/debug_log/debug_log_round162_20260720_153502.147115757.log
[Round 187] Starting, log: /home/zaxy/studyspace/projects/6.5840/src/debug_log/debug_log_round187_20260720_153601.410065447.log
[Round 163] PASS
[Round 163] Removed passed log: /home/zaxy/studyspace/projects/6.5840/src/debug_log/debug_log_round163_20260720_153502.164039902.log
[Round 188] Starting, log: /home/zaxy/studyspace/projects/6.5840/src/debug_log/debug_log_round188_20260720_153602.188119710.log
[Round 164] PASS
[Round 164] Removed passed log: /home/zaxy/studyspace/projects/6.5840/src/debug_log/debug_log_round164_20260720_153502.180535206.log
[Round 189] Starting, log: /home/zaxy/studyspace/projects/6.5840/src/debug_log/debug_log_round189_20260720_153603.941364665.log
[Round 165] PASS
[Round 165] Removed passed log: /home/zaxy/studyspace/projects/6.5840/src/debug_log/debug_log_round165_20260720_153502.232534903.log
[Round 190] Starting, log: /home/zaxy/studyspace/projects/6.5840/src/debug_log/debug_log_round190_20260720_153603.955341763.log
[Round 166] PASS
[Round 166] Removed passed log: /home/zaxy/studyspace/projects/6.5840/src/debug_log/debug_log_round166_20260720_153502.261387078.log
[Round 191] Starting, log: /home/zaxy/studyspace/projects/6.5840/src/debug_log/debug_log_round191_20260720_153603.969251778.log
[Round 167] PASS
[Round 167] Removed passed log: /home/zaxy/studyspace/projects/6.5840/src/debug_log/debug_log_round167_20260720_153502.285492459.log
[Round 192] Starting, log: /home/zaxy/studyspace/projects/6.5840/src/debug_log/debug_log_round192_20260720_153603.985213746.log
[Round 168] PASS
[Round 168] Removed passed log: /home/zaxy/studyspace/projects/6.5840/src/debug_log/debug_log_round168_20260720_153502.307907791.log
[Round 193] Starting, log: /home/zaxy/studyspace/projects/6.5840/src/debug_log/debug_log_round193_20260720_153604.008455403.log
[Round 169] PASS
[Round 169] Removed passed log: /home/zaxy/studyspace/projects/6.5840/src/debug_log/debug_log_round169_20260720_153504.938789989.log
[Round 194] Starting, log: /home/zaxy/studyspace/projects/6.5840/src/debug_log/debug_log_round194_20260720_153604.031363730.log
[Round 170] PASS
[Round 170] Removed passed log: /home/zaxy/studyspace/projects/6.5840/src/debug_log/debug_log_round170_20260720_153504.955496407.log
[Round 195] Starting, log: /home/zaxy/studyspace/projects/6.5840/src/debug_log/debug_log_round195_20260720_153607.466031731.log
[Round 171] PASS
[Round 171] Removed passed log: /home/zaxy/studyspace/projects/6.5840/src/debug_log/debug_log_round171_20260720_153504.971229209.log
[Round 196] Starting, log: /home/zaxy/studyspace/projects/6.5840/src/debug_log/debug_log_round196_20260720_153607.480563578.log
[Round 172] PASS
[Round 172] Removed passed log: /home/zaxy/studyspace/projects/6.5840/src/debug_log/debug_log_round172_20260720_153504.988100445.log
[Round 197] Starting, log: /home/zaxy/studyspace/projects/6.5840/src/debug_log/debug_log_round197_20260720_153607.494938319.log
[Round 173] PASS
[Round 173] Removed passed log: /home/zaxy/studyspace/projects/6.5840/src/debug_log/debug_log_round173_20260720_153505.009120884.log
[Round 198] Starting, log: /home/zaxy/studyspace/projects/6.5840/src/debug_log/debug_log_round198_20260720_153607.510253228.log
[Round 174] PASS
[Round 174] Removed passed log: /home/zaxy/studyspace/projects/6.5840/src/debug_log/debug_log_round174_20260720_153505.036397767.log
[Round 199] Starting, log: /home/zaxy/studyspace/projects/6.5840/src/debug_log/debug_log_round199_20260720_153607.531834027.log
[Round 175] PASS
[Round 175] Removed passed log: /home/zaxy/studyspace/projects/6.5840/src/debug_log/debug_log_round175_20260720_153505.065043442.log
[Round 200] Starting, log: /home/zaxy/studyspace/projects/6.5840/src/debug_log/debug_log_round200_20260720_153607.554222146.log
[Round 176] PASS
[Round 176] Removed passed log: /home/zaxy/studyspace/projects/6.5840/src/debug_log/debug_log_round176_20260720_153539.444845376.log
[Round 201] Starting, log: /home/zaxy/studyspace/projects/6.5840/src/debug_log/debug_log_round201_20260720_153639.803541277.log
[Round 177] PASS
[Round 177] Removed passed log: /home/zaxy/studyspace/projects/6.5840/src/debug_log/debug_log_round177_20260720_153547.100990514.log
[Round 202] Starting, log: /home/zaxy/studyspace/projects/6.5840/src/debug_log/debug_log_round202_20260720_153647.592495253.log
[Round 178] PASS
[Round 178] Removed passed log: /home/zaxy/studyspace/projects/6.5840/src/debug_log/debug_log_round178_20260720_153557.543218550.log
[Round 203] Starting, log: /home/zaxy/studyspace/projects/6.5840/src/debug_log/debug_log_round203_20260720_153656.140283211.log
[Round 179] PASS
[Round 179] Removed passed log: /home/zaxy/studyspace/projects/6.5840/src/debug_log/debug_log_round179_20260720_153557.564617644.log
[Round 204] Starting, log: /home/zaxy/studyspace/projects/6.5840/src/debug_log/debug_log_round204_20260720_153659.525434182.log
[Round 180] PASS
[Round 180] Removed passed log: /home/zaxy/studyspace/projects/6.5840/src/debug_log/debug_log_round180_20260720_153557.582126159.log
[Round 205] Starting, log: /home/zaxy/studyspace/projects/6.5840/src/debug_log/debug_log_round205_20260720_153659.540206152.log
[Round 181] PASS
[Round 181] Removed passed log: /home/zaxy/studyspace/projects/6.5840/src/debug_log/debug_log_round181_20260720_153557.604239919.log
[Round 206] Starting, log: /home/zaxy/studyspace/projects/6.5840/src/debug_log/debug_log_round206_20260720_153659.556325228.log
[Round 182] PASS
[Round 182] Removed passed log: /home/zaxy/studyspace/projects/6.5840/src/debug_log/debug_log_round182_20260720_153557.626928551.log
[Round 207] Starting, log: /home/zaxy/studyspace/projects/6.5840/src/debug_log/debug_log_round207_20260720_153659.574344351.log
[Round 183] PASS
[Round 183] Removed passed log: /home/zaxy/studyspace/projects/6.5840/src/debug_log/debug_log_round183_20260720_153559.501337815.log
[Round 208] Starting, log: /home/zaxy/studyspace/projects/6.5840/src/debug_log/debug_log_round208_20260720_153659.599513917.log
[Round 184] PASS
[Round 184] Removed passed log: /home/zaxy/studyspace/projects/6.5840/src/debug_log/debug_log_round184_20260720_153600.226027473.log
[Round 209] Starting, log: /home/zaxy/studyspace/projects/6.5840/src/debug_log/debug_log_round209_20260720_153702.069620658.log
[Round 185] PASS
[Round 185] Removed passed log: /home/zaxy/studyspace/projects/6.5840/src/debug_log/debug_log_round185_20260720_153600.241662972.log
[Round 210] Starting, log: /home/zaxy/studyspace/projects/6.5840/src/debug_log/debug_log_round210_20260720_153703.006413421.log
[Round 186] PASS
[Round 186] Removed passed log: /home/zaxy/studyspace/projects/6.5840/src/debug_log/debug_log_round186_20260720_153600.257232706.log
[Round 211] Starting, log: /home/zaxy/studyspace/projects/6.5840/src/debug_log/debug_log_round211_20260720_153703.022126617.log
[Round 187] PASS
[Round 187] Removed passed log: /home/zaxy/studyspace/projects/6.5840/src/debug_log/debug_log_round187_20260720_153601.410065447.log
[Round 212] Starting, log: /home/zaxy/studyspace/projects/6.5840/src/debug_log/debug_log_round212_20260720_153703.611263647.log
[Round 188] PASS
[Round 188] Removed passed log: /home/zaxy/studyspace/projects/6.5840/src/debug_log/debug_log_round188_20260720_153602.188119710.log
[Round 213] Starting, log: /home/zaxy/studyspace/projects/6.5840/src/debug_log/debug_log_round213_20260720_153703.626608761.log
[Round 189] PASS
[Round 189] Removed passed log: /home/zaxy/studyspace/projects/6.5840/src/debug_log/debug_log_round189_20260720_153603.941364665.log
[Round 214] Starting, log: /home/zaxy/studyspace/projects/6.5840/src/debug_log/debug_log_round214_20260720_153703.645376052.log
[Round 190] PASS
[Round 190] Removed passed log: /home/zaxy/studyspace/projects/6.5840/src/debug_log/debug_log_round190_20260720_153603.955341763.log
[Round 215] Starting, log: /home/zaxy/studyspace/projects/6.5840/src/debug_log/debug_log_round215_20260720_153705.518432965.log
[Round 191] PASS
[Round 191] Removed passed log: /home/zaxy/studyspace/projects/6.5840/src/debug_log/debug_log_round191_20260720_153603.969251778.log
[Round 216] Starting, log: /home/zaxy/studyspace/projects/6.5840/src/debug_log/debug_log_round216_20260720_153705.532592684.log
[Round 192] PASS
[Round 192] Removed passed log: /home/zaxy/studyspace/projects/6.5840/src/debug_log/debug_log_round192_20260720_153603.985213746.log
[Round 217] Starting, log: /home/zaxy/studyspace/projects/6.5840/src/debug_log/debug_log_round217_20260720_153705.547387775.log
[Round 193] PASS
[Round 193] Removed passed log: /home/zaxy/studyspace/projects/6.5840/src/debug_log/debug_log_round193_20260720_153604.008455403.log
[Round 218] Starting, log: /home/zaxy/studyspace/projects/6.5840/src/debug_log/debug_log_round218_20260720_153705.564576751.log
[Round 194] PASS
[Round 194] Removed passed log: /home/zaxy/studyspace/projects/6.5840/src/debug_log/debug_log_round194_20260720_153604.031363730.log
[Round 219] Starting, log: /home/zaxy/studyspace/projects/6.5840/src/debug_log/debug_log_round219_20260720_153705.584091115.log
[Round 195] PASS
[Round 195] Removed passed log: /home/zaxy/studyspace/projects/6.5840/src/debug_log/debug_log_round195_20260720_153607.466031731.log
[Round 220] Starting, log: /home/zaxy/studyspace/projects/6.5840/src/debug_log/debug_log_round220_20260720_153705.609669833.log
[Round 196] PASS
[Round 196] Removed passed log: /home/zaxy/studyspace/projects/6.5840/src/debug_log/debug_log_round196_20260720_153607.480563578.log
[Round 221] Starting, log: /home/zaxy/studyspace/projects/6.5840/src/debug_log/debug_log_round221_20260720_153708.338406705.log
[Round 197] PASS
[Round 197] Removed passed log: /home/zaxy/studyspace/projects/6.5840/src/debug_log/debug_log_round197_20260720_153607.494938319.log
[Round 222] Starting, log: /home/zaxy/studyspace/projects/6.5840/src/debug_log/debug_log_round222_20260720_153708.764060006.log
[Round 198] PASS
[Round 198] Removed passed log: /home/zaxy/studyspace/projects/6.5840/src/debug_log/debug_log_round198_20260720_153607.510253228.log
[Round 223] Starting, log: /home/zaxy/studyspace/projects/6.5840/src/debug_log/debug_log_round223_20260720_153709.198384606.log
[Round 199] PASS
[Round 199] Removed passed log: /home/zaxy/studyspace/projects/6.5840/src/debug_log/debug_log_round199_20260720_153607.531834027.log
[Round 224] Starting, log: /home/zaxy/studyspace/projects/6.5840/src/debug_log/debug_log_round224_20260720_153710.057904352.log
[Round 200] PASS
[Round 200] Removed passed log: /home/zaxy/studyspace/projects/6.5840/src/debug_log/debug_log_round200_20260720_153607.554222146.log
[Round 225] Starting, log: /home/zaxy/studyspace/projects/6.5840/src/debug_log/debug_log_round225_20260720_153710.072246102.log
[Round 201] PASS
[Round 201] Removed passed log: /home/zaxy/studyspace/projects/6.5840/src/debug_log/debug_log_round201_20260720_153639.803541277.log
[Round 226] Starting, log: /home/zaxy/studyspace/projects/6.5840/src/debug_log/debug_log_round226_20260720_153739.035646085.log
[Round 202] PASS
[Round 202] Removed passed log: /home/zaxy/studyspace/projects/6.5840/src/debug_log/debug_log_round202_20260720_153647.592495253.log
[Round 227] Starting, log: /home/zaxy/studyspace/projects/6.5840/src/debug_log/debug_log_round227_20260720_153748.593490565.log
[Round 203] PASS
[Round 203] Removed passed log: /home/zaxy/studyspace/projects/6.5840/src/debug_log/debug_log_round203_20260720_153656.140283211.log
[Round 228] Starting, log: /home/zaxy/studyspace/projects/6.5840/src/debug_log/debug_log_round228_20260720_153758.581380699.log
[Round 204] PASS
[Round 204] Removed passed log: /home/zaxy/studyspace/projects/6.5840/src/debug_log/debug_log_round204_20260720_153659.525434182.log
[Round 229] Starting, log: /home/zaxy/studyspace/projects/6.5840/src/debug_log/debug_log_round229_20260720_153759.195007317.log
[Round 205] PASS
[Round 205] Removed passed log: /home/zaxy/studyspace/projects/6.5840/src/debug_log/debug_log_round205_20260720_153659.540206152.log
[Round 230] Starting, log: /home/zaxy/studyspace/projects/6.5840/src/debug_log/debug_log_round230_20260720_153759.214094257.log
[Round 206] PASS
[Round 206] Removed passed log: /home/zaxy/studyspace/projects/6.5840/src/debug_log/debug_log_round206_20260720_153659.556325228.log
[Round 231] Starting, log: /home/zaxy/studyspace/projects/6.5840/src/debug_log/debug_log_round231_20260720_153801.696378306.log
[Round 207] PASS
[Round 207] Removed passed log: /home/zaxy/studyspace/projects/6.5840/src/debug_log/debug_log_round207_20260720_153659.574344351.log
[Round 232] Starting, log: /home/zaxy/studyspace/projects/6.5840/src/debug_log/debug_log_round232_20260720_153801.712344242.log
[Round 208] PASS
[Round 208] Removed passed log: /home/zaxy/studyspace/projects/6.5840/src/debug_log/debug_log_round208_20260720_153659.599513917.log
[Round 233] Starting, log: /home/zaxy/studyspace/projects/6.5840/src/debug_log/debug_log_round233_20260720_153801.731499535.log
[Round 209] PASS
[Round 209] Removed passed log: /home/zaxy/studyspace/projects/6.5840/src/debug_log/debug_log_round209_20260720_153702.069620658.log
[Round 234] Starting, log: /home/zaxy/studyspace/projects/6.5840/src/debug_log/debug_log_round234_20260720_153802.949966644.log
[Round 210] PASS
[Round 210] Removed passed log: /home/zaxy/studyspace/projects/6.5840/src/debug_log/debug_log_round210_20260720_153703.006413421.log
[Round 235] Starting, log: /home/zaxy/studyspace/projects/6.5840/src/debug_log/debug_log_round235_20260720_153802.970409364.log
[Round 211] PASS
[Round 211] Removed passed log: /home/zaxy/studyspace/projects/6.5840/src/debug_log/debug_log_round211_20260720_153703.022126617.log
[Round 236] Starting, log: /home/zaxy/studyspace/projects/6.5840/src/debug_log/debug_log_round236_20260720_153802.991688255.log
[Round 212] PASS
[Round 212] Removed passed log: /home/zaxy/studyspace/projects/6.5840/src/debug_log/debug_log_round212_20260720_153703.611263647.log
[Round 237] Starting, log: /home/zaxy/studyspace/projects/6.5840/src/debug_log/debug_log_round237_20260720_153803.064286134.log
[Round 213] PASS
[Round 213] Removed passed log: /home/zaxy/studyspace/projects/6.5840/src/debug_log/debug_log_round213_20260720_153703.626608761.log
[Round 238] Starting, log: /home/zaxy/studyspace/projects/6.5840/src/debug_log/debug_log_round238_20260720_153804.649020633.log
[Round 214] PASS
[Round 214] Removed passed log: /home/zaxy/studyspace/projects/6.5840/src/debug_log/debug_log_round214_20260720_153703.645376052.log
[Round 239] Starting, log: /home/zaxy/studyspace/projects/6.5840/src/debug_log/debug_log_round239_20260720_153806.183098119.log
[Round 215] PASS
[Round 215] Removed passed log: /home/zaxy/studyspace/projects/6.5840/src/debug_log/debug_log_round215_20260720_153705.518432965.log
[Round 240] Starting, log: /home/zaxy/studyspace/projects/6.5840/src/debug_log/debug_log_round240_20260720_153806.200390165.log
[Round 216] PASS
[Round 216] Removed passed log: /home/zaxy/studyspace/projects/6.5840/src/debug_log/debug_log_round216_20260720_153705.532592684.log
[Round 241] Starting, log: /home/zaxy/studyspace/projects/6.5840/src/debug_log/debug_log_round241_20260720_153806.215107534.log
[Round 217] PASS
[Round 217] Removed passed log: /home/zaxy/studyspace/projects/6.5840/src/debug_log/debug_log_round217_20260720_153705.547387775.log
[Round 242] Starting, log: /home/zaxy/studyspace/projects/6.5840/src/debug_log/debug_log_round242_20260720_153806.233617715.log
[Round 218] PASS
[Round 218] Removed passed log: /home/zaxy/studyspace/projects/6.5840/src/debug_log/debug_log_round218_20260720_153705.564576751.log
[Round 243] Starting, log: /home/zaxy/studyspace/projects/6.5840/src/debug_log/debug_log_round243_20260720_153806.256245039.log
[Round 219] PASS
[Round 219] Removed passed log: /home/zaxy/studyspace/projects/6.5840/src/debug_log/debug_log_round219_20260720_153705.584091115.log
[Round 244] Starting, log: /home/zaxy/studyspace/projects/6.5840/src/debug_log/debug_log_round244_20260720_153806.280252797.log
[Round 220] PASS
[Round 220] Removed passed log: /home/zaxy/studyspace/projects/6.5840/src/debug_log/debug_log_round220_20260720_153705.609669833.log
[Round 245] Starting, log: /home/zaxy/studyspace/projects/6.5840/src/debug_log/debug_log_round245_20260720_153806.307057051.log
[Round 221] PASS
[Round 221] Removed passed log: /home/zaxy/studyspace/projects/6.5840/src/debug_log/debug_log_round221_20260720_153708.338406705.log
[Round 246] Starting, log: /home/zaxy/studyspace/projects/6.5840/src/debug_log/debug_log_round246_20260720_153806.332213241.log
[Round 222] PASS
[Round 222] Removed passed log: /home/zaxy/studyspace/projects/6.5840/src/debug_log/debug_log_round222_20260720_153708.764060006.log
[Round 247] Starting, log: /home/zaxy/studyspace/projects/6.5840/src/debug_log/debug_log_round247_20260720_153806.360110317.log
[Round 223] PASS
[Round 223] Removed passed log: /home/zaxy/studyspace/projects/6.5840/src/debug_log/debug_log_round223_20260720_153709.198384606.log
[Round 248] Starting, log: /home/zaxy/studyspace/projects/6.5840/src/debug_log/debug_log_round248_20260720_153810.609624882.log
[Round 224] PASS
[Round 224] Removed passed log: /home/zaxy/studyspace/projects/6.5840/src/debug_log/debug_log_round224_20260720_153710.057904352.log
[Round 249] Starting, log: /home/zaxy/studyspace/projects/6.5840/src/debug_log/debug_log_round249_20260720_153811.498662752.log
[Round 225] PASS
[Round 225] Removed passed log: /home/zaxy/studyspace/projects/6.5840/src/debug_log/debug_log_round225_20260720_153710.072246102.log
[Round 250] Starting, log: /home/zaxy/studyspace/projects/6.5840/src/debug_log/debug_log_round250_20260720_153811.515317509.log
[Round 226] PASS
[Round 226] Removed passed log: /home/zaxy/studyspace/projects/6.5840/src/debug_log/debug_log_round226_20260720_153739.035646085.log
[Round 251] Starting, log: /home/zaxy/studyspace/projects/6.5840/src/debug_log/debug_log_round251_20260720_153837.321502334.log
[Round 227] PASS
[Round 227] Removed passed log: /home/zaxy/studyspace/projects/6.5840/src/debug_log/debug_log_round227_20260720_153748.593490565.log
[Round 252] Starting, log: /home/zaxy/studyspace/projects/6.5840/src/debug_log/debug_log_round252_20260720_153848.968088792.log
[Round 228] PASS
[Round 228] Removed passed log: /home/zaxy/studyspace/projects/6.5840/src/debug_log/debug_log_round228_20260720_153758.581380699.log
[Round 253] Starting, log: /home/zaxy/studyspace/projects/6.5840/src/debug_log/debug_log_round253_20260720_153856.775189142.log
[Round 229] PASS
[Round 229] Removed passed log: /home/zaxy/studyspace/projects/6.5840/src/debug_log/debug_log_round229_20260720_153759.195007317.log
[Round 254] Starting, log: /home/zaxy/studyspace/projects/6.5840/src/debug_log/debug_log_round254_20260720_153857.200227943.log
[Round 230] PASS
[Round 230] Removed passed log: /home/zaxy/studyspace/projects/6.5840/src/debug_log/debug_log_round230_20260720_153759.214094257.log
[Round 255] Starting, log: /home/zaxy/studyspace/projects/6.5840/src/debug_log/debug_log_round255_20260720_153901.872694591.log
[Round 231] PASS
[Round 231] Removed passed log: /home/zaxy/studyspace/projects/6.5840/src/debug_log/debug_log_round231_20260720_153801.696378306.log
[Round 256] Starting, log: /home/zaxy/studyspace/projects/6.5840/src/debug_log/debug_log_round256_20260720_153902.437142850.log
[Round 232] PASS
[Round 232] Removed passed log: /home/zaxy/studyspace/projects/6.5840/src/debug_log/debug_log_round232_20260720_153801.712344242.log
[Round 257] Starting, log: /home/zaxy/studyspace/projects/6.5840/src/debug_log/debug_log_round257_20260720_153902.456549109.log
[Round 233] PASS
[Round 233] Removed passed log: /home/zaxy/studyspace/projects/6.5840/src/debug_log/debug_log_round233_20260720_153801.731499535.log
[Round 258] Starting, log: /home/zaxy/studyspace/projects/6.5840/src/debug_log/debug_log_round258_20260720_153902.655523210.log
[Round 234] PASS
[Round 234] Removed passed log: /home/zaxy/studyspace/projects/6.5840/src/debug_log/debug_log_round234_20260720_153802.949966644.log
[Round 259] Starting, log: /home/zaxy/studyspace/projects/6.5840/src/debug_log/debug_log_round259_20260720_153903.232784464.log
[Round 235] PASS
[Round 235] Removed passed log: /home/zaxy/studyspace/projects/6.5840/src/debug_log/debug_log_round235_20260720_153802.970409364.log
[Round 260] Starting, log: /home/zaxy/studyspace/projects/6.5840/src/debug_log/debug_log_round260_20260720_153903.248046482.log
[Round 236] PASS
[Round 236] Removed passed log: /home/zaxy/studyspace/projects/6.5840/src/debug_log/debug_log_round236_20260720_153802.991688255.log
[Round 261] Starting, log: /home/zaxy/studyspace/projects/6.5840/src/debug_log/debug_log_round261_20260720_153904.997959406.log
[Round 237] PASS
[Round 237] Removed passed log: /home/zaxy/studyspace/projects/6.5840/src/debug_log/debug_log_round237_20260720_153803.064286134.log
[Round 262] Starting, log: /home/zaxy/studyspace/projects/6.5840/src/debug_log/debug_log_round262_20260720_153905.017311993.log
[Round 238] PASS
[Round 238] Removed passed log: /home/zaxy/studyspace/projects/6.5840/src/debug_log/debug_log_round238_20260720_153804.649020633.log
[Round 263] Starting, log: /home/zaxy/studyspace/projects/6.5840/src/debug_log/debug_log_round263_20260720_153906.739335509.log
[Round 239] PASS
[Round 239] Removed passed log: /home/zaxy/studyspace/projects/6.5840/src/debug_log/debug_log_round239_20260720_153806.183098119.log
[Round 264] Starting, log: /home/zaxy/studyspace/projects/6.5840/src/debug_log/debug_log_round264_20260720_153907.021643534.log
[Round 240] PASS
[Round 240] Removed passed log: /home/zaxy/studyspace/projects/6.5840/src/debug_log/debug_log_round240_20260720_153806.200390165.log
[Round 265] Starting, log: /home/zaxy/studyspace/projects/6.5840/src/debug_log/debug_log_round265_20260720_153908.232839611.log
[Round 241] PASS
[Round 241] Removed passed log: /home/zaxy/studyspace/projects/6.5840/src/debug_log/debug_log_round241_20260720_153806.215107534.log
[Round 266] Starting, log: /home/zaxy/studyspace/projects/6.5840/src/debug_log/debug_log_round266_20260720_153908.246809146.log
[Round 242] PASS
[Round 242] Removed passed log: /home/zaxy/studyspace/projects/6.5840/src/debug_log/debug_log_round242_20260720_153806.233617715.log
[Round 267] Starting, log: /home/zaxy/studyspace/projects/6.5840/src/debug_log/debug_log_round267_20260720_153908.264380566.log
[Round 243] PASS
[Round 243] Removed passed log: /home/zaxy/studyspace/projects/6.5840/src/debug_log/debug_log_round243_20260720_153806.256245039.log
[Round 268] Starting, log: /home/zaxy/studyspace/projects/6.5840/src/debug_log/debug_log_round268_20260720_153908.280614046.log
[Round 244] PASS
[Round 244] Removed passed log: /home/zaxy/studyspace/projects/6.5840/src/debug_log/debug_log_round244_20260720_153806.280252797.log
[Round 269] Starting, log: /home/zaxy/studyspace/projects/6.5840/src/debug_log/debug_log_round269_20260720_153908.301381869.log
[Round 245] PASS
[Round 245] Removed passed log: /home/zaxy/studyspace/projects/6.5840/src/debug_log/debug_log_round245_20260720_153806.307057051.log
[Round 270] Starting, log: /home/zaxy/studyspace/projects/6.5840/src/debug_log/debug_log_round270_20260720_153909.369431579.log
[Round 246] PASS
[Round 246] Removed passed log: /home/zaxy/studyspace/projects/6.5840/src/debug_log/debug_log_round246_20260720_153806.332213241.log
[Round 271] Starting, log: /home/zaxy/studyspace/projects/6.5840/src/debug_log/debug_log_round271_20260720_153909.384938893.log
[Round 247] PASS
[Round 247] Removed passed log: /home/zaxy/studyspace/projects/6.5840/src/debug_log/debug_log_round247_20260720_153806.360110317.log
[Round 272] Starting, log: /home/zaxy/studyspace/projects/6.5840/src/debug_log/debug_log_round272_20260720_153909.400293396.log
[Round 248] PASS
[Round 248] Removed passed log: /home/zaxy/studyspace/projects/6.5840/src/debug_log/debug_log_round248_20260720_153810.609624882.log
[Round 273] Starting, log: /home/zaxy/studyspace/projects/6.5840/src/debug_log/debug_log_round273_20260720_153912.323250667.log
[Round 249] PASS
[Round 249] Removed passed log: /home/zaxy/studyspace/projects/6.5840/src/debug_log/debug_log_round249_20260720_153811.498662752.log
[Round 274] Starting, log: /home/zaxy/studyspace/projects/6.5840/src/debug_log/debug_log_round274_20260720_153912.340494027.log
[Round 250] PASS
[Round 250] Removed passed log: /home/zaxy/studyspace/projects/6.5840/src/debug_log/debug_log_round250_20260720_153811.515317509.log
[Round 275] Starting, log: /home/zaxy/studyspace/projects/6.5840/src/debug_log/debug_log_round275_20260720_153912.354706546.log
[Round 251] PASS
[Round 251] Removed passed log: /home/zaxy/studyspace/projects/6.5840/src/debug_log/debug_log_round251_20260720_153837.321502334.log
[Round 276] Starting, log: /home/zaxy/studyspace/projects/6.5840/src/debug_log/debug_log_round276_20260720_153937.705248335.log
[Round 252] PASS
[Round 252] Removed passed log: /home/zaxy/studyspace/projects/6.5840/src/debug_log/debug_log_round252_20260720_153848.968088792.log
[Round 277] Starting, log: /home/zaxy/studyspace/projects/6.5840/src/debug_log/debug_log_round277_20260720_153950.689271738.log
[Round 253] PASS
[Round 253] Removed passed log: /home/zaxy/studyspace/projects/6.5840/src/debug_log/debug_log_round253_20260720_153856.775189142.log
[Round 278] Starting, log: /home/zaxy/studyspace/projects/6.5840/src/debug_log/debug_log_round278_20260720_153957.289846956.log
[Round 254] PASS
[Round 254] Removed passed log: /home/zaxy/studyspace/projects/6.5840/src/debug_log/debug_log_round254_20260720_153857.200227943.log
[Round 279] Starting, log: /home/zaxy/studyspace/projects/6.5840/src/debug_log/debug_log_round279_20260720_153957.808772964.log
[Round 255] PASS
[Round 255] Removed passed log: /home/zaxy/studyspace/projects/6.5840/src/debug_log/debug_log_round255_20260720_153901.872694591.log
[Round 280] Starting, log: /home/zaxy/studyspace/projects/6.5840/src/debug_log/debug_log_round280_20260720_154004.230358052.log
[Round 256] PASS
[Round 256] Removed passed log: /home/zaxy/studyspace/projects/6.5840/src/debug_log/debug_log_round256_20260720_153902.437142850.log
[Round 281] Starting, log: /home/zaxy/studyspace/projects/6.5840/src/debug_log/debug_log_round281_20260720_154004.247413114.log
[Round 257] PASS
[Round 257] Removed passed log: /home/zaxy/studyspace/projects/6.5840/src/debug_log/debug_log_round257_20260720_153902.456549109.log
[Round 282] Starting, log: /home/zaxy/studyspace/projects/6.5840/src/debug_log/debug_log_round282_20260720_154004.265501267.log
[Round 258] PASS
[Round 258] Removed passed log: /home/zaxy/studyspace/projects/6.5840/src/debug_log/debug_log_round258_20260720_153902.655523210.log
[Round 283] Starting, log: /home/zaxy/studyspace/projects/6.5840/src/debug_log/debug_log_round283_20260720_154004.286020401.log
[Round 259] PASS
[Round 259] Removed passed log: /home/zaxy/studyspace/projects/6.5840/src/debug_log/debug_log_round259_20260720_153903.232784464.log
[Round 284] Starting, log: /home/zaxy/studyspace/projects/6.5840/src/debug_log/debug_log_round284_20260720_154004.310735888.log
[Round 260] PASS
[Round 260] Removed passed log: /home/zaxy/studyspace/projects/6.5840/src/debug_log/debug_log_round260_20260720_153903.248046482.log
[Round 285] Starting, log: /home/zaxy/studyspace/projects/6.5840/src/debug_log/debug_log_round285_20260720_154004.336256187.log
[Round 261] PASS
[Round 261] Removed passed log: /home/zaxy/studyspace/projects/6.5840/src/debug_log/debug_log_round261_20260720_153904.997959406.log
[Round 286] Starting, log: /home/zaxy/studyspace/projects/6.5840/src/debug_log/debug_log_round286_20260720_154006.515352261.log
[Round 262] PASS
[Round 262] Removed passed log: /home/zaxy/studyspace/projects/6.5840/src/debug_log/debug_log_round262_20260720_153905.017311993.log
[Round 287] Starting, log: /home/zaxy/studyspace/projects/6.5840/src/debug_log/debug_log_round287_20260720_154006.537780633.log
[Round 263] PASS
[Round 263] Removed passed log: /home/zaxy/studyspace/projects/6.5840/src/debug_log/debug_log_round263_20260720_153906.739335509.log
[Round 288] Starting, log: /home/zaxy/studyspace/projects/6.5840/src/debug_log/debug_log_round288_20260720_154006.554750733.log
[Round 264] PASS
[Round 264] Removed passed log: /home/zaxy/studyspace/projects/6.5840/src/debug_log/debug_log_round264_20260720_153907.021643534.log
[Round 289] Starting, log: /home/zaxy/studyspace/projects/6.5840/src/debug_log/debug_log_round289_20260720_154009.019111639.log
[Round 265] PASS
[Round 265] Removed passed log: /home/zaxy/studyspace/projects/6.5840/src/debug_log/debug_log_round265_20260720_153908.232839611.log
[Round 290] Starting, log: /home/zaxy/studyspace/projects/6.5840/src/debug_log/debug_log_round290_20260720_154009.034970687.log
[Round 266] PASS
[Round 266] Removed passed log: /home/zaxy/studyspace/projects/6.5840/src/debug_log/debug_log_round266_20260720_153908.246809146.log
[Round 291] Starting, log: /home/zaxy/studyspace/projects/6.5840/src/debug_log/debug_log_round291_20260720_154009.049522904.log
[Round 267] PASS
[Round 267] Removed passed log: /home/zaxy/studyspace/projects/6.5840/src/debug_log/debug_log_round267_20260720_153908.264380566.log
[Round 292] Starting, log: /home/zaxy/studyspace/projects/6.5840/src/debug_log/debug_log_round292_20260720_154009.129368304.log
[Round 268] PASS
[Round 268] Removed passed log: /home/zaxy/studyspace/projects/6.5840/src/debug_log/debug_log_round268_20260720_153908.280614046.log
[Round 293] Starting, log: /home/zaxy/studyspace/projects/6.5840/src/debug_log/debug_log_round293_20260720_154010.407636836.log
[Round 269] PASS
[Round 269] Removed passed log: /home/zaxy/studyspace/projects/6.5840/src/debug_log/debug_log_round269_20260720_153908.301381869.log
[Round 294] Starting, log: /home/zaxy/studyspace/projects/6.5840/src/debug_log/debug_log_round294_20260720_154010.424976670.log
[Round 270] PASS
[Round 270] Removed passed log: /home/zaxy/studyspace/projects/6.5840/src/debug_log/debug_log_round270_20260720_153909.369431579.log
[Round 295] Starting, log: /home/zaxy/studyspace/projects/6.5840/src/debug_log/debug_log_round295_20260720_154010.439550418.log
[Round 271] PASS
[Round 271] Removed passed log: /home/zaxy/studyspace/projects/6.5840/src/debug_log/debug_log_round271_20260720_153909.384938893.log
[Round 296] Starting, log: /home/zaxy/studyspace/projects/6.5840/src/debug_log/debug_log_round296_20260720_154010.455136234.log
[Round 272] PASS
[Round 272] Removed passed log: /home/zaxy/studyspace/projects/6.5840/src/debug_log/debug_log_round272_20260720_153909.400293396.log
[Round 297] Starting, log: /home/zaxy/studyspace/projects/6.5840/src/debug_log/debug_log_round297_20260720_154012.192987819.log
[Round 273] PASS
[Round 273] Removed passed log: /home/zaxy/studyspace/projects/6.5840/src/debug_log/debug_log_round273_20260720_153912.323250667.log
[Round 298] Starting, log: /home/zaxy/studyspace/projects/6.5840/src/debug_log/debug_log_round298_20260720_154014.019581526.log
[Round 274] PASS
[Round 274] Removed passed log: /home/zaxy/studyspace/projects/6.5840/src/debug_log/debug_log_round274_20260720_153912.340494027.log
[Round 299] Starting, log: /home/zaxy/studyspace/projects/6.5840/src/debug_log/debug_log_round299_20260720_154015.016574481.log
[Round 275] PASS
[Round 275] Removed passed log: /home/zaxy/studyspace/projects/6.5840/src/debug_log/debug_log_round275_20260720_153912.354706546.log
[Round 300] Starting, log: /home/zaxy/studyspace/projects/6.5840/src/debug_log/debug_log_round300_20260720_154015.030820149.log
[Round 276] PASS
[Round 276] Removed passed log: /home/zaxy/studyspace/projects/6.5840/src/debug_log/debug_log_round276_20260720_153937.705248335.log
[Round 301] Starting, log: /home/zaxy/studyspace/projects/6.5840/src/debug_log/debug_log_round301_20260720_154035.279392716.log
[Round 277] PASS
[Round 277] Removed passed log: /home/zaxy/studyspace/projects/6.5840/src/debug_log/debug_log_round277_20260720_153950.689271738.log
[Round 302] Starting, log: /home/zaxy/studyspace/projects/6.5840/src/debug_log/debug_log_round302_20260720_154049.400268715.log
[Round 278] PASS
[Round 278] Removed passed log: /home/zaxy/studyspace/projects/6.5840/src/debug_log/debug_log_round278_20260720_153957.289846956.log
[Round 303] Starting, log: /home/zaxy/studyspace/projects/6.5840/src/debug_log/debug_log_round303_20260720_154058.842832411.log
[Round 279] PASS
[Round 279] Removed passed log: /home/zaxy/studyspace/projects/6.5840/src/debug_log/debug_log_round279_20260720_153957.808772964.log
[Round 304] Starting, log: /home/zaxy/studyspace/projects/6.5840/src/debug_log/debug_log_round304_20260720_154058.868926167.log
[Round 280] PASS
[Round 280] Removed passed log: /home/zaxy/studyspace/projects/6.5840/src/debug_log/debug_log_round280_20260720_154004.230358052.log
[Round 305] Starting, log: /home/zaxy/studyspace/projects/6.5840/src/debug_log/debug_log_round305_20260720_154105.421098844.log
[Round 281] PASS
[Round 281] Removed passed log: /home/zaxy/studyspace/projects/6.5840/src/debug_log/debug_log_round281_20260720_154004.247413114.log
[Round 306] Starting, log: /home/zaxy/studyspace/projects/6.5840/src/debug_log/debug_log_round306_20260720_154105.436603904.log
[Round 282] PASS
[Round 282] Removed passed log: /home/zaxy/studyspace/projects/6.5840/src/debug_log/debug_log_round282_20260720_154004.265501267.log
[Round 307] Starting, log: /home/zaxy/studyspace/projects/6.5840/src/debug_log/debug_log_round307_20260720_154105.453539577.log
[Round 283] PASS
[Round 283] Removed passed log: /home/zaxy/studyspace/projects/6.5840/src/debug_log/debug_log_round283_20260720_154004.286020401.log
[Round 308] Starting, log: /home/zaxy/studyspace/projects/6.5840/src/debug_log/debug_log_round308_20260720_154107.114629057.log
[Round 284] PASS
[Round 284] Removed passed log: /home/zaxy/studyspace/projects/6.5840/src/debug_log/debug_log_round284_20260720_154004.310735888.log
[Round 309] Starting, log: /home/zaxy/studyspace/projects/6.5840/src/debug_log/debug_log_round309_20260720_154107.135196280.log
[Round 285] PASS
[Round 285] Removed passed log: /home/zaxy/studyspace/projects/6.5840/src/debug_log/debug_log_round285_20260720_154004.336256187.log
[Round 310] Starting, log: /home/zaxy/studyspace/projects/6.5840/src/debug_log/debug_log_round310_20260720_154107.153126634.log
[Round 286] PASS
[Round 286] Removed passed log: /home/zaxy/studyspace/projects/6.5840/src/debug_log/debug_log_round286_20260720_154006.515352261.log
[Round 311] Starting, log: /home/zaxy/studyspace/projects/6.5840/src/debug_log/debug_log_round311_20260720_154108.375065009.log
[Round 287] PASS
[Round 287] Removed passed log: /home/zaxy/studyspace/projects/6.5840/src/debug_log/debug_log_round287_20260720_154006.537780633.log
[Round 312] Starting, log: /home/zaxy/studyspace/projects/6.5840/src/debug_log/debug_log_round312_20260720_154108.392088027.log
[Round 288] PASS
[Round 288] Removed passed log: /home/zaxy/studyspace/projects/6.5840/src/debug_log/debug_log_round288_20260720_154006.554750733.log
[Round 313] Starting, log: /home/zaxy/studyspace/projects/6.5840/src/debug_log/debug_log_round313_20260720_154108.410051078.log
[Round 289] PASS
[Round 289] Removed passed log: /home/zaxy/studyspace/projects/6.5840/src/debug_log/debug_log_round289_20260720_154009.019111639.log
[Round 314] Starting, log: /home/zaxy/studyspace/projects/6.5840/src/debug_log/debug_log_round314_20260720_154109.699106115.log
[Round 290] PASS
[Round 290] Removed passed log: /home/zaxy/studyspace/projects/6.5840/src/debug_log/debug_log_round290_20260720_154009.034970687.log
[Round 315] Starting, log: /home/zaxy/studyspace/projects/6.5840/src/debug_log/debug_log_round315_20260720_154109.714502918.log
[Round 291] PASS
[Round 291] Removed passed log: /home/zaxy/studyspace/projects/6.5840/src/debug_log/debug_log_round291_20260720_154009.049522904.log
[Round 316] Starting, log: /home/zaxy/studyspace/projects/6.5840/src/debug_log/debug_log_round316_20260720_154109.734514156.log
[Round 292] PASS
[Round 292] Removed passed log: /home/zaxy/studyspace/projects/6.5840/src/debug_log/debug_log_round292_20260720_154009.129368304.log
[Round 317] Starting, log: /home/zaxy/studyspace/projects/6.5840/src/debug_log/debug_log_round317_20260720_154109.751476160.log
[Round 293] PASS
[Round 293] Removed passed log: /home/zaxy/studyspace/projects/6.5840/src/debug_log/debug_log_round293_20260720_154010.407636836.log
[Round 318] Starting, log: /home/zaxy/studyspace/projects/6.5840/src/debug_log/debug_log_round318_20260720_154113.446955796.log
[Round 294] PASS
[Round 294] Removed passed log: /home/zaxy/studyspace/projects/6.5840/src/debug_log/debug_log_round294_20260720_154010.424976670.log
[Round 319] Starting, log: /home/zaxy/studyspace/projects/6.5840/src/debug_log/debug_log_round319_20260720_154113.460783768.log
[Round 295] PASS
[Round 295] Removed passed log: /home/zaxy/studyspace/projects/6.5840/src/debug_log/debug_log_round295_20260720_154010.439550418.log
[Round 320] Starting, log: /home/zaxy/studyspace/projects/6.5840/src/debug_log/debug_log_round320_20260720_154113.475078463.log
[Round 296] PASS
[Round 296] Removed passed log: /home/zaxy/studyspace/projects/6.5840/src/debug_log/debug_log_round296_20260720_154010.455136234.log
[Round 321] Starting, log: /home/zaxy/studyspace/projects/6.5840/src/debug_log/debug_log_round321_20260720_154113.490419746.log
[Round 297] PASS
[Round 297] Removed passed log: /home/zaxy/studyspace/projects/6.5840/src/debug_log/debug_log_round297_20260720_154012.192987819.log
[Round 322] Starting, log: /home/zaxy/studyspace/projects/6.5840/src/debug_log/debug_log_round322_20260720_154113.509668297.log
[Round 298] PASS
[Round 298] Removed passed log: /home/zaxy/studyspace/projects/6.5840/src/debug_log/debug_log_round298_20260720_154014.019581526.log
[Round 323] Starting, log: /home/zaxy/studyspace/projects/6.5840/src/debug_log/debug_log_round323_20260720_154113.532135683.log
[Round 299] PASS
[Round 299] Removed passed log: /home/zaxy/studyspace/projects/6.5840/src/debug_log/debug_log_round299_20260720_154015.016574481.log
[Round 324] Starting, log: /home/zaxy/studyspace/projects/6.5840/src/debug_log/debug_log_round324_20260720_154116.321666855.log
[Round 300] PASS
[Round 300] Removed passed log: /home/zaxy/studyspace/projects/6.5840/src/debug_log/debug_log_round300_20260720_154015.030820149.log
[Round 325] Starting, log: /home/zaxy/studyspace/projects/6.5840/src/debug_log/debug_log_round325_20260720_154116.337116953.log
[Round 301] PASS
[Round 301] Removed passed log: /home/zaxy/studyspace/projects/6.5840/src/debug_log/debug_log_round301_20260720_154035.279392716.log
[Round 326] Starting, log: /home/zaxy/studyspace/projects/6.5840/src/debug_log/debug_log_round326_20260720_154137.788746839.log
[Round 302] PASS
[Round 302] Removed passed log: /home/zaxy/studyspace/projects/6.5840/src/debug_log/debug_log_round302_20260720_154049.400268715.log
[Round 327] Starting, log: /home/zaxy/studyspace/projects/6.5840/src/debug_log/debug_log_round327_20260720_154151.160912699.log
[Round 303] PASS
[Round 303] Removed passed log: /home/zaxy/studyspace/projects/6.5840/src/debug_log/debug_log_round303_20260720_154058.842832411.log
[Round 328] Starting, log: /home/zaxy/studyspace/projects/6.5840/src/debug_log/debug_log_round328_20260720_154200.357280129.log
[Round 304] PASS
[Round 304] Removed passed log: /home/zaxy/studyspace/projects/6.5840/src/debug_log/debug_log_round304_20260720_154058.868926167.log
[Round 329] Starting, log: /home/zaxy/studyspace/projects/6.5840/src/debug_log/debug_log_round329_20260720_154200.377561793.log
[Round 305] PASS
[Round 305] Removed passed log: /home/zaxy/studyspace/projects/6.5840/src/debug_log/debug_log_round305_20260720_154105.421098844.log
[Round 330] Starting, log: /home/zaxy/studyspace/projects/6.5840/src/debug_log/debug_log_round330_20260720_154205.509196833.log
[Round 306] PASS
[Round 306] Removed passed log: /home/zaxy/studyspace/projects/6.5840/src/debug_log/debug_log_round306_20260720_154105.436603904.log
[Round 331] Starting, log: /home/zaxy/studyspace/projects/6.5840/src/debug_log/debug_log_round331_20260720_154206.653859056.log
[Round 307] PASS
[Round 307] Removed passed log: /home/zaxy/studyspace/projects/6.5840/src/debug_log/debug_log_round307_20260720_154105.453539577.log
[Round 332] Starting, log: /home/zaxy/studyspace/projects/6.5840/src/debug_log/debug_log_round332_20260720_154206.670097688.log
[Round 308] PASS
[Round 308] Removed passed log: /home/zaxy/studyspace/projects/6.5840/src/debug_log/debug_log_round308_20260720_154107.114629057.log
[Round 333] Starting, log: /home/zaxy/studyspace/projects/6.5840/src/debug_log/debug_log_round333_20260720_154206.686762824.log
[Round 309] PASS
[Round 309] Removed passed log: /home/zaxy/studyspace/projects/6.5840/src/debug_log/debug_log_round309_20260720_154107.135196280.log
[Round 334] Starting, log: /home/zaxy/studyspace/projects/6.5840/src/debug_log/debug_log_round334_20260720_154207.433339900.log
[Round 310] PASS
[Round 310] Removed passed log: /home/zaxy/studyspace/projects/6.5840/src/debug_log/debug_log_round310_20260720_154107.153126634.log
[Round 335] Starting, log: /home/zaxy/studyspace/projects/6.5840/src/debug_log/debug_log_round335_20260720_154208.453638796.log
[Round 311] PASS
[Round 311] Removed passed log: /home/zaxy/studyspace/projects/6.5840/src/debug_log/debug_log_round311_20260720_154108.375065009.log
[Round 336] Starting, log: /home/zaxy/studyspace/projects/6.5840/src/debug_log/debug_log_round336_20260720_154208.468258274.log
[Round 312] PASS
[Round 312] Removed passed log: /home/zaxy/studyspace/projects/6.5840/src/debug_log/debug_log_round312_20260720_154108.392088027.log
[Round 337] Starting, log: /home/zaxy/studyspace/projects/6.5840/src/debug_log/debug_log_round337_20260720_154210.861722574.log
[Round 313] PASS
[Round 313] Removed passed log: /home/zaxy/studyspace/projects/6.5840/src/debug_log/debug_log_round313_20260720_154108.410051078.log
[Round 338] Starting, log: /home/zaxy/studyspace/projects/6.5840/src/debug_log/debug_log_round338_20260720_154210.876235421.log
[Round 314] PASS
[Round 314] Removed passed log: /home/zaxy/studyspace/projects/6.5840/src/debug_log/debug_log_round314_20260720_154109.699106115.log
[Round 339] Starting, log: /home/zaxy/studyspace/projects/6.5840/src/debug_log/debug_log_round339_20260720_154210.891406314.log
[Round 315] PASS
[Round 315] Removed passed log: /home/zaxy/studyspace/projects/6.5840/src/debug_log/debug_log_round315_20260720_154109.714502918.log
[Round 340] Starting, log: /home/zaxy/studyspace/projects/6.5840/src/debug_log/debug_log_round340_20260720_154210.908570323.log
[Round 316] PASS
[Round 316] Removed passed log: /home/zaxy/studyspace/projects/6.5840/src/debug_log/debug_log_round316_20260720_154109.734514156.log
[Round 341] Starting, log: /home/zaxy/studyspace/projects/6.5840/src/debug_log/debug_log_round341_20260720_154210.928836938.log
[Round 317] PASS
[Round 317] Removed passed log: /home/zaxy/studyspace/projects/6.5840/src/debug_log/debug_log_round317_20260720_154109.751476160.log
[Round 342] Starting, log: /home/zaxy/studyspace/projects/6.5840/src/debug_log/debug_log_round342_20260720_154210.951324443.log
[Round 318] PASS
[Round 318] Removed passed log: /home/zaxy/studyspace/projects/6.5840/src/debug_log/debug_log_round318_20260720_154113.446955796.log
[Round 343] Starting, log: /home/zaxy/studyspace/projects/6.5840/src/debug_log/debug_log_round343_20260720_154213.262524257.log
[Round 319] PASS
[Round 319] Removed passed log: /home/zaxy/studyspace/projects/6.5840/src/debug_log/debug_log_round319_20260720_154113.460783768.log
[Round 344] Starting, log: /home/zaxy/studyspace/projects/6.5840/src/debug_log/debug_log_round344_20260720_154213.402138010.log
[Round 320] PASS
[Round 320] Removed passed log: /home/zaxy/studyspace/projects/6.5840/src/debug_log/debug_log_round320_20260720_154113.475078463.log
[Round 345] Starting, log: /home/zaxy/studyspace/projects/6.5840/src/debug_log/debug_log_round345_20260720_154213.417929700.log
[Round 321] PASS
[Round 321] Removed passed log: /home/zaxy/studyspace/projects/6.5840/src/debug_log/debug_log_round321_20260720_154113.490419746.log
[Round 346] Starting, log: /home/zaxy/studyspace/projects/6.5840/src/debug_log/debug_log_round346_20260720_154213.434489788.log
[Round 322] PASS
[Round 322] Removed passed log: /home/zaxy/studyspace/projects/6.5840/src/debug_log/debug_log_round322_20260720_154113.509668297.log
[Round 347] Starting, log: /home/zaxy/studyspace/projects/6.5840/src/debug_log/debug_log_round347_20260720_154213.450277420.log
[Round 323] PASS
[Round 323] Removed passed log: /home/zaxy/studyspace/projects/6.5840/src/debug_log/debug_log_round323_20260720_154113.532135683.log
[Round 348] Starting, log: /home/zaxy/studyspace/projects/6.5840/src/debug_log/debug_log_round348_20260720_154215.764701806.log
[Round 324] PASS
[Round 324] Removed passed log: /home/zaxy/studyspace/projects/6.5840/src/debug_log/debug_log_round324_20260720_154116.321666855.log
[Round 349] Starting, log: /home/zaxy/studyspace/projects/6.5840/src/debug_log/debug_log_round349_20260720_154215.779496905.log
[Round 325] PASS
[Round 325] Removed passed log: /home/zaxy/studyspace/projects/6.5840/src/debug_log/debug_log_round325_20260720_154116.337116953.log
[Round 350] Starting, log: /home/zaxy/studyspace/projects/6.5840/src/debug_log/debug_log_round350_20260720_154217.373569115.log
[Round 326] PASS
[Round 326] Removed passed log: /home/zaxy/studyspace/projects/6.5840/src/debug_log/debug_log_round326_20260720_154137.788746839.log
[Round 351] Starting, log: /home/zaxy/studyspace/projects/6.5840/src/debug_log/debug_log_round351_20260720_154240.834557897.log
[Round 327] PASS
[Round 327] Removed passed log: /home/zaxy/studyspace/projects/6.5840/src/debug_log/debug_log_round327_20260720_154151.160912699.log
[Round 352] Starting, log: /home/zaxy/studyspace/projects/6.5840/src/debug_log/debug_log_round352_20260720_154249.331798500.log
[Round 328] PASS
[Round 328] Removed passed log: /home/zaxy/studyspace/projects/6.5840/src/debug_log/debug_log_round328_20260720_154200.357280129.log
[Round 353] Starting, log: /home/zaxy/studyspace/projects/6.5840/src/debug_log/debug_log_round353_20260720_154302.255905344.log
[Round 329] PASS
[Round 329] Removed passed log: /home/zaxy/studyspace/projects/6.5840/src/debug_log/debug_log_round329_20260720_154200.377561793.log
[Round 354] Starting, log: /home/zaxy/studyspace/projects/6.5840/src/debug_log/debug_log_round354_20260720_154303.371506637.log
[Round 330] PASS
[Round 330] Removed passed log: /home/zaxy/studyspace/projects/6.5840/src/debug_log/debug_log_round330_20260720_154205.509196833.log
[Round 355] Starting, log: /home/zaxy/studyspace/projects/6.5840/src/debug_log/debug_log_round355_20260720_154304.636573528.log
[Round 331] PASS
[Round 331] Removed passed log: /home/zaxy/studyspace/projects/6.5840/src/debug_log/debug_log_round331_20260720_154206.653859056.log
[Round 356] Starting, log: /home/zaxy/studyspace/projects/6.5840/src/debug_log/debug_log_round356_20260720_154306.449087052.log
[Round 332] PASS
[Round 332] Removed passed log: /home/zaxy/studyspace/projects/6.5840/src/debug_log/debug_log_round332_20260720_154206.670097688.log
[Round 357] Starting, log: /home/zaxy/studyspace/projects/6.5840/src/debug_log/debug_log_round357_20260720_154307.142819860.log
[Round 333] PASS
[Round 333] Removed passed log: /home/zaxy/studyspace/projects/6.5840/src/debug_log/debug_log_round333_20260720_154206.686762824.log
[Round 358] Starting, log: /home/zaxy/studyspace/projects/6.5840/src/debug_log/debug_log_round358_20260720_154308.769249828.log
[Round 334] PASS
[Round 334] Removed passed log: /home/zaxy/studyspace/projects/6.5840/src/debug_log/debug_log_round334_20260720_154207.433339900.log
[Round 359] Starting, log: /home/zaxy/studyspace/projects/6.5840/src/debug_log/debug_log_round359_20260720_154308.786482076.log
[Round 335] PASS
[Round 335] Removed passed log: /home/zaxy/studyspace/projects/6.5840/src/debug_log/debug_log_round335_20260720_154208.453638796.log
[Round 360] Starting, log: /home/zaxy/studyspace/projects/6.5840/src/debug_log/debug_log_round360_20260720_154309.816827899.log
[Round 336] PASS
[Round 336] Removed passed log: /home/zaxy/studyspace/projects/6.5840/src/debug_log/debug_log_round336_20260720_154208.468258274.log
[Round 361] Starting, log: /home/zaxy/studyspace/projects/6.5840/src/debug_log/debug_log_round361_20260720_154309.832326881.log
[Round 337] PASS
[Round 337] Removed passed log: /home/zaxy/studyspace/projects/6.5840/src/debug_log/debug_log_round337_20260720_154210.861722574.log
[Round 362] Starting, log: /home/zaxy/studyspace/projects/6.5840/src/debug_log/debug_log_round362_20260720_154309.848846236.log
[Round 338] PASS
[Round 338] Removed passed log: /home/zaxy/studyspace/projects/6.5840/src/debug_log/debug_log_round338_20260720_154210.876235421.log
[Round 363] Starting, log: /home/zaxy/studyspace/projects/6.5840/src/debug_log/debug_log_round363_20260720_154310.870703015.log
[Round 339] PASS
[Round 339] Removed passed log: /home/zaxy/studyspace/projects/6.5840/src/debug_log/debug_log_round339_20260720_154210.891406314.log
[Round 364] Starting, log: /home/zaxy/studyspace/projects/6.5840/src/debug_log/debug_log_round364_20260720_154311.629741815.log
[Round 340] PASS
[Round 340] Removed passed log: /home/zaxy/studyspace/projects/6.5840/src/debug_log/debug_log_round340_20260720_154210.908570323.log
[Round 365] Starting, log: /home/zaxy/studyspace/projects/6.5840/src/debug_log/debug_log_round365_20260720_154311.748016328.log
[Round 341] PASS
[Round 341] Removed passed log: /home/zaxy/studyspace/projects/6.5840/src/debug_log/debug_log_round341_20260720_154210.928836938.log
[Round 366] Starting, log: /home/zaxy/studyspace/projects/6.5840/src/debug_log/debug_log_round366_20260720_154311.763638949.log
[Round 342] PASS
[Round 342] Removed passed log: /home/zaxy/studyspace/projects/6.5840/src/debug_log/debug_log_round342_20260720_154210.951324443.log
[Round 367] Starting, log: /home/zaxy/studyspace/projects/6.5840/src/debug_log/debug_log_round367_20260720_154311.782556832.log
[Round 343] PASS
[Round 343] Removed passed log: /home/zaxy/studyspace/projects/6.5840/src/debug_log/debug_log_round343_20260720_154213.262524257.log
[Round 368] Starting, log: /home/zaxy/studyspace/projects/6.5840/src/debug_log/debug_log_round368_20260720_154313.253594388.log
[Round 344] PASS
[Round 344] Removed passed log: /home/zaxy/studyspace/projects/6.5840/src/debug_log/debug_log_round344_20260720_154213.402138010.log
[Round 369] Starting, log: /home/zaxy/studyspace/projects/6.5840/src/debug_log/debug_log_round369_20260720_154314.075495446.log
[Round 345] PASS
[Round 345] Removed passed log: /home/zaxy/studyspace/projects/6.5840/src/debug_log/debug_log_round345_20260720_154213.417929700.log
[Round 370] Starting, log: /home/zaxy/studyspace/projects/6.5840/src/debug_log/debug_log_round370_20260720_154314.091259709.log
[Round 346] PASS
[Round 346] Removed passed log: /home/zaxy/studyspace/projects/6.5840/src/debug_log/debug_log_round346_20260720_154213.434489788.log
[Round 371] Starting, log: /home/zaxy/studyspace/projects/6.5840/src/debug_log/debug_log_round371_20260720_154314.592522658.log
[Round 347] PASS
[Round 347] Removed passed log: /home/zaxy/studyspace/projects/6.5840/src/debug_log/debug_log_round347_20260720_154213.450277420.log
[Round 372] Starting, log: /home/zaxy/studyspace/projects/6.5840/src/debug_log/debug_log_round372_20260720_154315.880206923.log
[Round 348] PASS
[Round 348] Removed passed log: /home/zaxy/studyspace/projects/6.5840/src/debug_log/debug_log_round348_20260720_154215.764701806.log
[Round 373] Starting, log: /home/zaxy/studyspace/projects/6.5840/src/debug_log/debug_log_round373_20260720_154316.578724532.log
[Round 349] PASS
[Round 349] Removed passed log: /home/zaxy/studyspace/projects/6.5840/src/debug_log/debug_log_round349_20260720_154215.779496905.log
[Round 374] Starting, log: /home/zaxy/studyspace/projects/6.5840/src/debug_log/debug_log_round374_20260720_154316.593398279.log
[Round 350] PASS
[Round 350] Removed passed log: /home/zaxy/studyspace/projects/6.5840/src/debug_log/debug_log_round350_20260720_154217.373569115.log
[Round 375] Starting, log: /home/zaxy/studyspace/projects/6.5840/src/debug_log/debug_log_round375_20260720_154316.759305375.log
[Round 351] PASS
[Round 351] Removed passed log: /home/zaxy/studyspace/projects/6.5840/src/debug_log/debug_log_round351_20260720_154240.834557897.log
[Round 376] Starting, log: /home/zaxy/studyspace/projects/6.5840/src/debug_log/debug_log_round376_20260720_154343.707604326.log
[Round 352] PASS
[Round 352] Removed passed log: /home/zaxy/studyspace/projects/6.5840/src/debug_log/debug_log_round352_20260720_154249.331798500.log
[Round 377] Starting, log: /home/zaxy/studyspace/projects/6.5840/src/debug_log/debug_log_round377_20260720_154348.663174943.log
[Round 353] PASS
[Round 353] Removed passed log: /home/zaxy/studyspace/projects/6.5840/src/debug_log/debug_log_round353_20260720_154302.255905344.log
[Round 378] Starting, log: /home/zaxy/studyspace/projects/6.5840/src/debug_log/debug_log_round378_20260720_154403.656462341.log
[Round 354] PASS
[Round 354] Removed passed log: /home/zaxy/studyspace/projects/6.5840/src/debug_log/debug_log_round354_20260720_154303.371506637.log
[Round 379] Starting, log: /home/zaxy/studyspace/projects/6.5840/src/debug_log/debug_log_round379_20260720_154403.675140223.log
[Round 355] PASS
[Round 355] Removed passed log: /home/zaxy/studyspace/projects/6.5840/src/debug_log/debug_log_round355_20260720_154304.636573528.log
[Round 380] Starting, log: /home/zaxy/studyspace/projects/6.5840/src/debug_log/debug_log_round380_20260720_154406.102552536.log
[Round 356] PASS
[Round 356] Removed passed log: /home/zaxy/studyspace/projects/6.5840/src/debug_log/debug_log_round356_20260720_154306.449087052.log
[Round 381] Starting, log: /home/zaxy/studyspace/projects/6.5840/src/debug_log/debug_log_round381_20260720_154407.214438877.log
[Round 357] PASS
[Round 357] Removed passed log: /home/zaxy/studyspace/projects/6.5840/src/debug_log/debug_log_round357_20260720_154307.142819860.log
[Round 382] Starting, log: /home/zaxy/studyspace/projects/6.5840/src/debug_log/debug_log_round382_20260720_154407.310815270.log
[Round 358] PASS
[Round 358] Removed passed log: /home/zaxy/studyspace/projects/6.5840/src/debug_log/debug_log_round358_20260720_154308.769249828.log
[Round 383] Starting, log: /home/zaxy/studyspace/projects/6.5840/src/debug_log/debug_log_round383_20260720_154408.561784939.log
[Round 359] PASS
[Round 359] Removed passed log: /home/zaxy/studyspace/projects/6.5840/src/debug_log/debug_log_round359_20260720_154308.786482076.log
[Round 384] Starting, log: /home/zaxy/studyspace/projects/6.5840/src/debug_log/debug_log_round384_20260720_154410.359703897.log
[Round 360] PASS
[Round 360] Removed passed log: /home/zaxy/studyspace/projects/6.5840/src/debug_log/debug_log_round360_20260720_154309.816827899.log
[Round 385] Starting, log: /home/zaxy/studyspace/projects/6.5840/src/debug_log/debug_log_round385_20260720_154412.036340601.log
[Round 361] PASS
[Round 361] Removed passed log: /home/zaxy/studyspace/projects/6.5840/src/debug_log/debug_log_round361_20260720_154309.832326881.log
[Round 386] Starting, log: /home/zaxy/studyspace/projects/6.5840/src/debug_log/debug_log_round386_20260720_154412.051517631.log
[Round 362] PASS
[Round 362] Removed passed log: /home/zaxy/studyspace/projects/6.5840/src/debug_log/debug_log_round362_20260720_154309.848846236.log
[Round 387] Starting, log: /home/zaxy/studyspace/projects/6.5840/src/debug_log/debug_log_round387_20260720_154412.067479541.log
[Round 363] PASS
[Round 363] Removed passed log: /home/zaxy/studyspace/projects/6.5840/src/debug_log/debug_log_round363_20260720_154310.870703015.log
[Round 388] Starting, log: /home/zaxy/studyspace/projects/6.5840/src/debug_log/debug_log_round388_20260720_154412.083871863.log
[Round 364] PASS
[Round 364] Removed passed log: /home/zaxy/studyspace/projects/6.5840/src/debug_log/debug_log_round364_20260720_154311.629741815.log
[Round 389] Starting, log: /home/zaxy/studyspace/projects/6.5840/src/debug_log/debug_log_round389_20260720_154414.639208947.log
[Round 365] PASS
[Round 365] Removed passed log: /home/zaxy/studyspace/projects/6.5840/src/debug_log/debug_log_round365_20260720_154311.748016328.log
[Round 390] Starting, log: /home/zaxy/studyspace/projects/6.5840/src/debug_log/debug_log_round390_20260720_154414.655412159.log
[Round 366] PASS
[Round 366] Removed passed log: /home/zaxy/studyspace/projects/6.5840/src/debug_log/debug_log_round366_20260720_154311.763638949.log
[Round 391] Starting, log: /home/zaxy/studyspace/projects/6.5840/src/debug_log/debug_log_round391_20260720_154414.670798420.log
[Round 367] PASS
[Round 367] Removed passed log: /home/zaxy/studyspace/projects/6.5840/src/debug_log/debug_log_round367_20260720_154311.782556832.log
[Round 392] Starting, log: /home/zaxy/studyspace/projects/6.5840/src/debug_log/debug_log_round392_20260720_154414.686701470.log
[Round 368] PASS
[Round 368] Removed passed log: /home/zaxy/studyspace/projects/6.5840/src/debug_log/debug_log_round368_20260720_154313.253594388.log
[Round 393] Starting, log: /home/zaxy/studyspace/projects/6.5840/src/debug_log/debug_log_round393_20260720_154414.707928431.log
[Round 369] PASS
[Round 369] Removed passed log: /home/zaxy/studyspace/projects/6.5840/src/debug_log/debug_log_round369_20260720_154314.075495446.log
[Round 394] Starting, log: /home/zaxy/studyspace/projects/6.5840/src/debug_log/debug_log_round394_20260720_154414.736169568.log
[Round 370] PASS
[Round 370] Removed passed log: /home/zaxy/studyspace/projects/6.5840/src/debug_log/debug_log_round370_20260720_154314.091259709.log
[Round 395] Starting, log: /home/zaxy/studyspace/projects/6.5840/src/debug_log/debug_log_round395_20260720_154417.289894195.log
[Round 371] PASS
[Round 371] Removed passed log: /home/zaxy/studyspace/projects/6.5840/src/debug_log/debug_log_round371_20260720_154314.592522658.log
[Round 396] Starting, log: /home/zaxy/studyspace/projects/6.5840/src/debug_log/debug_log_round396_20260720_154417.304440110.log
[Round 372] PASS
[Round 372] Removed passed log: /home/zaxy/studyspace/projects/6.5840/src/debug_log/debug_log_round372_20260720_154315.880206923.log
[Round 397] Starting, log: /home/zaxy/studyspace/projects/6.5840/src/debug_log/debug_log_round397_20260720_154417.320382254.log
[Round 373] PASS
[Round 373] Removed passed log: /home/zaxy/studyspace/projects/6.5840/src/debug_log/debug_log_round373_20260720_154316.578724532.log
[Round 398] Starting, log: /home/zaxy/studyspace/projects/6.5840/src/debug_log/debug_log_round398_20260720_154417.335942243.log
[Round 374] PASS
[Round 374] Removed passed log: /home/zaxy/studyspace/projects/6.5840/src/debug_log/debug_log_round374_20260720_154316.593398279.log
[Round 399] Starting, log: /home/zaxy/studyspace/projects/6.5840/src/debug_log/debug_log_round399_20260720_154417.357146807.log
[Round 375] PASS
[Round 375] Removed passed log: /home/zaxy/studyspace/projects/6.5840/src/debug_log/debug_log_round375_20260720_154316.759305375.log
[Round 400] Starting, log: /home/zaxy/studyspace/projects/6.5840/src/debug_log/debug_log_round400_20260720_154418.713771540.log
[Round 376] PASS
[Round 376] Removed passed log: /home/zaxy/studyspace/projects/6.5840/src/debug_log/debug_log_round376_20260720_154343.707604326.log
[Round 401] Starting, log: /home/zaxy/studyspace/projects/6.5840/src/debug_log/debug_log_round401_20260720_154444.123721585.log
[Round 377] PASS
[Round 377] Removed passed log: /home/zaxy/studyspace/projects/6.5840/src/debug_log/debug_log_round377_20260720_154348.663174943.log
[Round 402] Starting, log: /home/zaxy/studyspace/projects/6.5840/src/debug_log/debug_log_round402_20260720_154447.952173103.log
[Round 378] PASS
[Round 378] Removed passed log: /home/zaxy/studyspace/projects/6.5840/src/debug_log/debug_log_round378_20260720_154403.656462341.log
[Round 403] Starting, log: /home/zaxy/studyspace/projects/6.5840/src/debug_log/debug_log_round403_20260720_154504.948512728.log
[Round 379] PASS
[Round 379] Removed passed log: /home/zaxy/studyspace/projects/6.5840/src/debug_log/debug_log_round379_20260720_154403.675140223.log
[Round 404] Starting, log: /home/zaxy/studyspace/projects/6.5840/src/debug_log/debug_log_round404_20260720_154505.433678270.log
[Round 380] PASS
[Round 380] Removed passed log: /home/zaxy/studyspace/projects/6.5840/src/debug_log/debug_log_round380_20260720_154406.102552536.log
[Round 405] Starting, log: /home/zaxy/studyspace/projects/6.5840/src/debug_log/debug_log_round405_20260720_154506.304425105.log
[Round 381] PASS
[Round 381] Removed passed log: /home/zaxy/studyspace/projects/6.5840/src/debug_log/debug_log_round381_20260720_154407.214438877.log
[Round 406] Starting, log: /home/zaxy/studyspace/projects/6.5840/src/debug_log/debug_log_round406_20260720_154506.986580160.log
[Round 382] PASS
[Round 382] Removed passed log: /home/zaxy/studyspace/projects/6.5840/src/debug_log/debug_log_round382_20260720_154407.310815270.log
[Round 407] Starting, log: /home/zaxy/studyspace/projects/6.5840/src/debug_log/debug_log_round407_20260720_154507.003924875.log
[Round 383] PASS
[Round 383] Removed passed log: /home/zaxy/studyspace/projects/6.5840/src/debug_log/debug_log_round383_20260720_154408.561784939.log
[Round 408] Starting, log: /home/zaxy/studyspace/projects/6.5840/src/debug_log/debug_log_round408_20260720_154507.022992473.log
[Round 384] PASS
[Round 384] Removed passed log: /home/zaxy/studyspace/projects/6.5840/src/debug_log/debug_log_round384_20260720_154410.359703897.log
[Round 409] Starting, log: /home/zaxy/studyspace/projects/6.5840/src/debug_log/debug_log_round409_20260720_154510.011412023.log
[Round 385] PASS
[Round 385] Removed passed log: /home/zaxy/studyspace/projects/6.5840/src/debug_log/debug_log_round385_20260720_154412.036340601.log
[Round 410] Starting, log: /home/zaxy/studyspace/projects/6.5840/src/debug_log/debug_log_round410_20260720_154512.164820933.log
[Round 386] PASS
[Round 386] Removed passed log: /home/zaxy/studyspace/projects/6.5840/src/debug_log/debug_log_round386_20260720_154412.051517631.log
[Round 411] Starting, log: /home/zaxy/studyspace/projects/6.5840/src/debug_log/debug_log_round411_20260720_154514.444158366.log
[Round 387] PASS
[Round 387] Removed passed log: /home/zaxy/studyspace/projects/6.5840/src/debug_log/debug_log_round387_20260720_154412.067479541.log
[Round 412] Starting, log: /home/zaxy/studyspace/projects/6.5840/src/debug_log/debug_log_round412_20260720_154514.458500240.log
[Round 388] PASS
[Round 388] Removed passed log: /home/zaxy/studyspace/projects/6.5840/src/debug_log/debug_log_round388_20260720_154412.083871863.log
[Round 413] Starting, log: /home/zaxy/studyspace/projects/6.5840/src/debug_log/debug_log_round413_20260720_154514.472926681.log
[Round 389] PASS
[Round 389] Removed passed log: /home/zaxy/studyspace/projects/6.5840/src/debug_log/debug_log_round389_20260720_154414.639208947.log
[Round 414] Starting, log: /home/zaxy/studyspace/projects/6.5840/src/debug_log/debug_log_round414_20260720_154515.953583643.log
[Round 390] PASS
[Round 390] Removed passed log: /home/zaxy/studyspace/projects/6.5840/src/debug_log/debug_log_round390_20260720_154414.655412159.log
[Round 415] Starting, log: /home/zaxy/studyspace/projects/6.5840/src/debug_log/debug_log_round415_20260720_154515.968928013.log
[Round 391] PASS
[Round 391] Removed passed log: /home/zaxy/studyspace/projects/6.5840/src/debug_log/debug_log_round391_20260720_154414.670798420.log
[Round 416] Starting, log: /home/zaxy/studyspace/projects/6.5840/src/debug_log/debug_log_round416_20260720_154515.983816516.log
[Round 392] PASS
[Round 392] Removed passed log: /home/zaxy/studyspace/projects/6.5840/src/debug_log/debug_log_round392_20260720_154414.686701470.log
[Round 417] Starting, log: /home/zaxy/studyspace/projects/6.5840/src/debug_log/debug_log_round417_20260720_154515.998248114.log
[Round 393] PASS
[Round 393] Removed passed log: /home/zaxy/studyspace/projects/6.5840/src/debug_log/debug_log_round393_20260720_154414.707928431.log
[Round 418] Starting, log: /home/zaxy/studyspace/projects/6.5840/src/debug_log/debug_log_round418_20260720_154516.018080230.log
[Round 394] PASS
[Round 394] Removed passed log: /home/zaxy/studyspace/projects/6.5840/src/debug_log/debug_log_round394_20260720_154414.736169568.log
[Round 419] Starting, log: /home/zaxy/studyspace/projects/6.5840/src/debug_log/debug_log_round419_20260720_154516.986142562.log
[Round 395] PASS
[Round 395] Removed passed log: /home/zaxy/studyspace/projects/6.5840/src/debug_log/debug_log_round395_20260720_154417.289894195.log
[Round 420] Starting, log: /home/zaxy/studyspace/projects/6.5840/src/debug_log/debug_log_round420_20260720_154517.001452157.log
[Round 396] PASS
[Round 396] Removed passed log: /home/zaxy/studyspace/projects/6.5840/src/debug_log/debug_log_round396_20260720_154417.304440110.log
[Round 421] Starting, log: /home/zaxy/studyspace/projects/6.5840/src/debug_log/debug_log_round421_20260720_154520.416440236.log
[Round 397] PASS
[Round 397] Removed passed log: /home/zaxy/studyspace/projects/6.5840/src/debug_log/debug_log_round397_20260720_154417.320382254.log
[Round 422] Starting, log: /home/zaxy/studyspace/projects/6.5840/src/debug_log/debug_log_round422_20260720_154520.432192596.log
[Round 398] PASS
[Round 398] Removed passed log: /home/zaxy/studyspace/projects/6.5840/src/debug_log/debug_log_round398_20260720_154417.335942243.log
[Round 423] Starting, log: /home/zaxy/studyspace/projects/6.5840/src/debug_log/debug_log_round423_20260720_154520.447155494.log
[Round 399] PASS
[Round 399] Removed passed log: /home/zaxy/studyspace/projects/6.5840/src/debug_log/debug_log_round399_20260720_154417.357146807.log
[Round 424] Starting, log: /home/zaxy/studyspace/projects/6.5840/src/debug_log/debug_log_round424_20260720_154520.465976116.log
[Round 400] PASS
[Round 400] Removed passed log: /home/zaxy/studyspace/projects/6.5840/src/debug_log/debug_log_round400_20260720_154418.713771540.log
[Round 425] Starting, log: /home/zaxy/studyspace/projects/6.5840/src/debug_log/debug_log_round425_20260720_154521.176051236.log
[Round 401] PASS
[Round 401] Removed passed log: /home/zaxy/studyspace/projects/6.5840/src/debug_log/debug_log_round401_20260720_154444.123721585.log
[Round 426] Starting, log: /home/zaxy/studyspace/projects/6.5840/src/debug_log/debug_log_round426_20260720_154542.197601855.log
[Round 402] PASS
[Round 402] Removed passed log: /home/zaxy/studyspace/projects/6.5840/src/debug_log/debug_log_round402_20260720_154447.952173103.log
[Round 427] Starting, log: /home/zaxy/studyspace/projects/6.5840/src/debug_log/debug_log_round427_20260720_154549.383211630.log
[Round 403] PASS
[Round 403] Removed passed log: /home/zaxy/studyspace/projects/6.5840/src/debug_log/debug_log_round403_20260720_154504.948512728.log
[Round 428] Starting, log: /home/zaxy/studyspace/projects/6.5840/src/debug_log/debug_log_round428_20260720_154606.956113305.log
[Round 404] PASS
[Round 404] Removed passed log: /home/zaxy/studyspace/projects/6.5840/src/debug_log/debug_log_round404_20260720_154505.433678270.log
[Round 429] Starting, log: /home/zaxy/studyspace/projects/6.5840/src/debug_log/debug_log_round429_20260720_154606.980343289.log
[Round 405] PASS
[Round 405] Removed passed log: /home/zaxy/studyspace/projects/6.5840/src/debug_log/debug_log_round405_20260720_154506.304425105.log
[Round 430] Starting, log: /home/zaxy/studyspace/projects/6.5840/src/debug_log/debug_log_round430_20260720_154607.003271857.log
[Round 406] PASS
[Round 406] Removed passed log: /home/zaxy/studyspace/projects/6.5840/src/debug_log/debug_log_round406_20260720_154506.986580160.log
[Round 431] Starting, log: /home/zaxy/studyspace/projects/6.5840/src/debug_log/debug_log_round431_20260720_154609.650088783.log
[Round 407] PASS
[Round 407] Removed passed log: /home/zaxy/studyspace/projects/6.5840/src/debug_log/debug_log_round407_20260720_154507.003924875.log
[Round 432] Starting, log: /home/zaxy/studyspace/projects/6.5840/src/debug_log/debug_log_round432_20260720_154609.669998500.log
[Round 408] PASS
[Round 408] Removed passed log: /home/zaxy/studyspace/projects/6.5840/src/debug_log/debug_log_round408_20260720_154507.022992473.log
[Round 433] Starting, log: /home/zaxy/studyspace/projects/6.5840/src/debug_log/debug_log_round433_20260720_154609.695481988.log
[Round 409] PASS
[Round 409] Removed passed log: /home/zaxy/studyspace/projects/6.5840/src/debug_log/debug_log_round409_20260720_154510.011412023.log
[Round 434] Starting, log: /home/zaxy/studyspace/projects/6.5840/src/debug_log/debug_log_round434_20260720_154611.988389377.log
[Round 410] PASS
[Round 410] Removed passed log: /home/zaxy/studyspace/projects/6.5840/src/debug_log/debug_log_round410_20260720_154512.164820933.log
[Round 435] Starting, log: /home/zaxy/studyspace/projects/6.5840/src/debug_log/debug_log_round435_20260720_154613.814947524.log
[Round 411] PASS
[Round 411] Removed passed log: /home/zaxy/studyspace/projects/6.5840/src/debug_log/debug_log_round411_20260720_154514.444158366.log
[Round 436] Starting, log: /home/zaxy/studyspace/projects/6.5840/src/debug_log/debug_log_round436_20260720_154613.831290684.log
[Round 412] PASS
[Round 412] Removed passed log: /home/zaxy/studyspace/projects/6.5840/src/debug_log/debug_log_round412_20260720_154514.458500240.log
[Round 437] Starting, log: /home/zaxy/studyspace/projects/6.5840/src/debug_log/debug_log_round437_20260720_154613.981145680.log
[Round 413] PASS
[Round 413] Removed passed log: /home/zaxy/studyspace/projects/6.5840/src/debug_log/debug_log_round413_20260720_154514.472926681.log
[Round 438] Starting, log: /home/zaxy/studyspace/projects/6.5840/src/debug_log/debug_log_round438_20260720_154614.556911246.log
[Round 414] PASS
[Round 414] Removed passed log: /home/zaxy/studyspace/projects/6.5840/src/debug_log/debug_log_round414_20260720_154515.953583643.log
[Round 439] Starting, log: /home/zaxy/studyspace/projects/6.5840/src/debug_log/debug_log_round439_20260720_154615.777114718.log
[Round 415] PASS
[Round 415] Removed passed log: /home/zaxy/studyspace/projects/6.5840/src/debug_log/debug_log_round415_20260720_154515.968928013.log
[Round 440] Starting, log: /home/zaxy/studyspace/projects/6.5840/src/debug_log/debug_log_round440_20260720_154616.413939993.log
[Round 416] PASS
[Round 416] Removed passed log: /home/zaxy/studyspace/projects/6.5840/src/debug_log/debug_log_round416_20260720_154515.983816516.log
[Round 441] Starting, log: /home/zaxy/studyspace/projects/6.5840/src/debug_log/debug_log_round441_20260720_154616.429435427.log
[Round 417] PASS
[Round 417] Removed passed log: /home/zaxy/studyspace/projects/6.5840/src/debug_log/debug_log_round417_20260720_154515.998248114.log
[Round 442] Starting, log: /home/zaxy/studyspace/projects/6.5840/src/debug_log/debug_log_round442_20260720_154616.444491687.log
[Round 418] PASS
[Round 418] Removed passed log: /home/zaxy/studyspace/projects/6.5840/src/debug_log/debug_log_round418_20260720_154516.018080230.log
[Round 443] Starting, log: /home/zaxy/studyspace/projects/6.5840/src/debug_log/debug_log_round443_20260720_154617.767264345.log
[Round 419] PASS
[Round 419] Removed passed log: /home/zaxy/studyspace/projects/6.5840/src/debug_log/debug_log_round419_20260720_154516.986142562.log
[Round 444] Starting, log: /home/zaxy/studyspace/projects/6.5840/src/debug_log/debug_log_round444_20260720_154617.781289405.log
[Round 420] PASS
[Round 420] Removed passed log: /home/zaxy/studyspace/projects/6.5840/src/debug_log/debug_log_round420_20260720_154517.001452157.log
[Round 445] Starting, log: /home/zaxy/studyspace/projects/6.5840/src/debug_log/debug_log_round445_20260720_154617.795440463.log
[Round 421] PASS
[Round 421] Removed passed log: /home/zaxy/studyspace/projects/6.5840/src/debug_log/debug_log_round421_20260720_154520.416440236.log
[Round 446] Starting, log: /home/zaxy/studyspace/projects/6.5840/src/debug_log/debug_log_round446_20260720_154618.574408925.log
[Round 422] PASS
[Round 422] Removed passed log: /home/zaxy/studyspace/projects/6.5840/src/debug_log/debug_log_round422_20260720_154520.432192596.log
[Round 447] Starting, log: /home/zaxy/studyspace/projects/6.5840/src/debug_log/debug_log_round447_20260720_154621.234353022.log
[Round 423] PASS
[Round 423] Removed passed log: /home/zaxy/studyspace/projects/6.5840/src/debug_log/debug_log_round423_20260720_154520.447155494.log
[Round 448] Starting, log: /home/zaxy/studyspace/projects/6.5840/src/debug_log/debug_log_round448_20260720_154621.249304368.log
[Round 424] PASS
[Round 424] Removed passed log: /home/zaxy/studyspace/projects/6.5840/src/debug_log/debug_log_round424_20260720_154520.465976116.log
[Round 449] Starting, log: /home/zaxy/studyspace/projects/6.5840/src/debug_log/debug_log_round449_20260720_154621.263584905.log
[Round 425] PASS
[Round 425] Removed passed log: /home/zaxy/studyspace/projects/6.5840/src/debug_log/debug_log_round425_20260720_154521.176051236.log
[Round 450] Starting, log: /home/zaxy/studyspace/projects/6.5840/src/debug_log/debug_log_round450_20260720_154621.278316022.log
[Round 426] PASS
[Round 426] Removed passed log: /home/zaxy/studyspace/projects/6.5840/src/debug_log/debug_log_round426_20260720_154542.197601855.log
[Round 451] Starting, log: /home/zaxy/studyspace/projects/6.5840/src/debug_log/debug_log_round451_20260720_154639.971529865.log
[Round 427] PASS
[Round 427] Removed passed log: /home/zaxy/studyspace/projects/6.5840/src/debug_log/debug_log_round427_20260720_154549.383211630.log
[Round 452] Starting, log: /home/zaxy/studyspace/projects/6.5840/src/debug_log/debug_log_round452_20260720_154649.528838306.log
[Round 428] PASS
[Round 428] Removed passed log: /home/zaxy/studyspace/projects/6.5840/src/debug_log/debug_log_round428_20260720_154606.956113305.log
[Round 453] Starting, log: /home/zaxy/studyspace/projects/6.5840/src/debug_log/debug_log_round453_20260720_154709.926357417.log
[Round 429] PASS
[Round 429] Removed passed log: /home/zaxy/studyspace/projects/6.5840/src/debug_log/debug_log_round429_20260720_154606.980343289.log
[Round 454] Starting, log: /home/zaxy/studyspace/projects/6.5840/src/debug_log/debug_log_round454_20260720_154709.948117340.log
[Round 430] PASS
[Round 430] Removed passed log: /home/zaxy/studyspace/projects/6.5840/src/debug_log/debug_log_round430_20260720_154607.003271857.log
[Round 455] Starting, log: /home/zaxy/studyspace/projects/6.5840/src/debug_log/debug_log_round455_20260720_154709.966715521.log
[Round 431] PASS
[Round 431] Removed passed log: /home/zaxy/studyspace/projects/6.5840/src/debug_log/debug_log_round431_20260720_154609.650088783.log
[Round 456] Starting, log: /home/zaxy/studyspace/projects/6.5840/src/debug_log/debug_log_round456_20260720_154711.439069673.log
[Round 432] PASS
[Round 432] Removed passed log: /home/zaxy/studyspace/projects/6.5840/src/debug_log/debug_log_round432_20260720_154609.669998500.log
[Round 457] Starting, log: /home/zaxy/studyspace/projects/6.5840/src/debug_log/debug_log_round457_20260720_154711.458080013.log
[Round 433] PASS
[Round 433] Removed passed log: /home/zaxy/studyspace/projects/6.5840/src/debug_log/debug_log_round433_20260720_154609.695481988.log
[Round 458] Starting, log: /home/zaxy/studyspace/projects/6.5840/src/debug_log/debug_log_round458_20260720_154711.475573395.log
[Round 434] PASS
[Round 434] Removed passed log: /home/zaxy/studyspace/projects/6.5840/src/debug_log/debug_log_round434_20260720_154611.988389377.log
[Round 459] Starting, log: /home/zaxy/studyspace/projects/6.5840/src/debug_log/debug_log_round459_20260720_154711.893957456.log
[Round 435] PASS
[Round 435] Removed passed log: /home/zaxy/studyspace/projects/6.5840/src/debug_log/debug_log_round435_20260720_154613.814947524.log
[Round 460] Starting, log: /home/zaxy/studyspace/projects/6.5840/src/debug_log/debug_log_round460_20260720_154713.980857334.log
[Round 436] PASS
[Round 436] Removed passed log: /home/zaxy/studyspace/projects/6.5840/src/debug_log/debug_log_round436_20260720_154613.831290684.log
[Round 461] Starting, log: /home/zaxy/studyspace/projects/6.5840/src/debug_log/debug_log_round461_20260720_154716.236386503.log
[Round 437] PASS
[Round 437] Removed passed log: /home/zaxy/studyspace/projects/6.5840/src/debug_log/debug_log_round437_20260720_154613.981145680.log
[Round 462] Starting, log: /home/zaxy/studyspace/projects/6.5840/src/debug_log/debug_log_round462_20260720_154716.251628114.log
[Round 438] PASS
[Round 438] Removed passed log: /home/zaxy/studyspace/projects/6.5840/src/debug_log/debug_log_round438_20260720_154614.556911246.log
[Round 463] Starting, log: /home/zaxy/studyspace/projects/6.5840/src/debug_log/debug_log_round463_20260720_154716.807775370.log
[Round 439] PASS
[Round 439] Removed passed log: /home/zaxy/studyspace/projects/6.5840/src/debug_log/debug_log_round439_20260720_154615.777114718.log
[Round 464] Starting, log: /home/zaxy/studyspace/projects/6.5840/src/debug_log/debug_log_round464_20260720_154716.822391633.log
[Round 440] PASS
[Round 440] Removed passed log: /home/zaxy/studyspace/projects/6.5840/src/debug_log/debug_log_round440_20260720_154616.413939993.log
[Round 465] Starting, log: /home/zaxy/studyspace/projects/6.5840/src/debug_log/debug_log_round465_20260720_154716.837562621.log
[Round 441] PASS
[Round 441] Removed passed log: /home/zaxy/studyspace/projects/6.5840/src/debug_log/debug_log_round441_20260720_154616.429435427.log
[Round 466] Starting, log: /home/zaxy/studyspace/projects/6.5840/src/debug_log/debug_log_round466_20260720_154716.855246338.log
[Round 442] PASS
[Round 442] Removed passed log: /home/zaxy/studyspace/projects/6.5840/src/debug_log/debug_log_round442_20260720_154616.444491687.log
[Round 467] Starting, log: /home/zaxy/studyspace/projects/6.5840/src/debug_log/debug_log_round467_20260720_154717.366622236.log
[Round 443] PASS
[Round 443] Removed passed log: /home/zaxy/studyspace/projects/6.5840/src/debug_log/debug_log_round443_20260720_154617.767264345.log
[Round 468] Starting, log: /home/zaxy/studyspace/projects/6.5840/src/debug_log/debug_log_round468_20260720_154719.736964226.log
[Round 444] PASS
[Round 444] Removed passed log: /home/zaxy/studyspace/projects/6.5840/src/debug_log/debug_log_round444_20260720_154617.781289405.log
[Round 469] Starting, log: /home/zaxy/studyspace/projects/6.5840/src/debug_log/debug_log_round469_20260720_154719.752975722.log
[Round 445] PASS
[Round 445] Removed passed log: /home/zaxy/studyspace/projects/6.5840/src/debug_log/debug_log_round445_20260720_154617.795440463.log
[Round 470] Starting, log: /home/zaxy/studyspace/projects/6.5840/src/debug_log/debug_log_round470_20260720_154719.770309709.log
[Round 446] PASS
[Round 446] Removed passed log: /home/zaxy/studyspace/projects/6.5840/src/debug_log/debug_log_round446_20260720_154618.574408925.log
[Round 471] Starting, log: /home/zaxy/studyspace/projects/6.5840/src/debug_log/debug_log_round471_20260720_154719.786358390.log
[Round 447] PASS
[Round 447] Removed passed log: /home/zaxy/studyspace/projects/6.5840/src/debug_log/debug_log_round447_20260720_154621.234353022.log
[Round 472] Starting, log: /home/zaxy/studyspace/projects/6.5840/src/debug_log/debug_log_round472_20260720_154722.548811225.log
[Round 448] PASS
[Round 448] Removed passed log: /home/zaxy/studyspace/projects/6.5840/src/debug_log/debug_log_round448_20260720_154621.249304368.log
[Round 473] Starting, log: /home/zaxy/studyspace/projects/6.5840/src/debug_log/debug_log_round473_20260720_154722.565132497.log
[Round 449] PASS
[Round 449] Removed passed log: /home/zaxy/studyspace/projects/6.5840/src/debug_log/debug_log_round449_20260720_154621.263584905.log
[Round 474] Starting, log: /home/zaxy/studyspace/projects/6.5840/src/debug_log/debug_log_round474_20260720_154723.701895373.log
[Round 450] PASS
[Round 450] Removed passed log: /home/zaxy/studyspace/projects/6.5840/src/debug_log/debug_log_round450_20260720_154621.278316022.log
[Round 475] Starting, log: /home/zaxy/studyspace/projects/6.5840/src/debug_log/debug_log_round475_20260720_154723.716860716.log
[Round 451] PASS
[Round 451] Removed passed log: /home/zaxy/studyspace/projects/6.5840/src/debug_log/debug_log_round451_20260720_154639.971529865.log
[Round 476] Starting, log: /home/zaxy/studyspace/projects/6.5840/src/debug_log/debug_log_round476_20260720_154737.576182332.log
[Round 452] PASS
[Round 452] Removed passed log: /home/zaxy/studyspace/projects/6.5840/src/debug_log/debug_log_round452_20260720_154649.528838306.log
[Round 477] Starting, log: /home/zaxy/studyspace/projects/6.5840/src/debug_log/debug_log_round477_20260720_154747.237448501.log
[Round 453] PASS
[Round 453] Removed passed log: /home/zaxy/studyspace/projects/6.5840/src/debug_log/debug_log_round453_20260720_154709.926357417.log
[Round 478] Starting, log: /home/zaxy/studyspace/projects/6.5840/src/debug_log/debug_log_round478_20260720_154807.580274400.log
[Round 454] PASS
[Round 454] Removed passed log: /home/zaxy/studyspace/projects/6.5840/src/debug_log/debug_log_round454_20260720_154709.948117340.log
[Round 479] Starting, log: /home/zaxy/studyspace/projects/6.5840/src/debug_log/debug_log_round479_20260720_154810.415699764.log
[Round 455] PASS
[Round 455] Removed passed log: /home/zaxy/studyspace/projects/6.5840/src/debug_log/debug_log_round455_20260720_154709.966715521.log
[Round 480] Starting, log: /home/zaxy/studyspace/projects/6.5840/src/debug_log/debug_log_round480_20260720_154810.589999363.log
[Round 456] PASS
[Round 456] Removed passed log: /home/zaxy/studyspace/projects/6.5840/src/debug_log/debug_log_round456_20260720_154711.439069673.log
[Round 481] Starting, log: /home/zaxy/studyspace/projects/6.5840/src/debug_log/debug_log_round481_20260720_154811.612402556.log
[Round 457] PASS
[Round 457] Removed passed log: /home/zaxy/studyspace/projects/6.5840/src/debug_log/debug_log_round457_20260720_154711.458080013.log
[Round 482] Starting, log: /home/zaxy/studyspace/projects/6.5840/src/debug_log/debug_log_round482_20260720_154811.838037417.log
[Round 458] PASS
[Round 458] Removed passed log: /home/zaxy/studyspace/projects/6.5840/src/debug_log/debug_log_round458_20260720_154711.475573395.log
[Round 483] Starting, log: /home/zaxy/studyspace/projects/6.5840/src/debug_log/debug_log_round483_20260720_154812.582390415.log
[Round 459] PASS
[Round 459] Removed passed log: /home/zaxy/studyspace/projects/6.5840/src/debug_log/debug_log_round459_20260720_154711.893957456.log
[Round 484] Starting, log: /home/zaxy/studyspace/projects/6.5840/src/debug_log/debug_log_round484_20260720_154812.601131230.log
[Round 460] PASS
[Round 460] Removed passed log: /home/zaxy/studyspace/projects/6.5840/src/debug_log/debug_log_round460_20260720_154713.980857334.log
[Round 485] Starting, log: /home/zaxy/studyspace/projects/6.5840/src/debug_log/debug_log_round485_20260720_154813.224939994.log
[Round 461] PASS
[Round 461] Removed passed log: /home/zaxy/studyspace/projects/6.5840/src/debug_log/debug_log_round461_20260720_154716.236386503.log
[Round 486] Starting, log: /home/zaxy/studyspace/projects/6.5840/src/debug_log/debug_log_round486_20260720_154815.670348388.log
[Round 462] PASS
[Round 462] Removed passed log: /home/zaxy/studyspace/projects/6.5840/src/debug_log/debug_log_round462_20260720_154716.251628114.log
[Round 487] Starting, log: /home/zaxy/studyspace/projects/6.5840/src/debug_log/debug_log_round487_20260720_154815.687916937.log
[Round 463] PASS
[Round 463] Removed passed log: /home/zaxy/studyspace/projects/6.5840/src/debug_log/debug_log_round463_20260720_154716.807775370.log
[Round 488] Starting, log: /home/zaxy/studyspace/projects/6.5840/src/debug_log/debug_log_round488_20260720_154816.145227138.log
[Round 464] PASS
[Round 464] Removed passed log: /home/zaxy/studyspace/projects/6.5840/src/debug_log/debug_log_round464_20260720_154716.822391633.log
[Round 489] Starting, log: /home/zaxy/studyspace/projects/6.5840/src/debug_log/debug_log_round489_20260720_154818.142640643.log
[Round 465] PASS
[Round 465] Removed passed log: /home/zaxy/studyspace/projects/6.5840/src/debug_log/debug_log_round465_20260720_154716.837562621.log
[Round 490] Starting, log: /home/zaxy/studyspace/projects/6.5840/src/debug_log/debug_log_round490_20260720_154818.157141151.log
[Round 466] PASS
[Round 466] Removed passed log: /home/zaxy/studyspace/projects/6.5840/src/debug_log/debug_log_round466_20260720_154716.855246338.log
[Round 491] Starting, log: /home/zaxy/studyspace/projects/6.5840/src/debug_log/debug_log_round491_20260720_154818.172265236.log
[Round 467] PASS
[Round 467] Removed passed log: /home/zaxy/studyspace/projects/6.5840/src/debug_log/debug_log_round467_20260720_154717.366622236.log
[Round 492] Starting, log: /home/zaxy/studyspace/projects/6.5840/src/debug_log/debug_log_round492_20260720_154818.191215222.log
[Round 468] PASS
[Round 468] Removed passed log: /home/zaxy/studyspace/projects/6.5840/src/debug_log/debug_log_round468_20260720_154719.736964226.log
[Round 493] Starting, log: /home/zaxy/studyspace/projects/6.5840/src/debug_log/debug_log_round493_20260720_154819.357610302.log
[Round 469] PASS
[Round 469] Removed passed log: /home/zaxy/studyspace/projects/6.5840/src/debug_log/debug_log_round469_20260720_154719.752975722.log
[Round 494] Starting, log: /home/zaxy/studyspace/projects/6.5840/src/debug_log/debug_log_round494_20260720_154821.531953650.log
[Round 470] PASS
[Round 470] Removed passed log: /home/zaxy/studyspace/projects/6.5840/src/debug_log/debug_log_round470_20260720_154719.770309709.log
[Round 495] Starting, log: /home/zaxy/studyspace/projects/6.5840/src/debug_log/debug_log_round495_20260720_154821.792172250.log
[Round 471] PASS
[Round 471] Removed passed log: /home/zaxy/studyspace/projects/6.5840/src/debug_log/debug_log_round471_20260720_154719.786358390.log
[Round 496] Starting, log: /home/zaxy/studyspace/projects/6.5840/src/debug_log/debug_log_round496_20260720_154821.808487400.log
[Round 472] PASS
[Round 472] Removed passed log: /home/zaxy/studyspace/projects/6.5840/src/debug_log/debug_log_round472_20260720_154722.548811225.log
[Round 497] Starting, log: /home/zaxy/studyspace/projects/6.5840/src/debug_log/debug_log_round497_20260720_154822.069238430.log
[Round 473] PASS
[Round 473] Removed passed log: /home/zaxy/studyspace/projects/6.5840/src/debug_log/debug_log_round473_20260720_154722.565132497.log
[Round 498] Starting, log: /home/zaxy/studyspace/projects/6.5840/src/debug_log/debug_log_round498_20260720_154824.338323337.log
[Round 474] PASS
[Round 474] Removed passed log: /home/zaxy/studyspace/projects/6.5840/src/debug_log/debug_log_round474_20260720_154723.701895373.log
[Round 499] Starting, log: /home/zaxy/studyspace/projects/6.5840/src/debug_log/debug_log_round499_20260720_154824.354284863.log
[Round 475] PASS
[Round 475] Removed passed log: /home/zaxy/studyspace/projects/6.5840/src/debug_log/debug_log_round475_20260720_154723.716860716.log
[Round 500] Starting, log: /home/zaxy/studyspace/projects/6.5840/src/debug_log/debug_log_round500_20260720_154824.370289876.log
[Round 476] PASS
[Round 476] Removed passed log: /home/zaxy/studyspace/projects/6.5840/src/debug_log/debug_log_round476_20260720_154737.576182332.log
[Round 501] Starting, log: /home/zaxy/studyspace/projects/6.5840/src/debug_log/debug_log_round501_20260720_154839.620544010.log
[Round 477] PASS
[Round 477] Removed passed log: /home/zaxy/studyspace/projects/6.5840/src/debug_log/debug_log_round477_20260720_154747.237448501.log
[Round 502] Starting, log: /home/zaxy/studyspace/projects/6.5840/src/debug_log/debug_log_round502_20260720_154846.344145474.log
[Round 478] PASS
[Round 478] Removed passed log: /home/zaxy/studyspace/projects/6.5840/src/debug_log/debug_log_round478_20260720_154807.580274400.log
[Round 503] Starting, log: /home/zaxy/studyspace/projects/6.5840/src/debug_log/debug_log_round503_20260720_154908.053459459.log
[Round 479] PASS
[Round 479] Removed passed log: /home/zaxy/studyspace/projects/6.5840/src/debug_log/debug_log_round479_20260720_154810.415699764.log
[Round 504] Starting, log: /home/zaxy/studyspace/projects/6.5840/src/debug_log/debug_log_round504_20260720_154910.464482305.log
[Round 480] PASS
[Round 480] Removed passed log: /home/zaxy/studyspace/projects/6.5840/src/debug_log/debug_log_round480_20260720_154810.589999363.log
[Round 505] Starting, log: /home/zaxy/studyspace/projects/6.5840/src/debug_log/debug_log_round505_20260720_154911.031961659.log
[Round 481] PASS
[Round 481] Removed passed log: /home/zaxy/studyspace/projects/6.5840/src/debug_log/debug_log_round481_20260720_154811.612402556.log
[Round 506] Starting, log: /home/zaxy/studyspace/projects/6.5840/src/debug_log/debug_log_round506_20260720_154914.386315926.log
[Round 482] PASS
[Round 482] Removed passed log: /home/zaxy/studyspace/projects/6.5840/src/debug_log/debug_log_round482_20260720_154811.838037417.log
[Round 507] Starting, log: /home/zaxy/studyspace/projects/6.5840/src/debug_log/debug_log_round507_20260720_154914.402227448.log
[Round 483] PASS
[Round 483] Removed passed log: /home/zaxy/studyspace/projects/6.5840/src/debug_log/debug_log_round483_20260720_154812.582390415.log
[Round 508] Starting, log: /home/zaxy/studyspace/projects/6.5840/src/debug_log/debug_log_round508_20260720_154914.626872175.log
[Round 484] PASS
[Round 484] Removed passed log: /home/zaxy/studyspace/projects/6.5840/src/debug_log/debug_log_round484_20260720_154812.601131230.log
[Round 509] Starting, log: /home/zaxy/studyspace/projects/6.5840/src/debug_log/debug_log_round509_20260720_154915.849762442.log
[Round 485] PASS
[Round 485] Removed passed log: /home/zaxy/studyspace/projects/6.5840/src/debug_log/debug_log_round485_20260720_154813.224939994.log
[Round 510] Starting, log: /home/zaxy/studyspace/projects/6.5840/src/debug_log/debug_log_round510_20260720_154915.868366344.log
[Round 486] PASS
[Round 486] Removed passed log: /home/zaxy/studyspace/projects/6.5840/src/debug_log/debug_log_round486_20260720_154815.670348388.log
[Round 511] Starting, log: /home/zaxy/studyspace/projects/6.5840/src/debug_log/debug_log_round511_20260720_154916.060983141.log
[Round 487] PASS
[Round 487] Removed passed log: /home/zaxy/studyspace/projects/6.5840/src/debug_log/debug_log_round487_20260720_154815.687916937.log
[Round 512] Starting, log: /home/zaxy/studyspace/projects/6.5840/src/debug_log/debug_log_round512_20260720_154917.533388038.log
[Round 488] PASS
[Round 488] Removed passed log: /home/zaxy/studyspace/projects/6.5840/src/debug_log/debug_log_round488_20260720_154816.145227138.log
[Round 513] Starting, log: /home/zaxy/studyspace/projects/6.5840/src/debug_log/debug_log_round513_20260720_154917.799512848.log
[Round 489] PASS
[Round 489] Removed passed log: /home/zaxy/studyspace/projects/6.5840/src/debug_log/debug_log_round489_20260720_154818.142640643.log
[Round 514] Starting, log: /home/zaxy/studyspace/projects/6.5840/src/debug_log/debug_log_round514_20260720_154917.819244458.log
[Round 490] PASS
[Round 490] Removed passed log: /home/zaxy/studyspace/projects/6.5840/src/debug_log/debug_log_round490_20260720_154818.157141151.log
[Round 515] Starting, log: /home/zaxy/studyspace/projects/6.5840/src/debug_log/debug_log_round515_20260720_154917.837643844.log
[Round 491] PASS
[Round 491] Removed passed log: /home/zaxy/studyspace/projects/6.5840/src/debug_log/debug_log_round491_20260720_154818.172265236.log
[Round 516] Starting, log: /home/zaxy/studyspace/projects/6.5840/src/debug_log/debug_log_round516_20260720_154919.510505598.log
[Round 492] PASS
[Round 492] Removed passed log: /home/zaxy/studyspace/projects/6.5840/src/debug_log/debug_log_round492_20260720_154818.191215222.log
[Round 517] Starting, log: /home/zaxy/studyspace/projects/6.5840/src/debug_log/debug_log_round517_20260720_154919.751669587.log
[Round 493] PASS
[Round 493] Removed passed log: /home/zaxy/studyspace/projects/6.5840/src/debug_log/debug_log_round493_20260720_154819.357610302.log
[Round 518] Starting, log: /home/zaxy/studyspace/projects/6.5840/src/debug_log/debug_log_round518_20260720_154920.950447353.log
[Round 494] PASS
[Round 494] Removed passed log: /home/zaxy/studyspace/projects/6.5840/src/debug_log/debug_log_round494_20260720_154821.531953650.log
[Round 519] Starting, log: /home/zaxy/studyspace/projects/6.5840/src/debug_log/debug_log_round519_20260720_154923.143848811.log
[Round 495] PASS
[Round 495] Removed passed log: /home/zaxy/studyspace/projects/6.5840/src/debug_log/debug_log_round495_20260720_154821.792172250.log
[Round 520] Starting, log: /home/zaxy/studyspace/projects/6.5840/src/debug_log/debug_log_round520_20260720_154923.159249071.log
[Round 496] PASS
[Round 496] Removed passed log: /home/zaxy/studyspace/projects/6.5840/src/debug_log/debug_log_round496_20260720_154821.808487400.log
[Round 521] Starting, log: /home/zaxy/studyspace/projects/6.5840/src/debug_log/debug_log_round521_20260720_154923.176354900.log
[Round 497] PASS
[Round 497] Removed passed log: /home/zaxy/studyspace/projects/6.5840/src/debug_log/debug_log_round497_20260720_154822.069238430.log
[Round 522] Starting, log: /home/zaxy/studyspace/projects/6.5840/src/debug_log/debug_log_round522_20260720_154923.191980979.log
[Round 498] PASS
[Round 498] Removed passed log: /home/zaxy/studyspace/projects/6.5840/src/debug_log/debug_log_round498_20260720_154824.338323337.log
[Round 523] Starting, log: /home/zaxy/studyspace/projects/6.5840/src/debug_log/debug_log_round523_20260720_154925.819925990.log
[Round 499] PASS
[Round 499] Removed passed log: /home/zaxy/studyspace/projects/6.5840/src/debug_log/debug_log_round499_20260720_154824.354284863.log
[Round 524] Starting, log: /home/zaxy/studyspace/projects/6.5840/src/debug_log/debug_log_round524_20260720_154925.835499113.log
[Round 500] PASS
[Round 500] Removed passed log: /home/zaxy/studyspace/projects/6.5840/src/debug_log/debug_log_round500_20260720_154824.370289876.log
[Round 525] Starting, log: /home/zaxy/studyspace/projects/6.5840/src/debug_log/debug_log_round525_20260720_154925.852614792.log
[Round 501] PASS
[Round 501] Removed passed log: /home/zaxy/studyspace/projects/6.5840/src/debug_log/debug_log_round501_20260720_154839.620544010.log
[Round 526] Starting, log: /home/zaxy/studyspace/projects/6.5840/src/debug_log/debug_log_round526_20260720_154939.026740568.log
[Round 502] PASS
[Round 502] Removed passed log: /home/zaxy/studyspace/projects/6.5840/src/debug_log/debug_log_round502_20260720_154846.344145474.log
[Round 527] Starting, log: /home/zaxy/studyspace/projects/6.5840/src/debug_log/debug_log_round527_20260720_154944.429357498.log
[Round 503] PASS
[Round 503] Removed passed log: /home/zaxy/studyspace/projects/6.5840/src/debug_log/debug_log_round503_20260720_154908.053459459.log
[Round 528] Starting, log: /home/zaxy/studyspace/projects/6.5840/src/debug_log/debug_log_round528_20260720_155005.245747793.log
[Round 504] PASS
[Round 504] Removed passed log: /home/zaxy/studyspace/projects/6.5840/src/debug_log/debug_log_round504_20260720_154910.464482305.log
[Round 529] Starting, log: /home/zaxy/studyspace/projects/6.5840/src/debug_log/debug_log_round529_20260720_155012.460401929.log
[Round 505] PASS
[Round 505] Removed passed log: /home/zaxy/studyspace/projects/6.5840/src/debug_log/debug_log_round505_20260720_154911.031961659.log
[Round 530] Starting, log: /home/zaxy/studyspace/projects/6.5840/src/debug_log/debug_log_round530_20260720_155014.149737918.log
[Round 506] PASS
[Round 506] Removed passed log: /home/zaxy/studyspace/projects/6.5840/src/debug_log/debug_log_round506_20260720_154914.386315926.log
[Round 531] Starting, log: /home/zaxy/studyspace/projects/6.5840/src/debug_log/debug_log_round531_20260720_155014.166373553.log
[Round 507] PASS
[Round 507] Removed passed log: /home/zaxy/studyspace/projects/6.5840/src/debug_log/debug_log_round507_20260720_154914.402227448.log
[Round 532] Starting, log: /home/zaxy/studyspace/projects/6.5840/src/debug_log/debug_log_round532_20260720_155014.438406013.log
[Round 508] PASS
[Round 508] Removed passed log: /home/zaxy/studyspace/projects/6.5840/src/debug_log/debug_log_round508_20260720_154914.626872175.log
[Round 533] Starting, log: /home/zaxy/studyspace/projects/6.5840/src/debug_log/debug_log_round533_20260720_155014.458702921.log
[Round 509] PASS
[Round 509] Removed passed log: /home/zaxy/studyspace/projects/6.5840/src/debug_log/debug_log_round509_20260720_154915.849762442.log
[Round 534] Starting, log: /home/zaxy/studyspace/projects/6.5840/src/debug_log/debug_log_round534_20260720_155016.839442978.log
[Round 510] PASS
[Round 510] Removed passed log: /home/zaxy/studyspace/projects/6.5840/src/debug_log/debug_log_round510_20260720_154915.868366344.log
[Round 535] Starting, log: /home/zaxy/studyspace/projects/6.5840/src/debug_log/debug_log_round535_20260720_155016.858791101.log
[Round 511] PASS
[Round 511] Removed passed log: /home/zaxy/studyspace/projects/6.5840/src/debug_log/debug_log_round511_20260720_154916.060983141.log
[Round 536] Starting, log: /home/zaxy/studyspace/projects/6.5840/src/debug_log/debug_log_round536_20260720_155017.519166618.log
[Round 512] PASS
[Round 512] Removed passed log: /home/zaxy/studyspace/projects/6.5840/src/debug_log/debug_log_round512_20260720_154917.533388038.log
[Round 537] Starting, log: /home/zaxy/studyspace/projects/6.5840/src/debug_log/debug_log_round537_20260720_155017.535544386.log
[Round 513] PASS
[Round 513] Removed passed log: /home/zaxy/studyspace/projects/6.5840/src/debug_log/debug_log_round513_20260720_154917.799512848.log
[Round 538] Starting, log: /home/zaxy/studyspace/projects/6.5840/src/debug_log/debug_log_round538_20260720_155017.554359873.log
[Round 514] PASS
[Round 514] Removed passed log: /home/zaxy/studyspace/projects/6.5840/src/debug_log/debug_log_round514_20260720_154917.819244458.log
[Round 539] Starting, log: /home/zaxy/studyspace/projects/6.5840/src/debug_log/debug_log_round539_20260720_155017.577023418.log
[Round 515] PASS
[Round 515] Removed passed log: /home/zaxy/studyspace/projects/6.5840/src/debug_log/debug_log_round515_20260720_154917.837643844.log
[Round 540] Starting, log: /home/zaxy/studyspace/projects/6.5840/src/debug_log/debug_log_round540_20260720_155020.848215407.log
[Round 516] PASS
[Round 516] Removed passed log: /home/zaxy/studyspace/projects/6.5840/src/debug_log/debug_log_round516_20260720_154919.510505598.log
[Round 541] Starting, log: /home/zaxy/studyspace/projects/6.5840/src/debug_log/debug_log_round541_20260720_155021.456250479.log
[Round 517] PASS
[Round 517] Removed passed log: /home/zaxy/studyspace/projects/6.5840/src/debug_log/debug_log_round517_20260720_154919.751669587.log
[Round 542] Starting, log: /home/zaxy/studyspace/projects/6.5840/src/debug_log/debug_log_round542_20260720_155021.473701001.log
[Round 518] PASS
[Round 518] Removed passed log: /home/zaxy/studyspace/projects/6.5840/src/debug_log/debug_log_round518_20260720_154920.950447353.log
[Round 543] Starting, log: /home/zaxy/studyspace/projects/6.5840/src/debug_log/debug_log_round543_20260720_155021.490919163.log
[Round 519] PASS
[Round 519] Removed passed log: /home/zaxy/studyspace/projects/6.5840/src/debug_log/debug_log_round519_20260720_154923.143848811.log
[Round 544] Starting, log: /home/zaxy/studyspace/projects/6.5840/src/debug_log/debug_log_round544_20260720_155024.989212736.log
[Round 520] PASS
[Round 520] Removed passed log: /home/zaxy/studyspace/projects/6.5840/src/debug_log/debug_log_round520_20260720_154923.159249071.log
[Round 545] Starting, log: /home/zaxy/studyspace/projects/6.5840/src/debug_log/debug_log_round545_20260720_155025.554964645.log
[Round 521] PASS
[Round 521] Removed passed log: /home/zaxy/studyspace/projects/6.5840/src/debug_log/debug_log_round521_20260720_154923.176354900.log
[Round 546] Starting, log: /home/zaxy/studyspace/projects/6.5840/src/debug_log/debug_log_round546_20260720_155025.570575337.log
[Round 522] PASS
[Round 522] Removed passed log: /home/zaxy/studyspace/projects/6.5840/src/debug_log/debug_log_round522_20260720_154923.191980979.log
[Round 547] Starting, log: /home/zaxy/studyspace/projects/6.5840/src/debug_log/debug_log_round547_20260720_155025.585267749.log
[Round 523] PASS
[Round 523] Removed passed log: /home/zaxy/studyspace/projects/6.5840/src/debug_log/debug_log_round523_20260720_154925.819925990.log
[Round 548] Starting, log: /home/zaxy/studyspace/projects/6.5840/src/debug_log/debug_log_round548_20260720_155025.601374755.log
[Round 524] PASS
[Round 524] Removed passed log: /home/zaxy/studyspace/projects/6.5840/src/debug_log/debug_log_round524_20260720_154925.835499113.log
[Round 549] Starting, log: /home/zaxy/studyspace/projects/6.5840/src/debug_log/debug_log_round549_20260720_155027.978580196.log
[Round 525] PASS
[Round 525] Removed passed log: /home/zaxy/studyspace/projects/6.5840/src/debug_log/debug_log_round525_20260720_154925.852614792.log
[Round 550] Starting, log: /home/zaxy/studyspace/projects/6.5840/src/debug_log/debug_log_round550_20260720_155028.205744818.log
[Round 526] PASS
[Round 526] Removed passed log: /home/zaxy/studyspace/projects/6.5840/src/debug_log/debug_log_round526_20260720_154939.026740568.log
[Round 551] Starting, log: /home/zaxy/studyspace/projects/6.5840/src/debug_log/debug_log_round551_20260720_155040.579832267.log
[Round 527] PASS
[Round 527] Removed passed log: /home/zaxy/studyspace/projects/6.5840/src/debug_log/debug_log_round527_20260720_154944.429357498.log
[Round 552] Starting, log: /home/zaxy/studyspace/projects/6.5840/src/debug_log/debug_log_round552_20260720_155045.478025837.log
[Round 528] PASS
[Round 528] Removed passed log: /home/zaxy/studyspace/projects/6.5840/src/debug_log/debug_log_round528_20260720_155005.245747793.log
[Round 553] Starting, log: /home/zaxy/studyspace/projects/6.5840/src/debug_log/debug_log_round553_20260720_155105.360361746.log
[Round 529] PASS
[Round 529] Removed passed log: /home/zaxy/studyspace/projects/6.5840/src/debug_log/debug_log_round529_20260720_155012.460401929.log
[Round 554] Starting, log: /home/zaxy/studyspace/projects/6.5840/src/debug_log/debug_log_round554_20260720_155111.649479198.log
[Round 530] PASS
[Round 530] Removed passed log: /home/zaxy/studyspace/projects/6.5840/src/debug_log/debug_log_round530_20260720_155014.149737918.log
[Round 555] Starting, log: /home/zaxy/studyspace/projects/6.5840/src/debug_log/debug_log_round555_20260720_155113.485701927.log
[Round 531] PASS
[Round 531] Removed passed log: /home/zaxy/studyspace/projects/6.5840/src/debug_log/debug_log_round531_20260720_155014.166373553.log
[Round 556] Starting, log: /home/zaxy/studyspace/projects/6.5840/src/debug_log/debug_log_round556_20260720_155116.060448477.log
[Round 532] PASS
[Round 532] Removed passed log: /home/zaxy/studyspace/projects/6.5840/src/debug_log/debug_log_round532_20260720_155014.438406013.log
[Round 557] Starting, log: /home/zaxy/studyspace/projects/6.5840/src/debug_log/debug_log_round557_20260720_155116.078216397.log
[Round 533] PASS
[Round 533] Removed passed log: /home/zaxy/studyspace/projects/6.5840/src/debug_log/debug_log_round533_20260720_155014.458702921.log
[Round 558] Starting, log: /home/zaxy/studyspace/projects/6.5840/src/debug_log/debug_log_round558_20260720_155116.096308400.log
[Round 534] PASS
[Round 534] Removed passed log: /home/zaxy/studyspace/projects/6.5840/src/debug_log/debug_log_round534_20260720_155016.839442978.log
[Round 559] Starting, log: /home/zaxy/studyspace/projects/6.5840/src/debug_log/debug_log_round559_20260720_155118.452734444.log
[Round 535] PASS
[Round 535] Removed passed log: /home/zaxy/studyspace/projects/6.5840/src/debug_log/debug_log_round535_20260720_155016.858791101.log
[Round 560] Starting, log: /home/zaxy/studyspace/projects/6.5840/src/debug_log/debug_log_round560_20260720_155118.468349595.log
[Round 536] PASS
[Round 536] Removed passed log: /home/zaxy/studyspace/projects/6.5840/src/debug_log/debug_log_round536_20260720_155017.519166618.log
[Round 561] Starting, log: /home/zaxy/studyspace/projects/6.5840/src/debug_log/debug_log_round561_20260720_155118.525110722.log
[Round 537] PASS
[Round 537] Removed passed log: /home/zaxy/studyspace/projects/6.5840/src/debug_log/debug_log_round537_20260720_155017.535544386.log
[Round 562] Starting, log: /home/zaxy/studyspace/projects/6.5840/src/debug_log/debug_log_round562_20260720_155118.991477555.log
[Round 538] PASS
[Round 538] Removed passed log: /home/zaxy/studyspace/projects/6.5840/src/debug_log/debug_log_round538_20260720_155017.554359873.log
[Round 563] Starting, log: /home/zaxy/studyspace/projects/6.5840/src/debug_log/debug_log_round563_20260720_155119.306086610.log
[Round 539] PASS
[Round 539] Removed passed log: /home/zaxy/studyspace/projects/6.5840/src/debug_log/debug_log_round539_20260720_155017.577023418.log
[Round 564] Starting, log: /home/zaxy/studyspace/projects/6.5840/src/debug_log/debug_log_round564_20260720_155119.325588665.log
[Round 540] PASS
[Round 540] Removed passed log: /home/zaxy/studyspace/projects/6.5840/src/debug_log/debug_log_round540_20260720_155020.848215407.log
[Round 565] Starting, log: /home/zaxy/studyspace/projects/6.5840/src/debug_log/debug_log_round565_20260720_155119.696821215.log
[Round 541] PASS
[Round 541] Removed passed log: /home/zaxy/studyspace/projects/6.5840/src/debug_log/debug_log_round541_20260720_155021.456250479.log
[Round 566] Starting, log: /home/zaxy/studyspace/projects/6.5840/src/debug_log/debug_log_round566_20260720_155119.734142474.log
[Round 542] PASS
[Round 542] Removed passed log: /home/zaxy/studyspace/projects/6.5840/src/debug_log/debug_log_round542_20260720_155021.473701001.log
[Round 567] Starting, log: /home/zaxy/studyspace/projects/6.5840/src/debug_log/debug_log_round567_20260720_155121.308929725.log
[Round 543] PASS
[Round 543] Removed passed log: /home/zaxy/studyspace/projects/6.5840/src/debug_log/debug_log_round543_20260720_155021.490919163.log
[Round 568] Starting, log: /home/zaxy/studyspace/projects/6.5840/src/debug_log/debug_log_round568_20260720_155121.334646444.log
[Round 544] PASS
[Round 544] Removed passed log: /home/zaxy/studyspace/projects/6.5840/src/debug_log/debug_log_round544_20260720_155024.989212736.log
[Round 569] Starting, log: /home/zaxy/studyspace/projects/6.5840/src/debug_log/debug_log_round569_20260720_155124.167325180.log
[Round 545] PASS
[Round 545] Removed passed log: /home/zaxy/studyspace/projects/6.5840/src/debug_log/debug_log_round545_20260720_155025.554964645.log
[Round 570] Starting, log: /home/zaxy/studyspace/projects/6.5840/src/debug_log/debug_log_round570_20260720_155128.995006913.log
[Round 546] PASS
[Round 546] Removed passed log: /home/zaxy/studyspace/projects/6.5840/src/debug_log/debug_log_round546_20260720_155025.570575337.log
[Round 571] Starting, log: /home/zaxy/studyspace/projects/6.5840/src/debug_log/debug_log_round571_20260720_155129.009128749.log
[Round 547] PASS
[Round 547] Removed passed log: /home/zaxy/studyspace/projects/6.5840/src/debug_log/debug_log_round547_20260720_155025.585267749.log
[Round 572] Starting, log: /home/zaxy/studyspace/projects/6.5840/src/debug_log/debug_log_round572_20260720_155129.023666142.log
[Round 548] PASS
[Round 548] Removed passed log: /home/zaxy/studyspace/projects/6.5840/src/debug_log/debug_log_round548_20260720_155025.601374755.log
[Round 573] Starting, log: /home/zaxy/studyspace/projects/6.5840/src/debug_log/debug_log_round573_20260720_155129.039619953.log
[Round 549] PASS
[Round 549] Removed passed log: /home/zaxy/studyspace/projects/6.5840/src/debug_log/debug_log_round549_20260720_155027.978580196.log
[Round 574] Starting, log: /home/zaxy/studyspace/projects/6.5840/src/debug_log/debug_log_round574_20260720_155129.057677308.log
[Round 550] PASS
[Round 550] Removed passed log: /home/zaxy/studyspace/projects/6.5840/src/debug_log/debug_log_round550_20260720_155028.205744818.log
[Round 575] Starting, log: /home/zaxy/studyspace/projects/6.5840/src/debug_log/debug_log_round575_20260720_155129.079686945.log
[Round 551] PASS
[Round 551] Removed passed log: /home/zaxy/studyspace/projects/6.5840/src/debug_log/debug_log_round551_20260720_155040.579832267.log
[Round 576] Starting, log: /home/zaxy/studyspace/projects/6.5840/src/debug_log/debug_log_round576_20260720_155138.914710713.log
[Round 552] PASS
[Round 552] Removed passed log: /home/zaxy/studyspace/projects/6.5840/src/debug_log/debug_log_round552_20260720_155045.478025837.log
[Round 577] Starting, log: /home/zaxy/studyspace/projects/6.5840/src/debug_log/debug_log_round577_20260720_155144.874860257.log
[Round 553] PASS
[Round 553] Removed passed log: /home/zaxy/studyspace/projects/6.5840/src/debug_log/debug_log_round553_20260720_155105.360361746.log
[Round 578] Starting, log: /home/zaxy/studyspace/projects/6.5840/src/debug_log/debug_log_round578_20260720_155204.802272585.log
[Round 554] PASS
[Round 554] Removed passed log: /home/zaxy/studyspace/projects/6.5840/src/debug_log/debug_log_round554_20260720_155111.649479198.log
[Round 579] Starting, log: /home/zaxy/studyspace/projects/6.5840/src/debug_log/debug_log_round579_20260720_155210.598287802.log
[Round 555] PASS
[Round 555] Removed passed log: /home/zaxy/studyspace/projects/6.5840/src/debug_log/debug_log_round555_20260720_155113.485701927.log
[Round 580] Starting, log: /home/zaxy/studyspace/projects/6.5840/src/debug_log/debug_log_round580_20260720_155213.822857192.log
[Round 556] PASS
[Round 556] Removed passed log: /home/zaxy/studyspace/projects/6.5840/src/debug_log/debug_log_round556_20260720_155116.060448477.log
[Round 581] Starting, log: /home/zaxy/studyspace/projects/6.5840/src/debug_log/debug_log_round581_20260720_155217.259968518.log
[Round 557] PASS
[Round 557] Removed passed log: /home/zaxy/studyspace/projects/6.5840/src/debug_log/debug_log_round557_20260720_155116.078216397.log
[Round 582] Starting, log: /home/zaxy/studyspace/projects/6.5840/src/debug_log/debug_log_round582_20260720_155217.277516882.log
[Round 558] PASS
[Round 558] Removed passed log: /home/zaxy/studyspace/projects/6.5840/src/debug_log/debug_log_round558_20260720_155116.096308400.log
[Round 583] Starting, log: /home/zaxy/studyspace/projects/6.5840/src/debug_log/debug_log_round583_20260720_155217.293487038.log
[Round 559] PASS
[Round 559] Removed passed log: /home/zaxy/studyspace/projects/6.5840/src/debug_log/debug_log_round559_20260720_155118.452734444.log
[Round 584] Starting, log: /home/zaxy/studyspace/projects/6.5840/src/debug_log/debug_log_round584_20260720_155219.204240530.log
[Round 560] PASS
[Round 560] Removed passed log: /home/zaxy/studyspace/projects/6.5840/src/debug_log/debug_log_round560_20260720_155118.468349595.log
[Round 585] Starting, log: /home/zaxy/studyspace/projects/6.5840/src/debug_log/debug_log_round585_20260720_155220.576004700.log
[Round 561] PASS
[Round 561] Removed passed log: /home/zaxy/studyspace/projects/6.5840/src/debug_log/debug_log_round561_20260720_155118.525110722.log
[Round 586] Starting, log: /home/zaxy/studyspace/projects/6.5840/src/debug_log/debug_log_round586_20260720_155220.593725671.log
[Round 562] PASS
[Round 562] Removed passed log: /home/zaxy/studyspace/projects/6.5840/src/debug_log/debug_log_round562_20260720_155118.991477555.log
[Round 587] Starting, log: /home/zaxy/studyspace/projects/6.5840/src/debug_log/debug_log_round587_20260720_155220.610906014.log
[Round 563] PASS
[Round 563] Removed passed log: /home/zaxy/studyspace/projects/6.5840/src/debug_log/debug_log_round563_20260720_155119.306086610.log
[Round 588] Starting, log: /home/zaxy/studyspace/projects/6.5840/src/debug_log/debug_log_round588_20260720_155220.629256007.log
[Round 564] PASS
[Round 564] Removed passed log: /home/zaxy/studyspace/projects/6.5840/src/debug_log/debug_log_round564_20260720_155119.325588665.log
[Round 589] Starting, log: /home/zaxy/studyspace/projects/6.5840/src/debug_log/debug_log_round589_20260720_155220.649973255.log
[Round 565] PASS
[Round 565] Removed passed log: /home/zaxy/studyspace/projects/6.5840/src/debug_log/debug_log_round565_20260720_155119.696821215.log
[Round 590] Starting, log: /home/zaxy/studyspace/projects/6.5840/src/debug_log/debug_log_round590_20260720_155222.502876300.log
[Round 566] PASS
[Round 566] Removed passed log: /home/zaxy/studyspace/projects/6.5840/src/debug_log/debug_log_round566_20260720_155119.734142474.log
[Round 591] Starting, log: /home/zaxy/studyspace/projects/6.5840/src/debug_log/debug_log_round591_20260720_155222.521347584.log
[Round 567] PASS
[Round 567] Removed passed log: /home/zaxy/studyspace/projects/6.5840/src/debug_log/debug_log_round567_20260720_155121.308929725.log
[Round 592] Starting, log: /home/zaxy/studyspace/projects/6.5840/src/debug_log/debug_log_round592_20260720_155222.551657085.log
[Round 568] PASS
[Round 568] Removed passed log: /home/zaxy/studyspace/projects/6.5840/src/debug_log/debug_log_round568_20260720_155121.334646444.log
[Round 593] Starting, log: /home/zaxy/studyspace/projects/6.5840/src/debug_log/debug_log_round593_20260720_155223.354844908.log
[Round 569] PASS
[Round 569] Removed passed log: /home/zaxy/studyspace/projects/6.5840/src/debug_log/debug_log_round569_20260720_155124.167325180.log
[Round 594] Starting, log: /home/zaxy/studyspace/projects/6.5840/src/debug_log/debug_log_round594_20260720_155223.372000202.log
[Round 570] PASS
[Round 570] Removed passed log: /home/zaxy/studyspace/projects/6.5840/src/debug_log/debug_log_round570_20260720_155128.995006913.log
[Round 595] Starting, log: /home/zaxy/studyspace/projects/6.5840/src/debug_log/debug_log_round595_20260720_155230.048885437.log
[Round 571] PASS
[Round 571] Removed passed log: /home/zaxy/studyspace/projects/6.5840/src/debug_log/debug_log_round571_20260720_155129.009128749.log
[Round 596] Starting, log: /home/zaxy/studyspace/projects/6.5840/src/debug_log/debug_log_round596_20260720_155230.065918177.log
[Round 572] PASS
[Round 572] Removed passed log: /home/zaxy/studyspace/projects/6.5840/src/debug_log/debug_log_round572_20260720_155129.023666142.log
[Round 597] Starting, log: /home/zaxy/studyspace/projects/6.5840/src/debug_log/debug_log_round597_20260720_155231.530736145.log
[Round 573] PASS
[Round 573] Removed passed log: /home/zaxy/studyspace/projects/6.5840/src/debug_log/debug_log_round573_20260720_155129.039619953.log
[Round 598] Starting, log: /home/zaxy/studyspace/projects/6.5840/src/debug_log/debug_log_round598_20260720_155231.904152552.log
[Round 574] PASS
[Round 574] Removed passed log: /home/zaxy/studyspace/projects/6.5840/src/debug_log/debug_log_round574_20260720_155129.057677308.log
[Round 599] Starting, log: /home/zaxy/studyspace/projects/6.5840/src/debug_log/debug_log_round599_20260720_155231.919212734.log
[Round 575] PASS
[Round 575] Removed passed log: /home/zaxy/studyspace/projects/6.5840/src/debug_log/debug_log_round575_20260720_155129.079686945.log
[Round 600] Starting, log: /home/zaxy/studyspace/projects/6.5840/src/debug_log/debug_log_round600_20260720_155231.935723726.log
[Round 576] PASS
[Round 576] Removed passed log: /home/zaxy/studyspace/projects/6.5840/src/debug_log/debug_log_round576_20260720_155138.914710713.log
[Round 601] Starting, log: /home/zaxy/studyspace/projects/6.5840/src/debug_log/debug_log_round601_20260720_155240.499337400.log
[Round 577] PASS
[Round 577] Removed passed log: /home/zaxy/studyspace/projects/6.5840/src/debug_log/debug_log_round577_20260720_155144.874860257.log
[Round 602] Starting, log: /home/zaxy/studyspace/projects/6.5840/src/debug_log/debug_log_round602_20260720_155244.913088706.log
[Round 578] PASS
[Round 578] Removed passed log: /home/zaxy/studyspace/projects/6.5840/src/debug_log/debug_log_round578_20260720_155204.802272585.log
[Round 603] Starting, log: /home/zaxy/studyspace/projects/6.5840/src/debug_log/debug_log_round603_20260720_155305.457308923.log
[Round 579] PASS
[Round 579] Removed passed log: /home/zaxy/studyspace/projects/6.5840/src/debug_log/debug_log_round579_20260720_155210.598287802.log
[Round 604] Starting, log: /home/zaxy/studyspace/projects/6.5840/src/debug_log/debug_log_round604_20260720_155310.112087449.log
[Round 580] PASS
[Round 580] Removed passed log: /home/zaxy/studyspace/projects/6.5840/src/debug_log/debug_log_round580_20260720_155213.822857192.log
[Round 605] Starting, log: /home/zaxy/studyspace/projects/6.5840/src/debug_log/debug_log_round605_20260720_155314.215014315.log
[Round 581] PASS
[Round 581] Removed passed log: /home/zaxy/studyspace/projects/6.5840/src/debug_log/debug_log_round581_20260720_155217.259968518.log
[Round 606] Starting, log: /home/zaxy/studyspace/projects/6.5840/src/debug_log/debug_log_round606_20260720_155319.681623907.log
[Round 582] PASS
[Round 582] Removed passed log: /home/zaxy/studyspace/projects/6.5840/src/debug_log/debug_log_round582_20260720_155217.277516882.log
[Round 607] Starting, log: /home/zaxy/studyspace/projects/6.5840/src/debug_log/debug_log_round607_20260720_155319.697573588.log
[Round 583] PASS
[Round 583] Removed passed log: /home/zaxy/studyspace/projects/6.5840/src/debug_log/debug_log_round583_20260720_155217.293487038.log
[Round 608] Starting, log: /home/zaxy/studyspace/projects/6.5840/src/debug_log/debug_log_round608_20260720_155319.712850215.log
[Round 584] PASS
[Round 584] Removed passed log: /home/zaxy/studyspace/projects/6.5840/src/debug_log/debug_log_round584_20260720_155219.204240530.log
[Round 609] Starting, log: /home/zaxy/studyspace/projects/6.5840/src/debug_log/debug_log_round609_20260720_155319.729616723.log
[Round 585] PASS
[Round 585] Removed passed log: /home/zaxy/studyspace/projects/6.5840/src/debug_log/debug_log_round585_20260720_155220.576004700.log
[Round 610] Starting, log: /home/zaxy/studyspace/projects/6.5840/src/debug_log/debug_log_round610_20260720_155319.814942359.log
[Round 586] PASS
[Round 586] Removed passed log: /home/zaxy/studyspace/projects/6.5840/src/debug_log/debug_log_round586_20260720_155220.593725671.log
[Round 611] Starting, log: /home/zaxy/studyspace/projects/6.5840/src/debug_log/debug_log_round611_20260720_155321.229173597.log
[Round 587] PASS
[Round 587] Removed passed log: /home/zaxy/studyspace/projects/6.5840/src/debug_log/debug_log_round587_20260720_155220.610906014.log
[Round 612] Starting, log: /home/zaxy/studyspace/projects/6.5840/src/debug_log/debug_log_round612_20260720_155321.246230089.log
[Round 588] PASS
[Round 588] Removed passed log: /home/zaxy/studyspace/projects/6.5840/src/debug_log/debug_log_round588_20260720_155220.629256007.log
[Round 613] Starting, log: /home/zaxy/studyspace/projects/6.5840/src/debug_log/debug_log_round613_20260720_155321.264823892.log
[Round 589] PASS
[Round 589] Removed passed log: /home/zaxy/studyspace/projects/6.5840/src/debug_log/debug_log_round589_20260720_155220.649973255.log
[Round 614] Starting, log: /home/zaxy/studyspace/projects/6.5840/src/debug_log/debug_log_round614_20260720_155321.280877496.log
[Round 590] PASS
[Round 590] Removed passed log: /home/zaxy/studyspace/projects/6.5840/src/debug_log/debug_log_round590_20260720_155222.502876300.log
[Round 615] Starting, log: /home/zaxy/studyspace/projects/6.5840/src/debug_log/debug_log_round615_20260720_155322.794852892.log
[Round 591] PASS
[Round 591] Removed passed log: /home/zaxy/studyspace/projects/6.5840/src/debug_log/debug_log_round591_20260720_155222.521347584.log
[Round 616] Starting, log: /home/zaxy/studyspace/projects/6.5840/src/debug_log/debug_log_round616_20260720_155322.812221821.log
[Round 592] PASS
[Round 592] Removed passed log: /home/zaxy/studyspace/projects/6.5840/src/debug_log/debug_log_round592_20260720_155222.551657085.log
[Round 617] Starting, log: /home/zaxy/studyspace/projects/6.5840/src/debug_log/debug_log_round617_20260720_155324.578140089.log
[Round 593] PASS
[Round 593] Removed passed log: /home/zaxy/studyspace/projects/6.5840/src/debug_log/debug_log_round593_20260720_155223.354844908.log
[Round 618] Starting, log: /home/zaxy/studyspace/projects/6.5840/src/debug_log/debug_log_round618_20260720_155324.594957940.log
[Round 594] PASS
[Round 594] Removed passed log: /home/zaxy/studyspace/projects/6.5840/src/debug_log/debug_log_round594_20260720_155223.372000202.log
[Round 619] Starting, log: /home/zaxy/studyspace/projects/6.5840/src/debug_log/debug_log_round619_20260720_155324.970054385.log
[Round 595] PASS
[Round 595] Removed passed log: /home/zaxy/studyspace/projects/6.5840/src/debug_log/debug_log_round595_20260720_155230.048885437.log
[Round 620] Starting, log: /home/zaxy/studyspace/projects/6.5840/src/debug_log/debug_log_round620_20260720_155329.862531029.log
[Round 596] PASS
[Round 596] Removed passed log: /home/zaxy/studyspace/projects/6.5840/src/debug_log/debug_log_round596_20260720_155230.065918177.log
[Round 621] Starting, log: /home/zaxy/studyspace/projects/6.5840/src/debug_log/debug_log_round621_20260720_155329.877298909.log
[Round 597] PASS
[Round 597] Removed passed log: /home/zaxy/studyspace/projects/6.5840/src/debug_log/debug_log_round597_20260720_155231.530736145.log
[Round 622] Starting, log: /home/zaxy/studyspace/projects/6.5840/src/debug_log/debug_log_round622_20260720_155334.058774537.log
[Round 598] PASS
[Round 598] Removed passed log: /home/zaxy/studyspace/projects/6.5840/src/debug_log/debug_log_round598_20260720_155231.904152552.log
[Round 623] Starting, log: /home/zaxy/studyspace/projects/6.5840/src/debug_log/debug_log_round623_20260720_155334.073852229.log
[Round 599] PASS
[Round 599] Removed passed log: /home/zaxy/studyspace/projects/6.5840/src/debug_log/debug_log_round599_20260720_155231.919212734.log
[Round 624] Starting, log: /home/zaxy/studyspace/projects/6.5840/src/debug_log/debug_log_round624_20260720_155334.088706497.log
[Round 600] PASS
[Round 600] Removed passed log: /home/zaxy/studyspace/projects/6.5840/src/debug_log/debug_log_round600_20260720_155231.935723726.log
[Round 625] Starting, log: /home/zaxy/studyspace/projects/6.5840/src/debug_log/debug_log_round625_20260720_155334.105020816.log
[Round 601] PASS
[Round 601] Removed passed log: /home/zaxy/studyspace/projects/6.5840/src/debug_log/debug_log_round601_20260720_155240.499337400.log
[Round 626] Starting, log: /home/zaxy/studyspace/projects/6.5840/src/debug_log/debug_log_round626_20260720_155341.762403374.log
[Round 602] PASS
[Round 602] Removed passed log: /home/zaxy/studyspace/projects/6.5840/src/debug_log/debug_log_round602_20260720_155244.913088706.log
[Round 627] Starting, log: /home/zaxy/studyspace/projects/6.5840/src/debug_log/debug_log_round627_20260720_155344.285271922.log
[Round 603] PASS
[Round 603] Removed passed log: /home/zaxy/studyspace/projects/6.5840/src/debug_log/debug_log_round603_20260720_155305.457308923.log
[Round 628] Starting, log: /home/zaxy/studyspace/projects/6.5840/src/debug_log/debug_log_round628_20260720_155406.842262419.log
[Round 604] PASS
[Round 604] Removed passed log: /home/zaxy/studyspace/projects/6.5840/src/debug_log/debug_log_round604_20260720_155310.112087449.log
[Round 629] Starting, log: /home/zaxy/studyspace/projects/6.5840/src/debug_log/debug_log_round629_20260720_155410.809749563.log
[Round 605] PASS
[Round 605] Removed passed log: /home/zaxy/studyspace/projects/6.5840/src/debug_log/debug_log_round605_20260720_155314.215014315.log
[Round 630] Starting, log: /home/zaxy/studyspace/projects/6.5840/src/debug_log/debug_log_round630_20260720_155414.345487808.log
[Round 606] PASS
[Round 606] Removed passed log: /home/zaxy/studyspace/projects/6.5840/src/debug_log/debug_log_round606_20260720_155319.681623907.log
[Round 631] Starting, log: /home/zaxy/studyspace/projects/6.5840/src/debug_log/debug_log_round631_20260720_155420.990260176.log
[Round 607] PASS
[Round 607] Removed passed log: /home/zaxy/studyspace/projects/6.5840/src/debug_log/debug_log_round607_20260720_155319.697573588.log
[Round 632] Starting, log: /home/zaxy/studyspace/projects/6.5840/src/debug_log/debug_log_round632_20260720_155421.011029456.log
[Round 608] PASS
[Round 608] Removed passed log: /home/zaxy/studyspace/projects/6.5840/src/debug_log/debug_log_round608_20260720_155319.712850215.log
[Round 633] Starting, log: /home/zaxy/studyspace/projects/6.5840/src/debug_log/debug_log_round633_20260720_155421.030910303.log
[Round 609] PASS
[Round 609] Removed passed log: /home/zaxy/studyspace/projects/6.5840/src/debug_log/debug_log_round609_20260720_155319.729616723.log
[Round 634] Starting, log: /home/zaxy/studyspace/projects/6.5840/src/debug_log/debug_log_round634_20260720_155421.047836973.log
[Round 610] PASS
[Round 610] Removed passed log: /home/zaxy/studyspace/projects/6.5840/src/debug_log/debug_log_round610_20260720_155319.814942359.log
[Round 635] Starting, log: /home/zaxy/studyspace/projects/6.5840/src/debug_log/debug_log_round635_20260720_155422.632573606.log
[Round 611] PASS
[Round 611] Removed passed log: /home/zaxy/studyspace/projects/6.5840/src/debug_log/debug_log_round611_20260720_155321.229173597.log
[Round 636] Starting, log: /home/zaxy/studyspace/projects/6.5840/src/debug_log/debug_log_round636_20260720_155423.458970603.log
[Round 612] PASS
[Round 612] Removed passed log: /home/zaxy/studyspace/projects/6.5840/src/debug_log/debug_log_round612_20260720_155321.246230089.log
[Round 637] Starting, log: /home/zaxy/studyspace/projects/6.5840/src/debug_log/debug_log_round637_20260720_155423.475126508.log
[Round 613] PASS
[Round 613] Removed passed log: /home/zaxy/studyspace/projects/6.5840/src/debug_log/debug_log_round613_20260720_155321.264823892.log
[Round 638] Starting, log: /home/zaxy/studyspace/projects/6.5840/src/debug_log/debug_log_round638_20260720_155423.494390573.log
[Round 614] PASS
[Round 614] Removed passed log: /home/zaxy/studyspace/projects/6.5840/src/debug_log/debug_log_round614_20260720_155321.280877496.log
[Round 639] Starting, log: /home/zaxy/studyspace/projects/6.5840/src/debug_log/debug_log_round639_20260720_155423.512249787.log
[Round 615] PASS
[Round 615] Removed passed log: /home/zaxy/studyspace/projects/6.5840/src/debug_log/debug_log_round615_20260720_155322.794852892.log
[Round 640] Starting, log: /home/zaxy/studyspace/projects/6.5840/src/debug_log/debug_log_round640_20260720_155424.536291042.log
[Round 616] PASS
[Round 616] Removed passed log: /home/zaxy/studyspace/projects/6.5840/src/debug_log/debug_log_round616_20260720_155322.812221821.log
[Round 641] Starting, log: /home/zaxy/studyspace/projects/6.5840/src/debug_log/debug_log_round641_20260720_155424.554668407.log
[Round 617] PASS
[Round 617] Removed passed log: /home/zaxy/studyspace/projects/6.5840/src/debug_log/debug_log_round617_20260720_155324.578140089.log
[Round 642] Starting, log: /home/zaxy/studyspace/projects/6.5840/src/debug_log/debug_log_round642_20260720_155426.113954812.log
[Round 618] PASS
[Round 618] Removed passed log: /home/zaxy/studyspace/projects/6.5840/src/debug_log/debug_log_round618_20260720_155324.594957940.log
[Round 643] Starting, log: /home/zaxy/studyspace/projects/6.5840/src/debug_log/debug_log_round643_20260720_155426.131533085.log
[Round 619] PASS
[Round 619] Removed passed log: /home/zaxy/studyspace/projects/6.5840/src/debug_log/debug_log_round619_20260720_155324.970054385.log
[Round 644] Starting, log: /home/zaxy/studyspace/projects/6.5840/src/debug_log/debug_log_round644_20260720_155426.152808227.log
[Round 620] PASS
[Round 620] Removed passed log: /home/zaxy/studyspace/projects/6.5840/src/debug_log/debug_log_round620_20260720_155329.862531029.log
[Round 645] Starting, log: /home/zaxy/studyspace/projects/6.5840/src/debug_log/debug_log_round645_20260720_155429.588720211.log
[Round 621] PASS
[Round 621] Removed passed log: /home/zaxy/studyspace/projects/6.5840/src/debug_log/debug_log_round621_20260720_155329.877298909.log
[Round 646] Starting, log: /home/zaxy/studyspace/projects/6.5840/src/debug_log/debug_log_round646_20260720_155429.603477279.log
[Round 622] PASS
[Round 622] Removed passed log: /home/zaxy/studyspace/projects/6.5840/src/debug_log/debug_log_round622_20260720_155334.058774537.log
[Round 647] Starting, log: /home/zaxy/studyspace/projects/6.5840/src/debug_log/debug_log_round647_20260720_155435.609669572.log
[Round 623] PASS
[Round 623] Removed passed log: /home/zaxy/studyspace/projects/6.5840/src/debug_log/debug_log_round623_20260720_155334.073852229.log
[Round 648] Starting, log: /home/zaxy/studyspace/projects/6.5840/src/debug_log/debug_log_round648_20260720_155435.624956654.log
[Round 624] PASS
[Round 624] Removed passed log: /home/zaxy/studyspace/projects/6.5840/src/debug_log/debug_log_round624_20260720_155334.088706497.log
[Round 649] Starting, log: /home/zaxy/studyspace/projects/6.5840/src/debug_log/debug_log_round649_20260720_155435.642458108.log
[Round 625] PASS
[Round 625] Removed passed log: /home/zaxy/studyspace/projects/6.5840/src/debug_log/debug_log_round625_20260720_155334.105020816.log
[Round 650] Starting, log: /home/zaxy/studyspace/projects/6.5840/src/debug_log/debug_log_round650_20260720_155435.658568667.log
[Round 626] PASS
[Round 626] Removed passed log: /home/zaxy/studyspace/projects/6.5840/src/debug_log/debug_log_round626_20260720_155341.762403374.log
[Round 651] Starting, log: /home/zaxy/studyspace/projects/6.5840/src/debug_log/debug_log_round651_20260720_155441.815681975.log
[Round 627] PASS
[Round 627] Removed passed log: /home/zaxy/studyspace/projects/6.5840/src/debug_log/debug_log_round627_20260720_155344.285271922.log
[Round 652] Starting, log: /home/zaxy/studyspace/projects/6.5840/src/debug_log/debug_log_round652_20260720_155443.361896077.log
[Round 628] PASS
[Round 628] Removed passed log: /home/zaxy/studyspace/projects/6.5840/src/debug_log/debug_log_round628_20260720_155406.842262419.log
[Round 653] Starting, log: /home/zaxy/studyspace/projects/6.5840/src/debug_log/debug_log_round653_20260720_155508.285313688.log
[Round 629] PASS
[Round 629] Removed passed log: /home/zaxy/studyspace/projects/6.5840/src/debug_log/debug_log_round629_20260720_155410.809749563.log
[Round 654] Starting, log: /home/zaxy/studyspace/projects/6.5840/src/debug_log/debug_log_round654_20260720_155511.998439674.log
[Round 630] PASS
[Round 630] Removed passed log: /home/zaxy/studyspace/projects/6.5840/src/debug_log/debug_log_round630_20260720_155414.345487808.log
[Round 655] Starting, log: /home/zaxy/studyspace/projects/6.5840/src/debug_log/debug_log_round655_20260720_155515.105012333.log
[Round 631] PASS
[Round 631] Removed passed log: /home/zaxy/studyspace/projects/6.5840/src/debug_log/debug_log_round631_20260720_155420.990260176.log
[Round 656] Starting, log: /home/zaxy/studyspace/projects/6.5840/src/debug_log/debug_log_round656_20260720_155519.642055087.log
[Round 632] PASS
[Round 632] Removed passed log: /home/zaxy/studyspace/projects/6.5840/src/debug_log/debug_log_round632_20260720_155421.011029456.log
[Round 657] Starting, log: /home/zaxy/studyspace/projects/6.5840/src/debug_log/debug_log_round657_20260720_155519.949475945.log
[Round 633] PASS
[Round 633] Removed passed log: /home/zaxy/studyspace/projects/6.5840/src/debug_log/debug_log_round633_20260720_155421.030910303.log
[Round 658] Starting, log: /home/zaxy/studyspace/projects/6.5840/src/debug_log/debug_log_round658_20260720_155521.383757551.log
[Round 634] PASS
[Round 634] Removed passed log: /home/zaxy/studyspace/projects/6.5840/src/debug_log/debug_log_round634_20260720_155421.047836973.log
[Round 659] Starting, log: /home/zaxy/studyspace/projects/6.5840/src/debug_log/debug_log_round659_20260720_155521.404376157.log
[Round 635] PASS
[Round 635] Removed passed log: /home/zaxy/studyspace/projects/6.5840/src/debug_log/debug_log_round635_20260720_155422.632573606.log
[Round 660] Starting, log: /home/zaxy/studyspace/projects/6.5840/src/debug_log/debug_log_round660_20260720_155523.181194023.log
[Round 636] PASS
[Round 636] Removed passed log: /home/zaxy/studyspace/projects/6.5840/src/debug_log/debug_log_round636_20260720_155423.458970603.log
[Round 661] Starting, log: /home/zaxy/studyspace/projects/6.5840/src/debug_log/debug_log_round661_20260720_155523.430400552.log
[Round 637] PASS
[Round 637] Removed passed log: /home/zaxy/studyspace/projects/6.5840/src/debug_log/debug_log_round637_20260720_155423.475126508.log
[Round 662] Starting, log: /home/zaxy/studyspace/projects/6.5840/src/debug_log/debug_log_round662_20260720_155524.191702725.log
[Round 638] PASS
[Round 638] Removed passed log: /home/zaxy/studyspace/projects/6.5840/src/debug_log/debug_log_round638_20260720_155423.494390573.log
[Round 663] Starting, log: /home/zaxy/studyspace/projects/6.5840/src/debug_log/debug_log_round663_20260720_155524.210178717.log
[Round 639] PASS
[Round 639] Removed passed log: /home/zaxy/studyspace/projects/6.5840/src/debug_log/debug_log_round639_20260720_155423.512249787.log
[Round 664] Starting, log: /home/zaxy/studyspace/projects/6.5840/src/debug_log/debug_log_round664_20260720_155526.472553832.log
[Round 640] PASS
[Round 640] Removed passed log: /home/zaxy/studyspace/projects/6.5840/src/debug_log/debug_log_round640_20260720_155424.536291042.log
[Round 665] Starting, log: /home/zaxy/studyspace/projects/6.5840/src/debug_log/debug_log_round665_20260720_155526.488355203.log
[Round 641] PASS
[Round 641] Removed passed log: /home/zaxy/studyspace/projects/6.5840/src/debug_log/debug_log_round641_20260720_155424.554668407.log
[Round 666] Starting, log: /home/zaxy/studyspace/projects/6.5840/src/debug_log/debug_log_round666_20260720_155526.503975224.log
[Round 642] PASS
[Round 642] Removed passed log: /home/zaxy/studyspace/projects/6.5840/src/debug_log/debug_log_round642_20260720_155426.113954812.log
[Round 667] Starting, log: /home/zaxy/studyspace/projects/6.5840/src/debug_log/debug_log_round667_20260720_155526.521158949.log
[Round 643] PASS
[Round 643] Removed passed log: /home/zaxy/studyspace/projects/6.5840/src/debug_log/debug_log_round643_20260720_155426.131533085.log
[Round 668] Starting, log: /home/zaxy/studyspace/projects/6.5840/src/debug_log/debug_log_round668_20260720_155526.541653630.log
[Round 644] PASS
[Round 644] Removed passed log: /home/zaxy/studyspace/projects/6.5840/src/debug_log/debug_log_round644_20260720_155426.152808227.log
[Round 669] Starting, log: /home/zaxy/studyspace/projects/6.5840/src/debug_log/debug_log_round669_20260720_155527.855993723.log
[Round 645] PASS
[Round 645] Removed passed log: /home/zaxy/studyspace/projects/6.5840/src/debug_log/debug_log_round645_20260720_155429.588720211.log
[Round 670] Starting, log: /home/zaxy/studyspace/projects/6.5840/src/debug_log/debug_log_round670_20260720_155531.787981640.log
[Round 646] PASS
[Round 646] Removed passed log: /home/zaxy/studyspace/projects/6.5840/src/debug_log/debug_log_round646_20260720_155429.603477279.log
[Round 671] Starting, log: /home/zaxy/studyspace/projects/6.5840/src/debug_log/debug_log_round671_20260720_155531.804292130.log
[Round 647] PASS
[Round 647] Removed passed log: /home/zaxy/studyspace/projects/6.5840/src/debug_log/debug_log_round647_20260720_155435.609669572.log
[Round 672] Starting, log: /home/zaxy/studyspace/projects/6.5840/src/debug_log/debug_log_round672_20260720_155536.378827357.log
[Round 648] PASS
[Round 648] Removed passed log: /home/zaxy/studyspace/projects/6.5840/src/debug_log/debug_log_round648_20260720_155435.624956654.log
[Round 673] Starting, log: /home/zaxy/studyspace/projects/6.5840/src/debug_log/debug_log_round673_20260720_155536.394997651.log
[Round 649] PASS
[Round 649] Removed passed log: /home/zaxy/studyspace/projects/6.5840/src/debug_log/debug_log_round649_20260720_155435.642458108.log
[Round 674] Starting, log: /home/zaxy/studyspace/projects/6.5840/src/debug_log/debug_log_round674_20260720_155536.410627078.log
[Round 650] PASS
[Round 650] Removed passed log: /home/zaxy/studyspace/projects/6.5840/src/debug_log/debug_log_round650_20260720_155435.658568667.log
[Round 675] Starting, log: /home/zaxy/studyspace/projects/6.5840/src/debug_log/debug_log_round675_20260720_155536.431959395.log
[Round 651] PASS
[Round 651] Removed passed log: /home/zaxy/studyspace/projects/6.5840/src/debug_log/debug_log_round651_20260720_155441.815681975.log
[Round 676] Starting, log: /home/zaxy/studyspace/projects/6.5840/src/debug_log/debug_log_round676_20260720_155539.470604191.log
[Round 652] PASS
[Round 652] Removed passed log: /home/zaxy/studyspace/projects/6.5840/src/debug_log/debug_log_round652_20260720_155443.361896077.log
[Round 677] Starting, log: /home/zaxy/studyspace/projects/6.5840/src/debug_log/debug_log_round677_20260720_155546.517873229.log
[Round 653] PASS
[Round 653] Removed passed log: /home/zaxy/studyspace/projects/6.5840/src/debug_log/debug_log_round653_20260720_155508.285313688.log
[Round 678] Starting, log: /home/zaxy/studyspace/projects/6.5840/src/debug_log/debug_log_round678_20260720_155605.948209782.log
[Round 654] PASS
[Round 654] Removed passed log: /home/zaxy/studyspace/projects/6.5840/src/debug_log/debug_log_round654_20260720_155511.998439674.log
[Round 679] Starting, log: /home/zaxy/studyspace/projects/6.5840/src/debug_log/debug_log_round679_20260720_155614.479180038.log
[Round 655] PASS
[Round 655] Removed passed log: /home/zaxy/studyspace/projects/6.5840/src/debug_log/debug_log_round655_20260720_155515.105012333.log
[Round 680] Starting, log: /home/zaxy/studyspace/projects/6.5840/src/debug_log/debug_log_round680_20260720_155614.500718529.log
[Round 656] PASS
[Round 656] Removed passed log: /home/zaxy/studyspace/projects/6.5840/src/debug_log/debug_log_round656_20260720_155519.642055087.log
[Round 681] Starting, log: /home/zaxy/studyspace/projects/6.5840/src/debug_log/debug_log_round681_20260720_155618.965618194.log
[Round 657] PASS
[Round 657] Removed passed log: /home/zaxy/studyspace/projects/6.5840/src/debug_log/debug_log_round657_20260720_155519.949475945.log
[Round 682] Starting, log: /home/zaxy/studyspace/projects/6.5840/src/debug_log/debug_log_round682_20260720_155619.275894935.log
[Round 658] PASS
[Round 658] Removed passed log: /home/zaxy/studyspace/projects/6.5840/src/debug_log/debug_log_round658_20260720_155521.383757551.log
[Round 683] Starting, log: /home/zaxy/studyspace/projects/6.5840/src/debug_log/debug_log_round683_20260720_155622.724498978.log
[Round 659] PASS
[Round 659] Removed passed log: /home/zaxy/studyspace/projects/6.5840/src/debug_log/debug_log_round659_20260720_155521.404376157.log
[Round 684] Starting, log: /home/zaxy/studyspace/projects/6.5840/src/debug_log/debug_log_round684_20260720_155622.745427627.log
[Round 660] PASS
[Round 660] Removed passed log: /home/zaxy/studyspace/projects/6.5840/src/debug_log/debug_log_round660_20260720_155523.181194023.log
[Round 685] Starting, log: /home/zaxy/studyspace/projects/6.5840/src/debug_log/debug_log_round685_20260720_155623.885453581.log
[Round 661] PASS
[Round 661] Removed passed log: /home/zaxy/studyspace/projects/6.5840/src/debug_log/debug_log_round661_20260720_155523.430400552.log
[Round 686] Starting, log: /home/zaxy/studyspace/projects/6.5840/src/debug_log/debug_log_round686_20260720_155623.902095885.log
[Round 662] PASS
[Round 662] Removed passed log: /home/zaxy/studyspace/projects/6.5840/src/debug_log/debug_log_round662_20260720_155524.191702725.log
[Round 687] Starting, log: /home/zaxy/studyspace/projects/6.5840/src/debug_log/debug_log_round687_20260720_155623.918123725.log
[Round 663] PASS
[Round 663] Removed passed log: /home/zaxy/studyspace/projects/6.5840/src/debug_log/debug_log_round663_20260720_155524.210178717.log
[Round 688] Starting, log: /home/zaxy/studyspace/projects/6.5840/src/debug_log/debug_log_round688_20260720_155625.567297978.log
[Round 664] PASS
[Round 664] Removed passed log: /home/zaxy/studyspace/projects/6.5840/src/debug_log/debug_log_round664_20260720_155526.472553832.log
[Round 689] Starting, log: /home/zaxy/studyspace/projects/6.5840/src/debug_log/debug_log_round689_20260720_155626.666942805.log
[Round 665] PASS
[Round 665] Removed passed log: /home/zaxy/studyspace/projects/6.5840/src/debug_log/debug_log_round665_20260720_155526.488355203.log
[Round 690] Starting, log: /home/zaxy/studyspace/projects/6.5840/src/debug_log/debug_log_round690_20260720_155626.685647702.log
[Round 666] PASS
[Round 666] Removed passed log: /home/zaxy/studyspace/projects/6.5840/src/debug_log/debug_log_round666_20260720_155526.503975224.log
[Round 691] Starting, log: /home/zaxy/studyspace/projects/6.5840/src/debug_log/debug_log_round691_20260720_155626.704805944.log
[Round 667] PASS
[Round 667] Removed passed log: /home/zaxy/studyspace/projects/6.5840/src/debug_log/debug_log_round667_20260720_155526.521158949.log
[Round 692] Starting, log: /home/zaxy/studyspace/projects/6.5840/src/debug_log/debug_log_round692_20260720_155626.956424050.log
[Round 668] PASS
[Round 668] Removed passed log: /home/zaxy/studyspace/projects/6.5840/src/debug_log/debug_log_round668_20260720_155526.541653630.log
[Round 693] Starting, log: /home/zaxy/studyspace/projects/6.5840/src/debug_log/debug_log_round693_20260720_155626.980112073.log
[Round 669] PASS
[Round 669] Removed passed log: /home/zaxy/studyspace/projects/6.5840/src/debug_log/debug_log_round669_20260720_155527.855993723.log
[Round 694] Starting, log: /home/zaxy/studyspace/projects/6.5840/src/debug_log/debug_log_round694_20260720_155627.468417876.log
[Round 670] PASS
[Round 670] Removed passed log: /home/zaxy/studyspace/projects/6.5840/src/debug_log/debug_log_round670_20260720_155531.787981640.log
[Round 695] Starting, log: /home/zaxy/studyspace/projects/6.5840/src/debug_log/debug_log_round695_20260720_155629.187696412.log
[Round 671] PASS
[Round 671] Removed passed log: /home/zaxy/studyspace/projects/6.5840/src/debug_log/debug_log_round671_20260720_155531.804292130.log
[Round 696] Starting, log: /home/zaxy/studyspace/projects/6.5840/src/debug_log/debug_log_round696_20260720_155632.156317094.log
[Round 672] PASS
[Round 672] Removed passed log: /home/zaxy/studyspace/projects/6.5840/src/debug_log/debug_log_round672_20260720_155536.378827357.log
[Round 697] Starting, log: /home/zaxy/studyspace/projects/6.5840/src/debug_log/debug_log_round697_20260720_155636.504665493.log
[Round 673] PASS
[Round 673] Removed passed log: /home/zaxy/studyspace/projects/6.5840/src/debug_log/debug_log_round673_20260720_155536.394997651.log
[Round 698] Starting, log: /home/zaxy/studyspace/projects/6.5840/src/debug_log/debug_log_round698_20260720_155636.519667205.log
[Round 674] PASS
[Round 674] Removed passed log: /home/zaxy/studyspace/projects/6.5840/src/debug_log/debug_log_round674_20260720_155536.410627078.log
[Round 699] Starting, log: /home/zaxy/studyspace/projects/6.5840/src/debug_log/debug_log_round699_20260720_155637.017017070.log
[Round 675] PASS
[Round 675] Removed passed log: /home/zaxy/studyspace/projects/6.5840/src/debug_log/debug_log_round675_20260720_155536.431959395.log
[Round 700] Starting, log: /home/zaxy/studyspace/projects/6.5840/src/debug_log/debug_log_round700_20260720_155637.035006959.log
[Round 676] PASS
[Round 676] Removed passed log: /home/zaxy/studyspace/projects/6.5840/src/debug_log/debug_log_round676_20260720_155539.470604191.log
[Round 701] Starting, log: /home/zaxy/studyspace/projects/6.5840/src/debug_log/debug_log_round701_20260720_155637.256991056.log
[Round 677] PASS
[Round 677] Removed passed log: /home/zaxy/studyspace/projects/6.5840/src/debug_log/debug_log_round677_20260720_155546.517873229.log
[Round 702] Starting, log: /home/zaxy/studyspace/projects/6.5840/src/debug_log/debug_log_round702_20260720_155645.888202765.log
[Round 678] PASS
[Round 678] Removed passed log: /home/zaxy/studyspace/projects/6.5840/src/debug_log/debug_log_round678_20260720_155605.948209782.log
[Round 703] Starting, log: /home/zaxy/studyspace/projects/6.5840/src/debug_log/debug_log_round703_20260720_155703.811054000.log
[Round 679] PASS
[Round 679] Removed passed log: /home/zaxy/studyspace/projects/6.5840/src/debug_log/debug_log_round679_20260720_155614.479180038.log
[Round 704] Starting, log: /home/zaxy/studyspace/projects/6.5840/src/debug_log/debug_log_round704_20260720_155716.573960186.log
[Round 680] PASS
[Round 680] Removed passed log: /home/zaxy/studyspace/projects/6.5840/src/debug_log/debug_log_round680_20260720_155614.500718529.log
[Round 705] Starting, log: /home/zaxy/studyspace/projects/6.5840/src/debug_log/debug_log_round705_20260720_155716.612170708.log
[Round 681] PASS
[Round 681] Removed passed log: /home/zaxy/studyspace/projects/6.5840/src/debug_log/debug_log_round681_20260720_155618.965618194.log
[Round 706] Starting, log: /home/zaxy/studyspace/projects/6.5840/src/debug_log/debug_log_round706_20260720_155717.505711908.log
[Round 682] PASS
[Round 682] Removed passed log: /home/zaxy/studyspace/projects/6.5840/src/debug_log/debug_log_round682_20260720_155619.275894935.log
[Round 707] Starting, log: /home/zaxy/studyspace/projects/6.5840/src/debug_log/debug_log_round707_20260720_155720.084984446.log
[Round 683] PASS
[Round 683] Removed passed log: /home/zaxy/studyspace/projects/6.5840/src/debug_log/debug_log_round683_20260720_155622.724498978.log
[Round 708] Starting, log: /home/zaxy/studyspace/projects/6.5840/src/debug_log/debug_log_round708_20260720_155724.223258716.log
[Round 684] PASS
[Round 684] Removed passed log: /home/zaxy/studyspace/projects/6.5840/src/debug_log/debug_log_round684_20260720_155622.745427627.log
[Round 709] Starting, log: /home/zaxy/studyspace/projects/6.5840/src/debug_log/debug_log_round709_20260720_155724.239622417.log
[Round 685] PASS
[Round 685] Removed passed log: /home/zaxy/studyspace/projects/6.5840/src/debug_log/debug_log_round685_20260720_155623.885453581.log
[Round 710] Starting, log: /home/zaxy/studyspace/projects/6.5840/src/debug_log/debug_log_round710_20260720_155725.471367978.log
[Round 686] PASS
[Round 686] Removed passed log: /home/zaxy/studyspace/projects/6.5840/src/debug_log/debug_log_round686_20260720_155623.902095885.log
[Round 711] Starting, log: /home/zaxy/studyspace/projects/6.5840/src/debug_log/debug_log_round711_20260720_155726.974077557.log
[Round 687] PASS
[Round 687] Removed passed log: /home/zaxy/studyspace/projects/6.5840/src/debug_log/debug_log_round687_20260720_155623.918123725.log
[Round 712] Starting, log: /home/zaxy/studyspace/projects/6.5840/src/debug_log/debug_log_round712_20260720_155726.991067804.log
[Round 688] PASS
[Round 688] Removed passed log: /home/zaxy/studyspace/projects/6.5840/src/debug_log/debug_log_round688_20260720_155625.567297978.log
[Round 713] Starting, log: /home/zaxy/studyspace/projects/6.5840/src/debug_log/debug_log_round713_20260720_155727.007098654.log
[Round 689] PASS
[Round 689] Removed passed log: /home/zaxy/studyspace/projects/6.5840/src/debug_log/debug_log_round689_20260720_155626.666942805.log
[Round 714] Starting, log: /home/zaxy/studyspace/projects/6.5840/src/debug_log/debug_log_round714_20260720_155727.023047630.log
[Round 690] PASS
[Round 690] Removed passed log: /home/zaxy/studyspace/projects/6.5840/src/debug_log/debug_log_round690_20260720_155626.685647702.log
[Round 715] Starting, log: /home/zaxy/studyspace/projects/6.5840/src/debug_log/debug_log_round715_20260720_155727.047309324.log
[Round 691] PASS
[Round 691] Removed passed log: /home/zaxy/studyspace/projects/6.5840/src/debug_log/debug_log_round691_20260720_155626.704805944.log
[Round 716] Starting, log: /home/zaxy/studyspace/projects/6.5840/src/debug_log/debug_log_round716_20260720_155727.072700355.log
[Round 692] PASS
[Round 692] Removed passed log: /home/zaxy/studyspace/projects/6.5840/src/debug_log/debug_log_round692_20260720_155626.956424050.log
[Round 717] Starting, log: /home/zaxy/studyspace/projects/6.5840/src/debug_log/debug_log_round717_20260720_155727.102412622.log
[Round 693] PASS
[Round 693] Removed passed log: /home/zaxy/studyspace/projects/6.5840/src/debug_log/debug_log_round693_20260720_155626.980112073.log
[Round 718] Starting, log: /home/zaxy/studyspace/projects/6.5840/src/debug_log/debug_log_round718_20260720_155727.578161779.log
[Round 694] PASS
[Round 694] Removed passed log: /home/zaxy/studyspace/projects/6.5840/src/debug_log/debug_log_round694_20260720_155627.468417876.log
[Round 719] Starting, log: /home/zaxy/studyspace/projects/6.5840/src/debug_log/debug_log_round719_20260720_155729.617133572.log
[Round 695] PASS
[Round 695] Removed passed log: /home/zaxy/studyspace/projects/6.5840/src/debug_log/debug_log_round695_20260720_155629.187696412.log
[Round 720] Starting, log: /home/zaxy/studyspace/projects/6.5840/src/debug_log/debug_log_round720_20260720_155730.738313473.log
[Round 696] PASS
[Round 696] Removed passed log: /home/zaxy/studyspace/projects/6.5840/src/debug_log/debug_log_round696_20260720_155632.156317094.log
[Round 721] Starting, log: /home/zaxy/studyspace/projects/6.5840/src/debug_log/debug_log_round721_20260720_155732.317100507.log
[Round 697] PASS
[Round 697] Removed passed log: /home/zaxy/studyspace/projects/6.5840/src/debug_log/debug_log_round697_20260720_155636.504665493.log
[Round 722] Starting, log: /home/zaxy/studyspace/projects/6.5840/src/debug_log/debug_log_round722_20260720_155733.913080926.log
[Round 698] PASS
[Round 698] Removed passed log: /home/zaxy/studyspace/projects/6.5840/src/debug_log/debug_log_round698_20260720_155636.519667205.log
[Round 723] Starting, log: /home/zaxy/studyspace/projects/6.5840/src/debug_log/debug_log_round723_20260720_155736.357549900.log
[Round 699] PASS
[Round 699] Removed passed log: /home/zaxy/studyspace/projects/6.5840/src/debug_log/debug_log_round699_20260720_155637.017017070.log
[Round 724] Starting, log: /home/zaxy/studyspace/projects/6.5840/src/debug_log/debug_log_round724_20260720_155738.096898541.log
[Round 700] PASS
[Round 700] Removed passed log: /home/zaxy/studyspace/projects/6.5840/src/debug_log/debug_log_round700_20260720_155637.035006959.log
[Round 725] Starting, log: /home/zaxy/studyspace/projects/6.5840/src/debug_log/debug_log_round725_20260720_155739.371697185.log
[Round 701] PASS
[Round 701] Removed passed log: /home/zaxy/studyspace/projects/6.5840/src/debug_log/debug_log_round701_20260720_155637.256991056.log
[Round 726] Starting, log: /home/zaxy/studyspace/projects/6.5840/src/debug_log/debug_log_round726_20260720_155740.068685569.log
[Round 702] PASS
[Round 702] Removed passed log: /home/zaxy/studyspace/projects/6.5840/src/debug_log/debug_log_round702_20260720_155645.888202765.log
[Round 727] Starting, log: /home/zaxy/studyspace/projects/6.5840/src/debug_log/debug_log_round727_20260720_155745.000256725.log
[Round 703] PASS
[Round 703] Removed passed log: /home/zaxy/studyspace/projects/6.5840/src/debug_log/debug_log_round703_20260720_155703.811054000.log
[Round 728] Starting, log: /home/zaxy/studyspace/projects/6.5840/src/debug_log/debug_log_round728_20260720_155802.338209836.log
[Round 704] PASS
[Round 704] Removed passed log: /home/zaxy/studyspace/projects/6.5840/src/debug_log/debug_log_round704_20260720_155716.573960186.log
[Round 729] Starting, log: /home/zaxy/studyspace/projects/6.5840/src/debug_log/debug_log_round729_20260720_155818.134492952.log
[Round 705] PASS
[Round 705] Removed passed log: /home/zaxy/studyspace/projects/6.5840/src/debug_log/debug_log_round705_20260720_155716.612170708.log
[Round 730] Starting, log: /home/zaxy/studyspace/projects/6.5840/src/debug_log/debug_log_round730_20260720_155818.153886218.log
[Round 706] PASS
[Round 706] Removed passed log: /home/zaxy/studyspace/projects/6.5840/src/debug_log/debug_log_round706_20260720_155717.505711908.log
[Round 731] Starting, log: /home/zaxy/studyspace/projects/6.5840/src/debug_log/debug_log_round731_20260720_155818.175210838.log
[Round 707] PASS
[Round 707] Removed passed log: /home/zaxy/studyspace/projects/6.5840/src/debug_log/debug_log_round707_20260720_155720.084984446.log
[Round 732] Starting, log: /home/zaxy/studyspace/projects/6.5840/src/debug_log/debug_log_round732_20260720_155818.198286115.log
[Round 708] PASS
[Round 708] Removed passed log: /home/zaxy/studyspace/projects/6.5840/src/debug_log/debug_log_round708_20260720_155724.223258716.log
[Round 733] Starting, log: /home/zaxy/studyspace/projects/6.5840/src/debug_log/debug_log_round733_20260720_155823.574550575.log
[Round 709] PASS
[Round 709] Removed passed log: /home/zaxy/studyspace/projects/6.5840/src/debug_log/debug_log_round709_20260720_155724.239622417.log
[Round 734] Starting, log: /home/zaxy/studyspace/projects/6.5840/src/debug_log/debug_log_round734_20260720_155823.781236177.log
[Round 710] PASS
[Round 710] Removed passed log: /home/zaxy/studyspace/projects/6.5840/src/debug_log/debug_log_round710_20260720_155725.471367978.log
[Round 735] Starting, log: /home/zaxy/studyspace/projects/6.5840/src/debug_log/debug_log_round735_20260720_155824.689959266.log
[Round 711] PASS
[Round 711] Removed passed log: /home/zaxy/studyspace/projects/6.5840/src/debug_log/debug_log_round711_20260720_155726.974077557.log
[Round 736] Starting, log: /home/zaxy/studyspace/projects/6.5840/src/debug_log/debug_log_round736_20260720_155824.707920913.log
[Round 712] PASS
[Round 712] Removed passed log: /home/zaxy/studyspace/projects/6.5840/src/debug_log/debug_log_round712_20260720_155726.991067804.log
[Round 737] Starting, log: /home/zaxy/studyspace/projects/6.5840/src/debug_log/debug_log_round737_20260720_155826.735543263.log
[Round 713] PASS
[Round 713] Removed passed log: /home/zaxy/studyspace/projects/6.5840/src/debug_log/debug_log_round713_20260720_155727.007098654.log
[Round 738] Starting, log: /home/zaxy/studyspace/projects/6.5840/src/debug_log/debug_log_round738_20260720_155828.028831710.log
[Round 714] PASS
[Round 714] Removed passed log: /home/zaxy/studyspace/projects/6.5840/src/debug_log/debug_log_round714_20260720_155727.023047630.log
[Round 739] Starting, log: /home/zaxy/studyspace/projects/6.5840/src/debug_log/debug_log_round739_20260720_155828.046992135.log
[Round 715] PASS
[Round 715] Removed passed log: /home/zaxy/studyspace/projects/6.5840/src/debug_log/debug_log_round715_20260720_155727.047309324.log
[Round 740] Starting, log: /home/zaxy/studyspace/projects/6.5840/src/debug_log/debug_log_round740_20260720_155828.375117922.log
[Round 716] PASS
[Round 716] Removed passed log: /home/zaxy/studyspace/projects/6.5840/src/debug_log/debug_log_round716_20260720_155727.072700355.log
[Round 741] Starting, log: /home/zaxy/studyspace/projects/6.5840/src/debug_log/debug_log_round741_20260720_155828.390322630.log
[Round 717] PASS
[Round 717] Removed passed log: /home/zaxy/studyspace/projects/6.5840/src/debug_log/debug_log_round717_20260720_155727.102412622.log
[Round 742] Starting, log: /home/zaxy/studyspace/projects/6.5840/src/debug_log/debug_log_round742_20260720_155828.405641202.log
[Round 718] PASS
[Round 718] Removed passed log: /home/zaxy/studyspace/projects/6.5840/src/debug_log/debug_log_round718_20260720_155727.578161779.log
[Round 743] Starting, log: /home/zaxy/studyspace/projects/6.5840/src/debug_log/debug_log_round743_20260720_155828.422538307.log
[Round 719] PASS
[Round 719] Removed passed log: /home/zaxy/studyspace/projects/6.5840/src/debug_log/debug_log_round719_20260720_155729.617133572.log
[Round 744] Starting, log: /home/zaxy/studyspace/projects/6.5840/src/debug_log/debug_log_round744_20260720_155829.525368816.log
[Round 720] PASS
[Round 720] Removed passed log: /home/zaxy/studyspace/projects/6.5840/src/debug_log/debug_log_round720_20260720_155730.738313473.log
[Round 745] Starting, log: /home/zaxy/studyspace/projects/6.5840/src/debug_log/debug_log_round745_20260720_155832.488951219.log
[Round 721] PASS
[Round 721] Removed passed log: /home/zaxy/studyspace/projects/6.5840/src/debug_log/debug_log_round721_20260720_155732.317100507.log
[Round 746] Starting, log: /home/zaxy/studyspace/projects/6.5840/src/debug_log/debug_log_round746_20260720_155832.504680388.log
[Round 722] PASS
[Round 722] Removed passed log: /home/zaxy/studyspace/projects/6.5840/src/debug_log/debug_log_round722_20260720_155733.913080926.log
[Round 747] Starting, log: /home/zaxy/studyspace/projects/6.5840/src/debug_log/debug_log_round747_20260720_155833.211238020.log
[Round 723] PASS
[Round 723] Removed passed log: /home/zaxy/studyspace/projects/6.5840/src/debug_log/debug_log_round723_20260720_155736.357549900.log
[Round 748] Starting, log: /home/zaxy/studyspace/projects/6.5840/src/debug_log/debug_log_round748_20260720_155836.309303398.log
[Round 724] PASS
[Round 724] Removed passed log: /home/zaxy/studyspace/projects/6.5840/src/debug_log/debug_log_round724_20260720_155738.096898541.log
[Round 749] Starting, log: /home/zaxy/studyspace/projects/6.5840/src/debug_log/debug_log_round749_20260720_155839.805966444.log
[Round 725] PASS
[Round 725] Removed passed log: /home/zaxy/studyspace/projects/6.5840/src/debug_log/debug_log_round725_20260720_155739.371697185.log
[Round 750] Starting, log: /home/zaxy/studyspace/projects/6.5840/src/debug_log/debug_log_round750_20260720_155839.821648554.log
[Round 726] PASS
[Round 726] Removed passed log: /home/zaxy/studyspace/projects/6.5840/src/debug_log/debug_log_round726_20260720_155740.068685569.log
[Round 751] Starting, log: /home/zaxy/studyspace/projects/6.5840/src/debug_log/debug_log_round751_20260720_155842.295867580.log
[Round 727] PASS
[Round 727] Removed passed log: /home/zaxy/studyspace/projects/6.5840/src/debug_log/debug_log_round727_20260720_155745.000256725.log
[Round 752] Starting, log: /home/zaxy/studyspace/projects/6.5840/src/debug_log/debug_log_round752_20260720_155847.502826855.log
[Round 728] PASS
[Round 728] Removed passed log: /home/zaxy/studyspace/projects/6.5840/src/debug_log/debug_log_round728_20260720_155802.338209836.log
[Round 753] Starting, log: /home/zaxy/studyspace/projects/6.5840/src/debug_log/debug_log_round753_20260720_155904.560145984.log
[Round 729] PASS
[Round 729] Removed passed log: /home/zaxy/studyspace/projects/6.5840/src/debug_log/debug_log_round729_20260720_155818.134492952.log
[Round 754] Starting, log: /home/zaxy/studyspace/projects/6.5840/src/debug_log/debug_log_round754_20260720_155918.810385980.log
[Round 730] PASS
[Round 730] Removed passed log: /home/zaxy/studyspace/projects/6.5840/src/debug_log/debug_log_round730_20260720_155818.153886218.log
[Round 755] Starting, log: /home/zaxy/studyspace/projects/6.5840/src/debug_log/debug_log_round755_20260720_155919.451282678.log
[Round 731] PASS
[Round 731] Removed passed log: /home/zaxy/studyspace/projects/6.5840/src/debug_log/debug_log_round731_20260720_155818.175210838.log
[Round 756] Starting, log: /home/zaxy/studyspace/projects/6.5840/src/debug_log/debug_log_round756_20260720_155919.659783998.log
[Round 732] PASS
[Round 732] Removed passed log: /home/zaxy/studyspace/projects/6.5840/src/debug_log/debug_log_round732_20260720_155818.198286115.log
[Round 757] Starting, log: /home/zaxy/studyspace/projects/6.5840/src/debug_log/debug_log_round757_20260720_155919.690338651.log
[Round 733] PASS
[Round 733] Removed passed log: /home/zaxy/studyspace/projects/6.5840/src/debug_log/debug_log_round733_20260720_155823.574550575.log
[Round 758] Starting, log: /home/zaxy/studyspace/projects/6.5840/src/debug_log/debug_log_round758_20260720_155923.045322101.log
[Round 734] PASS
[Round 734] Removed passed log: /home/zaxy/studyspace/projects/6.5840/src/debug_log/debug_log_round734_20260720_155823.781236177.log
[Round 759] Starting, log: /home/zaxy/studyspace/projects/6.5840/src/debug_log/debug_log_round759_20260720_155925.739831055.log
[Round 735] PASS
[Round 735] Removed passed log: /home/zaxy/studyspace/projects/6.5840/src/debug_log/debug_log_round735_20260720_155824.689959266.log
[Round 760] Starting, log: /home/zaxy/studyspace/projects/6.5840/src/debug_log/debug_log_round760_20260720_155927.350845764.log
[Round 736] PASS
[Round 736] Removed passed log: /home/zaxy/studyspace/projects/6.5840/src/debug_log/debug_log_round736_20260720_155824.707920913.log
[Round 761] Starting, log: /home/zaxy/studyspace/projects/6.5840/src/debug_log/debug_log_round761_20260720_155927.368024108.log
[Round 737] PASS
[Round 737] Removed passed log: /home/zaxy/studyspace/projects/6.5840/src/debug_log/debug_log_round737_20260720_155826.735543263.log
[Round 762] Starting, log: /home/zaxy/studyspace/projects/6.5840/src/debug_log/debug_log_round762_20260720_155927.383429424.log
[Round 738] PASS
[Round 738] Removed passed log: /home/zaxy/studyspace/projects/6.5840/src/debug_log/debug_log_round738_20260720_155828.028831710.log
[Round 763] Starting, log: /home/zaxy/studyspace/projects/6.5840/src/debug_log/debug_log_round763_20260720_155929.177908786.log
[Round 739] PASS
[Round 739] Removed passed log: /home/zaxy/studyspace/projects/6.5840/src/debug_log/debug_log_round739_20260720_155828.046992135.log
[Round 764] Starting, log: /home/zaxy/studyspace/projects/6.5840/src/debug_log/debug_log_round764_20260720_155929.193239337.log
[Round 740] PASS
[Round 740] Removed passed log: /home/zaxy/studyspace/projects/6.5840/src/debug_log/debug_log_round740_20260720_155828.375117922.log
[Round 765] Starting, log: /home/zaxy/studyspace/projects/6.5840/src/debug_log/debug_log_round765_20260720_155930.259804944.log
[Round 741] PASS
[Round 741] Removed passed log: /home/zaxy/studyspace/projects/6.5840/src/debug_log/debug_log_round741_20260720_155828.390322630.log
[Round 766] Starting, log: /home/zaxy/studyspace/projects/6.5840/src/debug_log/debug_log_round766_20260720_155930.277269524.log
[Round 742] PASS
[Round 742] Removed passed log: /home/zaxy/studyspace/projects/6.5840/src/debug_log/debug_log_round742_20260720_155828.405641202.log
[Round 767] Starting, log: /home/zaxy/studyspace/projects/6.5840/src/debug_log/debug_log_round767_20260720_155930.294504139.log
[Round 743] PASS
[Round 743] Removed passed log: /home/zaxy/studyspace/projects/6.5840/src/debug_log/debug_log_round743_20260720_155828.422538307.log
[Round 768] Starting, log: /home/zaxy/studyspace/projects/6.5840/src/debug_log/debug_log_round768_20260720_155930.311262572.log
[Round 744] PASS
[Round 744] Removed passed log: /home/zaxy/studyspace/projects/6.5840/src/debug_log/debug_log_round744_20260720_155829.525368816.log
[Round 769] Starting, log: /home/zaxy/studyspace/projects/6.5840/src/debug_log/debug_log_round769_20260720_155931.423771919.log
[Round 745] PASS
[Round 745] Removed passed log: /home/zaxy/studyspace/projects/6.5840/src/debug_log/debug_log_round745_20260720_155832.488951219.log
[Round 770] Starting, log: /home/zaxy/studyspace/projects/6.5840/src/debug_log/debug_log_round770_20260720_155932.953534653.log
[Round 746] PASS
[Round 746] Removed passed log: /home/zaxy/studyspace/projects/6.5840/src/debug_log/debug_log_round746_20260720_155832.504680388.log
[Round 771] Starting, log: /home/zaxy/studyspace/projects/6.5840/src/debug_log/debug_log_round771_20260720_155933.843098179.log
[Round 747] PASS
[Round 747] Removed passed log: /home/zaxy/studyspace/projects/6.5840/src/debug_log/debug_log_round747_20260720_155833.211238020.log
[Round 772] Starting, log: /home/zaxy/studyspace/projects/6.5840/src/debug_log/debug_log_round772_20260720_155933.858399528.log
[Round 748] PASS
[Round 748] Removed passed log: /home/zaxy/studyspace/projects/6.5840/src/debug_log/debug_log_round748_20260720_155836.309303398.log
[Round 773] Starting, log: /home/zaxy/studyspace/projects/6.5840/src/debug_log/debug_log_round773_20260720_155935.684328055.log
[Round 749] PASS
[Round 749] Removed passed log: /home/zaxy/studyspace/projects/6.5840/src/debug_log/debug_log_round749_20260720_155839.805966444.log
[Round 774] Starting, log: /home/zaxy/studyspace/projects/6.5840/src/debug_log/debug_log_round774_20260720_155938.169753547.log
[Round 750] PASS
[Round 750] Removed passed log: /home/zaxy/studyspace/projects/6.5840/src/debug_log/debug_log_round750_20260720_155839.821648554.log
[Round 775] Starting, log: /home/zaxy/studyspace/projects/6.5840/src/debug_log/debug_log_round775_20260720_155940.399979554.log
[Round 751] PASS
[Round 751] Removed passed log: /home/zaxy/studyspace/projects/6.5840/src/debug_log/debug_log_round751_20260720_155842.295867580.log
[Round 776] Starting, log: /home/zaxy/studyspace/projects/6.5840/src/debug_log/debug_log_round776_20260720_155943.412065564.log
[Round 752] PASS
[Round 752] Removed passed log: /home/zaxy/studyspace/projects/6.5840/src/debug_log/debug_log_round752_20260720_155847.502826855.log
[Round 777] Starting, log: /home/zaxy/studyspace/projects/6.5840/src/debug_log/debug_log_round777_20260720_155948.742103622.log
[Round 753] PASS
[Round 753] Removed passed log: /home/zaxy/studyspace/projects/6.5840/src/debug_log/debug_log_round753_20260720_155904.560145984.log
[Round 778] Starting, log: /home/zaxy/studyspace/projects/6.5840/src/debug_log/debug_log_round778_20260720_160004.223692609.log
[Round 754] PASS
[Round 754] Removed passed log: /home/zaxy/studyspace/projects/6.5840/src/debug_log/debug_log_round754_20260720_155918.810385980.log
[Round 779] Starting, log: /home/zaxy/studyspace/projects/6.5840/src/debug_log/debug_log_round779_20260720_160017.592351949.log
[Round 755] PASS
[Round 755] Removed passed log: /home/zaxy/studyspace/projects/6.5840/src/debug_log/debug_log_round755_20260720_155919.451282678.log
[Round 780] Starting, log: /home/zaxy/studyspace/projects/6.5840/src/debug_log/debug_log_round780_20260720_160018.423388412.log
[Round 756] PASS
[Round 756] Removed passed log: /home/zaxy/studyspace/projects/6.5840/src/debug_log/debug_log_round756_20260720_155919.659783998.log
[Round 781] Starting, log: /home/zaxy/studyspace/projects/6.5840/src/debug_log/debug_log_round781_20260720_160019.861845402.log
[Round 757] PASS
[Round 757] Removed passed log: /home/zaxy/studyspace/projects/6.5840/src/debug_log/debug_log_round757_20260720_155919.690338651.log
[Round 782] Starting, log: /home/zaxy/studyspace/projects/6.5840/src/debug_log/debug_log_round782_20260720_160019.888372320.log
[Round 758] PASS
[Round 758] Removed passed log: /home/zaxy/studyspace/projects/6.5840/src/debug_log/debug_log_round758_20260720_155923.045322101.log
[Round 783] Starting, log: /home/zaxy/studyspace/projects/6.5840/src/debug_log/debug_log_round783_20260720_160024.327460832.log
[Round 759] PASS
[Round 759] Removed passed log: /home/zaxy/studyspace/projects/6.5840/src/debug_log/debug_log_round759_20260720_155925.739831055.log
[Round 784] Starting, log: /home/zaxy/studyspace/projects/6.5840/src/debug_log/debug_log_round784_20260720_160025.147226694.log
[Round 760] PASS
[Round 760] Removed passed log: /home/zaxy/studyspace/projects/6.5840/src/debug_log/debug_log_round760_20260720_155927.350845764.log
[Round 785] Starting, log: /home/zaxy/studyspace/projects/6.5840/src/debug_log/debug_log_round785_20260720_160028.808254371.log
[Round 761] PASS
[Round 761] Removed passed log: /home/zaxy/studyspace/projects/6.5840/src/debug_log/debug_log_round761_20260720_155927.368024108.log
[Round 786] Starting, log: /home/zaxy/studyspace/projects/6.5840/src/debug_log/debug_log_round786_20260720_160028.831025223.log
[Round 762] PASS
[Round 762] Removed passed log: /home/zaxy/studyspace/projects/6.5840/src/debug_log/debug_log_round762_20260720_155927.383429424.log
[Round 787] Starting, log: /home/zaxy/studyspace/projects/6.5840/src/debug_log/debug_log_round787_20260720_160028.990581025.log
[Round 763] PASS
[Round 763] Removed passed log: /home/zaxy/studyspace/projects/6.5840/src/debug_log/debug_log_round763_20260720_155929.177908786.log
[Round 788] Starting, log: /home/zaxy/studyspace/projects/6.5840/src/debug_log/debug_log_round788_20260720_160031.075324630.log
[Round 764] PASS
[Round 764] Removed passed log: /home/zaxy/studyspace/projects/6.5840/src/debug_log/debug_log_round764_20260720_155929.193239337.log
[Round 789] Starting, log: /home/zaxy/studyspace/projects/6.5840/src/debug_log/debug_log_round789_20260720_160031.152877582.log
[Round 765] PASS
[Round 765] Removed passed log: /home/zaxy/studyspace/projects/6.5840/src/debug_log/debug_log_round765_20260720_155930.259804944.log
[Round 790] Starting, log: /home/zaxy/studyspace/projects/6.5840/src/debug_log/debug_log_round790_20260720_160031.172658557.log
[Round 766] PASS
[Round 766] Removed passed log: /home/zaxy/studyspace/projects/6.5840/src/debug_log/debug_log_round766_20260720_155930.277269524.log
[Round 791] Starting, log: /home/zaxy/studyspace/projects/6.5840/src/debug_log/debug_log_round791_20260720_160031.192711171.log
[Round 767] PASS
[Round 767] Removed passed log: /home/zaxy/studyspace/projects/6.5840/src/debug_log/debug_log_round767_20260720_155930.294504139.log
[Round 792] Starting, log: /home/zaxy/studyspace/projects/6.5840/src/debug_log/debug_log_round792_20260720_160031.212094278.log
[Round 768] PASS
[Round 768] Removed passed log: /home/zaxy/studyspace/projects/6.5840/src/debug_log/debug_log_round768_20260720_155930.311262572.log
[Round 793] Starting, log: /home/zaxy/studyspace/projects/6.5840/src/debug_log/debug_log_round793_20260720_160031.232279965.log
[Round 769] PASS
[Round 769] Removed passed log: /home/zaxy/studyspace/projects/6.5840/src/debug_log/debug_log_round769_20260720_155931.423771919.log
[Round 794] Starting, log: /home/zaxy/studyspace/projects/6.5840/src/debug_log/debug_log_round794_20260720_160034.306808268.log
[Round 770] PASS
[Round 770] Removed passed log: /home/zaxy/studyspace/projects/6.5840/src/debug_log/debug_log_round770_20260720_155932.953534653.log
[Round 795] Starting, log: /home/zaxy/studyspace/projects/6.5840/src/debug_log/debug_log_round795_20260720_160034.777928736.log
[Round 771] PASS
[Round 771] Removed passed log: /home/zaxy/studyspace/projects/6.5840/src/debug_log/debug_log_round771_20260720_155933.843098179.log
[Round 796] Starting, log: /home/zaxy/studyspace/projects/6.5840/src/debug_log/debug_log_round796_20260720_160034.918516603.log
[Round 772] PASS
[Round 772] Removed passed log: /home/zaxy/studyspace/projects/6.5840/src/debug_log/debug_log_round772_20260720_155933.858399528.log
[Round 797] Starting, log: /home/zaxy/studyspace/projects/6.5840/src/debug_log/debug_log_round797_20260720_160034.939305968.log
[Round 773] PASS
[Round 773] Removed passed log: /home/zaxy/studyspace/projects/6.5840/src/debug_log/debug_log_round773_20260720_155935.684328055.log
[Round 798] Starting, log: /home/zaxy/studyspace/projects/6.5840/src/debug_log/debug_log_round798_20260720_160037.071449828.log
[Round 774] PASS
[Round 774] Removed passed log: /home/zaxy/studyspace/projects/6.5840/src/debug_log/debug_log_round774_20260720_155938.169753547.log
[Round 799] Starting, log: /home/zaxy/studyspace/projects/6.5840/src/debug_log/debug_log_round799_20260720_160037.088251000.log
[Round 775] PASS
[Round 775] Removed passed log: /home/zaxy/studyspace/projects/6.5840/src/debug_log/debug_log_round775_20260720_155940.399979554.log
[Round 800] Starting, log: /home/zaxy/studyspace/projects/6.5840/src/debug_log/debug_log_round800_20260720_160042.791674860.log
[Round 776] PASS
[Round 776] Removed passed log: /home/zaxy/studyspace/projects/6.5840/src/debug_log/debug_log_round776_20260720_155943.412065564.log
[Round 801] Starting, log: /home/zaxy/studyspace/projects/6.5840/src/debug_log/debug_log_round801_20260720_160043.174223393.log
[Round 777] PASS
[Round 777] Removed passed log: /home/zaxy/studyspace/projects/6.5840/src/debug_log/debug_log_round777_20260720_155948.742103622.log
[Round 802] Starting, log: /home/zaxy/studyspace/projects/6.5840/src/debug_log/debug_log_round802_20260720_160049.004342257.log
[Round 778] PASS
[Round 778] Removed passed log: /home/zaxy/studyspace/projects/6.5840/src/debug_log/debug_log_round778_20260720_160004.223692609.log
[Round 803] Starting, log: /home/zaxy/studyspace/projects/6.5840/src/debug_log/debug_log_round803_20260720_160104.588038647.log
[Round 779] PASS
[Round 779] Removed passed log: /home/zaxy/studyspace/projects/6.5840/src/debug_log/debug_log_round779_20260720_160017.592351949.log
[Round 804] Starting, log: /home/zaxy/studyspace/projects/6.5840/src/debug_log/debug_log_round804_20260720_160117.448167225.log
[Round 780] PASS
[Round 780] Removed passed log: /home/zaxy/studyspace/projects/6.5840/src/debug_log/debug_log_round780_20260720_160018.423388412.log
[Round 805] Starting, log: /home/zaxy/studyspace/projects/6.5840/src/debug_log/debug_log_round805_20260720_160117.469737733.log
[Round 781] PASS
[Round 781] Removed passed log: /home/zaxy/studyspace/projects/6.5840/src/debug_log/debug_log_round781_20260720_160019.861845402.log
[Round 806] Starting, log: /home/zaxy/studyspace/projects/6.5840/src/debug_log/debug_log_round806_20260720_160118.452413850.log
[Round 782] PASS
[Round 782] Removed passed log: /home/zaxy/studyspace/projects/6.5840/src/debug_log/debug_log_round782_20260720_160019.888372320.log
[Round 807] Starting, log: /home/zaxy/studyspace/projects/6.5840/src/debug_log/debug_log_round807_20260720_160122.101095604.log
[Round 783] PASS
[Round 783] Removed passed log: /home/zaxy/studyspace/projects/6.5840/src/debug_log/debug_log_round783_20260720_160024.327460832.log
[Round 808] Starting, log: /home/zaxy/studyspace/projects/6.5840/src/debug_log/debug_log_round808_20260720_160123.389129490.log
[Round 784] PASS
[Round 784] Removed passed log: /home/zaxy/studyspace/projects/6.5840/src/debug_log/debug_log_round784_20260720_160025.147226694.log
[Round 809] Starting, log: /home/zaxy/studyspace/projects/6.5840/src/debug_log/debug_log_round809_20260720_160125.354011402.log
[Round 785] PASS
[Round 785] Removed passed log: /home/zaxy/studyspace/projects/6.5840/src/debug_log/debug_log_round785_20260720_160028.808254371.log
[Round 810] Starting, log: /home/zaxy/studyspace/projects/6.5840/src/debug_log/debug_log_round810_20260720_160126.715706893.log
[Round 786] PASS
[Round 786] Removed passed log: /home/zaxy/studyspace/projects/6.5840/src/debug_log/debug_log_round786_20260720_160028.831025223.log
[Round 811] Starting, log: /home/zaxy/studyspace/projects/6.5840/src/debug_log/debug_log_round811_20260720_160128.570991697.log
[Round 787] PASS
[Round 787] Removed passed log: /home/zaxy/studyspace/projects/6.5840/src/debug_log/debug_log_round787_20260720_160028.990581025.log
[Round 812] Starting, log: /home/zaxy/studyspace/projects/6.5840/src/debug_log/debug_log_round812_20260720_160128.587348725.log
[Round 788] PASS
[Round 788] Removed passed log: /home/zaxy/studyspace/projects/6.5840/src/debug_log/debug_log_round788_20260720_160031.075324630.log
[Round 813] Starting, log: /home/zaxy/studyspace/projects/6.5840/src/debug_log/debug_log_round813_20260720_160131.184100206.log
[Round 789] PASS
[Round 789] Removed passed log: /home/zaxy/studyspace/projects/6.5840/src/debug_log/debug_log_round789_20260720_160031.152877582.log
[Round 814] Starting, log: /home/zaxy/studyspace/projects/6.5840/src/debug_log/debug_log_round814_20260720_160131.198689498.log
[Round 790] PASS
[Round 790] Removed passed log: /home/zaxy/studyspace/projects/6.5840/src/debug_log/debug_log_round790_20260720_160031.172658557.log
[Round 815] Starting, log: /home/zaxy/studyspace/projects/6.5840/src/debug_log/debug_log_round815_20260720_160131.214484001.log
[Round 791] PASS
[Round 791] Removed passed log: /home/zaxy/studyspace/projects/6.5840/src/debug_log/debug_log_round791_20260720_160031.192711171.log
[Round 816] Starting, log: /home/zaxy/studyspace/projects/6.5840/src/debug_log/debug_log_round816_20260720_160133.029851591.log
[Round 792] PASS
[Round 792] Removed passed log: /home/zaxy/studyspace/projects/6.5840/src/debug_log/debug_log_round792_20260720_160031.212094278.log
[Round 817] Starting, log: /home/zaxy/studyspace/projects/6.5840/src/debug_log/debug_log_round817_20260720_160133.135251730.log
[Round 793] PASS
[Round 793] Removed passed log: /home/zaxy/studyspace/projects/6.5840/src/debug_log/debug_log_round793_20260720_160031.232279965.log
[Round 818] Starting, log: /home/zaxy/studyspace/projects/6.5840/src/debug_log/debug_log_round818_20260720_160133.154815358.log
[Round 794] PASS
[Round 794] Removed passed log: /home/zaxy/studyspace/projects/6.5840/src/debug_log/debug_log_round794_20260720_160034.306808268.log
[Round 819] Starting, log: /home/zaxy/studyspace/projects/6.5840/src/debug_log/debug_log_round819_20260720_160133.170220395.log
[Round 795] PASS
[Round 795] Removed passed log: /home/zaxy/studyspace/projects/6.5840/src/debug_log/debug_log_round795_20260720_160034.777928736.log
[Round 820] Starting, log: /home/zaxy/studyspace/projects/6.5840/src/debug_log/debug_log_round820_20260720_160133.188281864.log
[Round 796] PASS
[Round 796] Removed passed log: /home/zaxy/studyspace/projects/6.5840/src/debug_log/debug_log_round796_20260720_160034.918516603.log
[Round 821] Starting, log: /home/zaxy/studyspace/projects/6.5840/src/debug_log/debug_log_round821_20260720_160134.683527493.log
[Round 797] PASS
[Round 797] Removed passed log: /home/zaxy/studyspace/projects/6.5840/src/debug_log/debug_log_round797_20260720_160034.939305968.log
[Round 822] Starting, log: /home/zaxy/studyspace/projects/6.5840/src/debug_log/debug_log_round822_20260720_160137.052863053.log
[Round 798] PASS
[Round 798] Removed passed log: /home/zaxy/studyspace/projects/6.5840/src/debug_log/debug_log_round798_20260720_160037.071449828.log
[Round 823] Starting, log: /home/zaxy/studyspace/projects/6.5840/src/debug_log/debug_log_round823_20260720_160137.705840618.log
[Round 799] PASS
[Round 799] Removed passed log: /home/zaxy/studyspace/projects/6.5840/src/debug_log/debug_log_round799_20260720_160037.088251000.log
[Round 824] Starting, log: /home/zaxy/studyspace/projects/6.5840/src/debug_log/debug_log_round824_20260720_160137.722637340.log
[Round 800] PASS
[Round 800] Removed passed log: /home/zaxy/studyspace/projects/6.5840/src/debug_log/debug_log_round800_20260720_160042.791674860.log
[Round 825] Starting, log: /home/zaxy/studyspace/projects/6.5840/src/debug_log/debug_log_round825_20260720_160142.428499665.log
[Round 801] PASS
[Round 801] Removed passed log: /home/zaxy/studyspace/projects/6.5840/src/debug_log/debug_log_round801_20260720_160043.174223393.log
[Round 826] Starting, log: /home/zaxy/studyspace/projects/6.5840/src/debug_log/debug_log_round826_20260720_160144.818328052.log
[Round 802] PASS
[Round 802] Removed passed log: /home/zaxy/studyspace/projects/6.5840/src/debug_log/debug_log_round802_20260720_160049.004342257.log
[Round 827] Starting, log: /home/zaxy/studyspace/projects/6.5840/src/debug_log/debug_log_round827_20260720_160149.668357287.log
[Round 803] PASS
[Round 803] Removed passed log: /home/zaxy/studyspace/projects/6.5840/src/debug_log/debug_log_round803_20260720_160104.588038647.log
[Round 828] Starting, log: /home/zaxy/studyspace/projects/6.5840/src/debug_log/debug_log_round828_20260720_160205.308499944.log
[Round 804] PASS
[Round 804] Removed passed log: /home/zaxy/studyspace/projects/6.5840/src/debug_log/debug_log_round804_20260720_160117.448167225.log
[Round 829] Starting, log: /home/zaxy/studyspace/projects/6.5840/src/debug_log/debug_log_round829_20260720_160215.558997951.log
[Round 805] PASS
[Round 805] Removed passed log: /home/zaxy/studyspace/projects/6.5840/src/debug_log/debug_log_round805_20260720_160117.469737733.log
[Round 830] Starting, log: /home/zaxy/studyspace/projects/6.5840/src/debug_log/debug_log_round830_20260720_160217.632788314.log
[Round 806] PASS
[Round 806] Removed passed log: /home/zaxy/studyspace/projects/6.5840/src/debug_log/debug_log_round806_20260720_160118.452413850.log
[Round 831] Starting, log: /home/zaxy/studyspace/projects/6.5840/src/debug_log/debug_log_round831_20260720_160218.145096071.log
[Round 807] PASS
[Round 807] Removed passed log: /home/zaxy/studyspace/projects/6.5840/src/debug_log/debug_log_round807_20260720_160122.101095604.log
[Round 832] Starting, log: /home/zaxy/studyspace/projects/6.5840/src/debug_log/debug_log_round832_20260720_160224.197354395.log
[Round 808] PASS
[Round 808] Removed passed log: /home/zaxy/studyspace/projects/6.5840/src/debug_log/debug_log_round808_20260720_160123.389129490.log
[Round 833] Starting, log: /home/zaxy/studyspace/projects/6.5840/src/debug_log/debug_log_round833_20260720_160224.217035817.log
[Round 809] PASS
[Round 809] Removed passed log: /home/zaxy/studyspace/projects/6.5840/src/debug_log/debug_log_round809_20260720_160125.354011402.log
[Round 834] Starting, log: /home/zaxy/studyspace/projects/6.5840/src/debug_log/debug_log_round834_20260720_160227.393730610.log
[Round 810] PASS
[Round 810] Removed passed log: /home/zaxy/studyspace/projects/6.5840/src/debug_log/debug_log_round810_20260720_160126.715706893.log
[Round 835] Starting, log: /home/zaxy/studyspace/projects/6.5840/src/debug_log/debug_log_round835_20260720_160227.413950812.log
[Round 811] PASS
[Round 811] Removed passed log: /home/zaxy/studyspace/projects/6.5840/src/debug_log/debug_log_round811_20260720_160128.570991697.log
[Round 836] Starting, log: /home/zaxy/studyspace/projects/6.5840/src/debug_log/debug_log_round836_20260720_160230.406804291.log
[Round 812] PASS
[Round 812] Removed passed log: /home/zaxy/studyspace/projects/6.5840/src/debug_log/debug_log_round812_20260720_160128.587348725.log
[Round 837] Starting, log: /home/zaxy/studyspace/projects/6.5840/src/debug_log/debug_log_round837_20260720_160230.424460439.log
[Round 813] PASS
[Round 813] Removed passed log: /home/zaxy/studyspace/projects/6.5840/src/debug_log/debug_log_round813_20260720_160131.184100206.log
[Round 838] Starting, log: /home/zaxy/studyspace/projects/6.5840/src/debug_log/debug_log_round838_20260720_160233.751795869.log
[Round 814] PASS
[Round 814] Removed passed log: /home/zaxy/studyspace/projects/6.5840/src/debug_log/debug_log_round814_20260720_160131.198689498.log
[Round 839] Starting, log: /home/zaxy/studyspace/projects/6.5840/src/debug_log/debug_log_round839_20260720_160234.660792693.log
[Round 815] PASS
[Round 815] Removed passed log: /home/zaxy/studyspace/projects/6.5840/src/debug_log/debug_log_round815_20260720_160131.214484001.log
[Round 840] Starting, log: /home/zaxy/studyspace/projects/6.5840/src/debug_log/debug_log_round840_20260720_160234.677845448.log
[Round 816] PASS
[Round 816] Removed passed log: /home/zaxy/studyspace/projects/6.5840/src/debug_log/debug_log_round816_20260720_160133.029851591.log
[Round 841] Starting, log: /home/zaxy/studyspace/projects/6.5840/src/debug_log/debug_log_round841_20260720_160234.693584892.log
[Round 817] PASS
[Round 817] Removed passed log: /home/zaxy/studyspace/projects/6.5840/src/debug_log/debug_log_round817_20260720_160133.135251730.log
[Round 842] Starting, log: /home/zaxy/studyspace/projects/6.5840/src/debug_log/debug_log_round842_20260720_160235.688054906.log
[Round 818] PASS
[Round 818] Removed passed log: /home/zaxy/studyspace/projects/6.5840/src/debug_log/debug_log_round818_20260720_160133.154815358.log
[Round 843] Starting, log: /home/zaxy/studyspace/projects/6.5840/src/debug_log/debug_log_round843_20260720_160235.704346485.log
[Round 819] PASS
[Round 819] Removed passed log: /home/zaxy/studyspace/projects/6.5840/src/debug_log/debug_log_round819_20260720_160133.170220395.log
[Round 844] Starting, log: /home/zaxy/studyspace/projects/6.5840/src/debug_log/debug_log_round844_20260720_160235.719382972.log
[Round 820] PASS
[Round 820] Removed passed log: /home/zaxy/studyspace/projects/6.5840/src/debug_log/debug_log_round820_20260720_160133.188281864.log
[Round 845] Starting, log: /home/zaxy/studyspace/projects/6.5840/src/debug_log/debug_log_round845_20260720_160235.740925217.log
[Round 821] PASS
[Round 821] Removed passed log: /home/zaxy/studyspace/projects/6.5840/src/debug_log/debug_log_round821_20260720_160134.683527493.log
[Round 846] Starting, log: /home/zaxy/studyspace/projects/6.5840/src/debug_log/debug_log_round846_20260720_160237.050037247.log
[Round 822] PASS
[Round 822] Removed passed log: /home/zaxy/studyspace/projects/6.5840/src/debug_log/debug_log_round822_20260720_160137.052863053.log
[Round 847] Starting, log: /home/zaxy/studyspace/projects/6.5840/src/debug_log/debug_log_round847_20260720_160237.155514679.log
[Round 823] PASS
[Round 823] Removed passed log: /home/zaxy/studyspace/projects/6.5840/src/debug_log/debug_log_round823_20260720_160137.705840618.log
[Round 848] Starting, log: /home/zaxy/studyspace/projects/6.5840/src/debug_log/debug_log_round848_20260720_160239.288589042.log
[Round 824] PASS
[Round 824] Removed passed log: /home/zaxy/studyspace/projects/6.5840/src/debug_log/debug_log_round824_20260720_160137.722637340.log
[Round 849] Starting, log: /home/zaxy/studyspace/projects/6.5840/src/debug_log/debug_log_round849_20260720_160239.303393216.log
[Round 825] PASS
[Round 825] Removed passed log: /home/zaxy/studyspace/projects/6.5840/src/debug_log/debug_log_round825_20260720_160142.428499665.log
[Round 850] Starting, log: /home/zaxy/studyspace/projects/6.5840/src/debug_log/debug_log_round850_20260720_160239.494552541.log
[Round 826] PASS
[Round 826] Removed passed log: /home/zaxy/studyspace/projects/6.5840/src/debug_log/debug_log_round826_20260720_160144.818328052.log
[Round 851] Starting, log: /home/zaxy/studyspace/projects/6.5840/src/debug_log/debug_log_round851_20260720_160242.722383779.log
[Round 827] PASS
[Round 827] Removed passed log: /home/zaxy/studyspace/projects/6.5840/src/debug_log/debug_log_round827_20260720_160149.668357287.log
[Round 852] Starting, log: /home/zaxy/studyspace/projects/6.5840/src/debug_log/debug_log_round852_20260720_160247.766627179.log
[Round 828] PASS
[Round 828] Removed passed log: /home/zaxy/studyspace/projects/6.5840/src/debug_log/debug_log_round828_20260720_160205.308499944.log
[Round 853] Starting, log: /home/zaxy/studyspace/projects/6.5840/src/debug_log/debug_log_round853_20260720_160305.160669309.log
[Round 829] PASS
[Round 829] Removed passed log: /home/zaxy/studyspace/projects/6.5840/src/debug_log/debug_log_round829_20260720_160215.558997951.log
[Round 854] Starting, log: /home/zaxy/studyspace/projects/6.5840/src/debug_log/debug_log_round854_20260720_160312.763029413.log
[Round 830] PASS
[Round 830] Removed passed log: /home/zaxy/studyspace/projects/6.5840/src/debug_log/debug_log_round830_20260720_160217.632788314.log
[Round 855] Starting, log: /home/zaxy/studyspace/projects/6.5840/src/debug_log/debug_log_round855_20260720_160317.300840238.log
[Round 831] PASS
[Round 831] Removed passed log: /home/zaxy/studyspace/projects/6.5840/src/debug_log/debug_log_round831_20260720_160218.145096071.log
[Round 856] Starting, log: /home/zaxy/studyspace/projects/6.5840/src/debug_log/debug_log_round856_20260720_160317.939329059.log
[Round 832] PASS
[Round 832] Removed passed log: /home/zaxy/studyspace/projects/6.5840/src/debug_log/debug_log_round832_20260720_160224.197354395.log
[Round 857] Starting, log: /home/zaxy/studyspace/projects/6.5840/src/debug_log/debug_log_round857_20260720_160325.000141798.log
[Round 833] PASS
[Round 833] Removed passed log: /home/zaxy/studyspace/projects/6.5840/src/debug_log/debug_log_round833_20260720_160224.217035817.log
[Round 858] Starting, log: /home/zaxy/studyspace/projects/6.5840/src/debug_log/debug_log_round858_20260720_160326.666732297.log
[Round 834] PASS
[Round 834] Removed passed log: /home/zaxy/studyspace/projects/6.5840/src/debug_log/debug_log_round834_20260720_160227.393730610.log
[Round 859] Starting, log: /home/zaxy/studyspace/projects/6.5840/src/debug_log/debug_log_round859_20260720_160330.936070317.log
[Round 835] PASS
[Round 835] Removed passed log: /home/zaxy/studyspace/projects/6.5840/src/debug_log/debug_log_round835_20260720_160227.413950812.log
[Round 860] Starting, log: /home/zaxy/studyspace/projects/6.5840/src/debug_log/debug_log_round860_20260720_160330.953650772.log
[Round 836] PASS
[Round 836] Removed passed log: /home/zaxy/studyspace/projects/6.5840/src/debug_log/debug_log_round836_20260720_160230.406804291.log
[Round 861] Starting, log: /home/zaxy/studyspace/projects/6.5840/src/debug_log/debug_log_round861_20260720_160332.213486189.log
[Round 837] PASS
[Round 837] Removed passed log: /home/zaxy/studyspace/projects/6.5840/src/debug_log/debug_log_round837_20260720_160230.424460439.log
[Round 862] Starting, log: /home/zaxy/studyspace/projects/6.5840/src/debug_log/debug_log_round862_20260720_160332.228954449.log
[Round 838] PASS
[Round 838] Removed passed log: /home/zaxy/studyspace/projects/6.5840/src/debug_log/debug_log_round838_20260720_160233.751795869.log
[Round 863] Starting, log: /home/zaxy/studyspace/projects/6.5840/src/debug_log/debug_log_round863_20260720_160332.246469201.log
[Round 839] PASS
[Round 839] Removed passed log: /home/zaxy/studyspace/projects/6.5840/src/debug_log/debug_log_round839_20260720_160234.660792693.log
[Round 864] Starting, log: /home/zaxy/studyspace/projects/6.5840/src/debug_log/debug_log_round864_20260720_160336.646199133.log
[Round 840] PASS
[Round 840] Removed passed log: /home/zaxy/studyspace/projects/6.5840/src/debug_log/debug_log_round840_20260720_160234.677845448.log
[Round 865] Starting, log: /home/zaxy/studyspace/projects/6.5840/src/debug_log/debug_log_round865_20260720_160336.665446061.log
[Round 841] PASS
[Round 841] Removed passed log: /home/zaxy/studyspace/projects/6.5840/src/debug_log/debug_log_round841_20260720_160234.693584892.log
[Round 866] Starting, log: /home/zaxy/studyspace/projects/6.5840/src/debug_log/debug_log_round866_20260720_160336.682616586.log
[Round 842] PASS
[Round 842] Removed passed log: /home/zaxy/studyspace/projects/6.5840/src/debug_log/debug_log_round842_20260720_160235.688054906.log
[Round 867] Starting, log: /home/zaxy/studyspace/projects/6.5840/src/debug_log/debug_log_round867_20260720_160336.968400872.log
[Round 843] PASS
[Round 843] Removed passed log: /home/zaxy/studyspace/projects/6.5840/src/debug_log/debug_log_round843_20260720_160235.704346485.log
[Round 868] Starting, log: /home/zaxy/studyspace/projects/6.5840/src/debug_log/debug_log_round868_20260720_160336.985219484.log
[Round 844] PASS
[Round 844] Removed passed log: /home/zaxy/studyspace/projects/6.5840/src/debug_log/debug_log_round844_20260720_160235.719382972.log
[Round 869] Starting, log: /home/zaxy/studyspace/projects/6.5840/src/debug_log/debug_log_round869_20260720_160337.001886779.log
[Round 845] PASS
[Round 845] Removed passed log: /home/zaxy/studyspace/projects/6.5840/src/debug_log/debug_log_round845_20260720_160235.740925217.log
[Round 870] Starting, log: /home/zaxy/studyspace/projects/6.5840/src/debug_log/debug_log_round870_20260720_160337.017162450.log
[Round 846] PASS
[Round 846] Removed passed log: /home/zaxy/studyspace/projects/6.5840/src/debug_log/debug_log_round846_20260720_160237.050037247.log
[Round 871] Starting, log: /home/zaxy/studyspace/projects/6.5840/src/debug_log/debug_log_round871_20260720_160337.036113324.log
[Round 847] PASS
[Round 847] Removed passed log: /home/zaxy/studyspace/projects/6.5840/src/debug_log/debug_log_round847_20260720_160237.155514679.log
[Round 872] Starting, log: /home/zaxy/studyspace/projects/6.5840/src/debug_log/debug_log_round872_20260720_160338.782877830.log
[Round 848] PASS
[Round 848] Removed passed log: /home/zaxy/studyspace/projects/6.5840/src/debug_log/debug_log_round848_20260720_160239.288589042.log
[Round 873] Starting, log: /home/zaxy/studyspace/projects/6.5840/src/debug_log/debug_log_round873_20260720_160340.902930743.log
[Round 849] PASS
[Round 849] Removed passed log: /home/zaxy/studyspace/projects/6.5840/src/debug_log/debug_log_round849_20260720_160239.303393216.log
[Round 874] Starting, log: /home/zaxy/studyspace/projects/6.5840/src/debug_log/debug_log_round874_20260720_160340.918106485.log
[Round 850] PASS
[Round 850] Removed passed log: /home/zaxy/studyspace/projects/6.5840/src/debug_log/debug_log_round850_20260720_160239.494552541.log
[Round 875] Starting, log: /home/zaxy/studyspace/projects/6.5840/src/debug_log/debug_log_round875_20260720_160340.934411865.log
[Round 851] PASS
[Round 851] Removed passed log: /home/zaxy/studyspace/projects/6.5840/src/debug_log/debug_log_round851_20260720_160242.722383779.log
[Round 876] Starting, log: /home/zaxy/studyspace/projects/6.5840/src/debug_log/debug_log_round876_20260720_160343.011619463.log
[Round 852] PASS
[Round 852] Removed passed log: /home/zaxy/studyspace/projects/6.5840/src/debug_log/debug_log_round852_20260720_160247.766627179.log
[Round 877] Starting, log: /home/zaxy/studyspace/projects/6.5840/src/debug_log/debug_log_round877_20260720_160350.169294723.log
[Round 853] PASS
[Round 853] Removed passed log: /home/zaxy/studyspace/projects/6.5840/src/debug_log/debug_log_round853_20260720_160305.160669309.log
[Round 878] Starting, log: /home/zaxy/studyspace/projects/6.5840/src/debug_log/debug_log_round878_20260720_160406.114004377.log
[Round 854] PASS
[Round 854] Removed passed log: /home/zaxy/studyspace/projects/6.5840/src/debug_log/debug_log_round854_20260720_160312.763029413.log
[Round 879] Starting, log: /home/zaxy/studyspace/projects/6.5840/src/debug_log/debug_log_round879_20260720_160412.431590237.log
[Round 855] PASS
[Round 855] Removed passed log: /home/zaxy/studyspace/projects/6.5840/src/debug_log/debug_log_round855_20260720_160317.300840238.log
[Round 880] Starting, log: /home/zaxy/studyspace/projects/6.5840/src/debug_log/debug_log_round880_20260720_160416.635642672.log
[Round 856] PASS
[Round 856] Removed passed log: /home/zaxy/studyspace/projects/6.5840/src/debug_log/debug_log_round856_20260720_160317.939329059.log
[Round 881] Starting, log: /home/zaxy/studyspace/projects/6.5840/src/debug_log/debug_log_round881_20260720_160418.018063344.log
[Round 857] PASS
[Round 857] Removed passed log: /home/zaxy/studyspace/projects/6.5840/src/debug_log/debug_log_round857_20260720_160325.000141798.log
[Round 882] Starting, log: /home/zaxy/studyspace/projects/6.5840/src/debug_log/debug_log_round882_20260720_160425.107757309.log
[Round 858] PASS
[Round 858] Removed passed log: /home/zaxy/studyspace/projects/6.5840/src/debug_log/debug_log_round858_20260720_160326.666732297.log
[Round 883] Starting, log: /home/zaxy/studyspace/projects/6.5840/src/debug_log/debug_log_round883_20260720_160428.048907939.log
[Round 859] PASS
[Round 859] Removed passed log: /home/zaxy/studyspace/projects/6.5840/src/debug_log/debug_log_round859_20260720_160330.936070317.log
[Round 884] Starting, log: /home/zaxy/studyspace/projects/6.5840/src/debug_log/debug_log_round884_20260720_160433.774976706.log
[Round 860] PASS
[Round 860] Removed passed log: /home/zaxy/studyspace/projects/6.5840/src/debug_log/debug_log_round860_20260720_160330.953650772.log
[Round 885] Starting, log: /home/zaxy/studyspace/projects/6.5840/src/debug_log/debug_log_round885_20260720_160433.792387389.log
[Round 861] PASS
[Round 861] Removed passed log: /home/zaxy/studyspace/projects/6.5840/src/debug_log/debug_log_round861_20260720_160332.213486189.log
[Round 886] Starting, log: /home/zaxy/studyspace/projects/6.5840/src/debug_log/debug_log_round886_20260720_160433.809409070.log
[Round 862] PASS
[Round 862] Removed passed log: /home/zaxy/studyspace/projects/6.5840/src/debug_log/debug_log_round862_20260720_160332.228954449.log
[Round 887] Starting, log: /home/zaxy/studyspace/projects/6.5840/src/debug_log/debug_log_round887_20260720_160433.827779561.log
[Round 863] PASS
[Round 863] Removed passed log: /home/zaxy/studyspace/projects/6.5840/src/debug_log/debug_log_round863_20260720_160332.246469201.log
[Round 888] Starting, log: /home/zaxy/studyspace/projects/6.5840/src/debug_log/debug_log_round888_20260720_160433.849886278.log
[Round 864] PASS
[Round 864] Removed passed log: /home/zaxy/studyspace/projects/6.5840/src/debug_log/debug_log_round864_20260720_160336.646199133.log
[Round 889] Starting, log: /home/zaxy/studyspace/projects/6.5840/src/debug_log/debug_log_round889_20260720_160436.955896373.log
[Round 865] PASS
[Round 865] Removed passed log: /home/zaxy/studyspace/projects/6.5840/src/debug_log/debug_log_round865_20260720_160336.665446061.log
[Round 890] Starting, log: /home/zaxy/studyspace/projects/6.5840/src/debug_log/debug_log_round890_20260720_160438.685275768.log
[Round 866] PASS
[Round 866] Removed passed log: /home/zaxy/studyspace/projects/6.5840/src/debug_log/debug_log_round866_20260720_160336.682616586.log
[Round 891] Starting, log: /home/zaxy/studyspace/projects/6.5840/src/debug_log/debug_log_round891_20260720_160438.700902959.log
[Round 867] PASS
[Round 867] Removed passed log: /home/zaxy/studyspace/projects/6.5840/src/debug_log/debug_log_round867_20260720_160336.968400872.log
[Round 892] Starting, log: /home/zaxy/studyspace/projects/6.5840/src/debug_log/debug_log_round892_20260720_160438.718267759.log
[Round 868] PASS
[Round 868] Removed passed log: /home/zaxy/studyspace/projects/6.5840/src/debug_log/debug_log_round868_20260720_160336.985219484.log
[Round 893] Starting, log: /home/zaxy/studyspace/projects/6.5840/src/debug_log/debug_log_round893_20260720_160438.736633737.log
[Round 869] PASS
[Round 869] Removed passed log: /home/zaxy/studyspace/projects/6.5840/src/debug_log/debug_log_round869_20260720_160337.001886779.log
[Round 894] Starting, log: /home/zaxy/studyspace/projects/6.5840/src/debug_log/debug_log_round894_20260720_160438.761285415.log
[Round 870] PASS
[Round 870] Removed passed log: /home/zaxy/studyspace/projects/6.5840/src/debug_log/debug_log_round870_20260720_160337.017162450.log
[Round 895] Starting, log: /home/zaxy/studyspace/projects/6.5840/src/debug_log/debug_log_round895_20260720_160438.792379358.log
[Round 871] PASS
[Round 871] Removed passed log: /home/zaxy/studyspace/projects/6.5840/src/debug_log/debug_log_round871_20260720_160337.036113324.log
[Round 896] Starting, log: /home/zaxy/studyspace/projects/6.5840/src/debug_log/debug_log_round896_20260720_160438.817370699.log
[Round 872] PASS
[Round 872] Removed passed log: /home/zaxy/studyspace/projects/6.5840/src/debug_log/debug_log_round872_20260720_160338.782877830.log
[Round 897] Starting, log: /home/zaxy/studyspace/projects/6.5840/src/debug_log/debug_log_round897_20260720_160438.841922125.log
[Round 873] PASS
[Round 873] Removed passed log: /home/zaxy/studyspace/projects/6.5840/src/debug_log/debug_log_round873_20260720_160340.902930743.log
[Round 898] Starting, log: /home/zaxy/studyspace/projects/6.5840/src/debug_log/debug_log_round898_20260720_160438.865829539.log
[Round 874] PASS
[Round 874] Removed passed log: /home/zaxy/studyspace/projects/6.5840/src/debug_log/debug_log_round874_20260720_160340.918106485.log
[Round 899] Starting, log: /home/zaxy/studyspace/projects/6.5840/src/debug_log/debug_log_round899_20260720_160441.879587038.log
[Round 875] PASS
[Round 875] Removed passed log: /home/zaxy/studyspace/projects/6.5840/src/debug_log/debug_log_round875_20260720_160340.934411865.log
[Round 900] Starting, log: /home/zaxy/studyspace/projects/6.5840/src/debug_log/debug_log_round900_20260720_160442.563990208.log
[Round 876] PASS
[Round 876] Removed passed log: /home/zaxy/studyspace/projects/6.5840/src/debug_log/debug_log_round876_20260720_160343.011619463.log
[Round 901] Starting, log: /home/zaxy/studyspace/projects/6.5840/src/debug_log/debug_log_round901_20260720_160444.324872606.log
[Round 877] PASS
[Round 877] Removed passed log: /home/zaxy/studyspace/projects/6.5840/src/debug_log/debug_log_round877_20260720_160350.169294723.log
[Round 902] Starting, log: /home/zaxy/studyspace/projects/6.5840/src/debug_log/debug_log_round902_20260720_160452.291102021.log
[Round 878] PASS
[Round 878] Removed passed log: /home/zaxy/studyspace/projects/6.5840/src/debug_log/debug_log_round878_20260720_160406.114004377.log
[Round 903] Starting, log: /home/zaxy/studyspace/projects/6.5840/src/debug_log/debug_log_round903_20260720_160505.626308220.log
[Round 879] PASS
[Round 879] Removed passed log: /home/zaxy/studyspace/projects/6.5840/src/debug_log/debug_log_round879_20260720_160412.431590237.log
[Round 904] Starting, log: /home/zaxy/studyspace/projects/6.5840/src/debug_log/debug_log_round904_20260720_160512.460105729.log
[Round 880] PASS
[Round 880] Removed passed log: /home/zaxy/studyspace/projects/6.5840/src/debug_log/debug_log_round880_20260720_160416.635642672.log
[Round 905] Starting, log: /home/zaxy/studyspace/projects/6.5840/src/debug_log/debug_log_round905_20260720_160514.959463722.log
[Round 881] PASS
[Round 881] Removed passed log: /home/zaxy/studyspace/projects/6.5840/src/debug_log/debug_log_round881_20260720_160418.018063344.log
[Round 906] Starting, log: /home/zaxy/studyspace/projects/6.5840/src/debug_log/debug_log_round906_20260720_160518.191677072.log
[Round 882] PASS
[Round 882] Removed passed log: /home/zaxy/studyspace/projects/6.5840/src/debug_log/debug_log_round882_20260720_160425.107757309.log
[Round 907] Starting, log: /home/zaxy/studyspace/projects/6.5840/src/debug_log/debug_log_round907_20260720_160524.726623083.log
[Round 883] PASS
[Round 883] Removed passed log: /home/zaxy/studyspace/projects/6.5840/src/debug_log/debug_log_round883_20260720_160428.048907939.log
[Round 908] Starting, log: /home/zaxy/studyspace/projects/6.5840/src/debug_log/debug_log_round908_20260720_160527.987500071.log
[Round 884] PASS
[Round 884] Removed passed log: /home/zaxy/studyspace/projects/6.5840/src/debug_log/debug_log_round884_20260720_160433.774976706.log
[Round 909] Starting, log: /home/zaxy/studyspace/projects/6.5840/src/debug_log/debug_log_round909_20260720_160531.945623771.log
[Round 885] PASS
[Round 885] Removed passed log: /home/zaxy/studyspace/projects/6.5840/src/debug_log/debug_log_round885_20260720_160433.792387389.log
[Round 910] Starting, log: /home/zaxy/studyspace/projects/6.5840/src/debug_log/debug_log_round910_20260720_160533.376856637.log
[Round 886] PASS
[Round 886] Removed passed log: /home/zaxy/studyspace/projects/6.5840/src/debug_log/debug_log_round886_20260720_160433.809409070.log
[Round 911] Starting, log: /home/zaxy/studyspace/projects/6.5840/src/debug_log/debug_log_round911_20260720_160535.586330416.log
[Round 887] PASS
[Round 887] Removed passed log: /home/zaxy/studyspace/projects/6.5840/src/debug_log/debug_log_round887_20260720_160433.827779561.log
[Round 912] Starting, log: /home/zaxy/studyspace/projects/6.5840/src/debug_log/debug_log_round912_20260720_160535.700682424.log
[Round 888] PASS
[Round 888] Removed passed log: /home/zaxy/studyspace/projects/6.5840/src/debug_log/debug_log_round888_20260720_160433.849886278.log
[Round 913] Starting, log: /home/zaxy/studyspace/projects/6.5840/src/debug_log/debug_log_round913_20260720_160535.718003307.log
[Round 889] PASS
[Round 889] Removed passed log: /home/zaxy/studyspace/projects/6.5840/src/debug_log/debug_log_round889_20260720_160436.955896373.log
[Round 914] Starting, log: /home/zaxy/studyspace/projects/6.5840/src/debug_log/debug_log_round914_20260720_160536.736577853.log
[Round 890] PASS
[Round 890] Removed passed log: /home/zaxy/studyspace/projects/6.5840/src/debug_log/debug_log_round890_20260720_160438.685275768.log
[Round 915] Starting, log: /home/zaxy/studyspace/projects/6.5840/src/debug_log/debug_log_round915_20260720_160536.757859792.log
[Round 891] PASS
[Round 891] Removed passed log: /home/zaxy/studyspace/projects/6.5840/src/debug_log/debug_log_round891_20260720_160438.700902959.log
[Round 916] Starting, log: /home/zaxy/studyspace/projects/6.5840/src/debug_log/debug_log_round916_20260720_160536.817270613.log
[Round 892] PASS
[Round 892] Removed passed log: /home/zaxy/studyspace/projects/6.5840/src/debug_log/debug_log_round892_20260720_160438.718267759.log
[Round 917] Starting, log: /home/zaxy/studyspace/projects/6.5840/src/debug_log/debug_log_round917_20260720_160538.373777836.log
[Round 893] PASS
[Round 893] Removed passed log: /home/zaxy/studyspace/projects/6.5840/src/debug_log/debug_log_round893_20260720_160438.736633737.log
[Round 918] Starting, log: /home/zaxy/studyspace/projects/6.5840/src/debug_log/debug_log_round918_20260720_160538.389698758.log
[Round 894] PASS
[Round 894] Removed passed log: /home/zaxy/studyspace/projects/6.5840/src/debug_log/debug_log_round894_20260720_160438.761285415.log
[Round 919] Starting, log: /home/zaxy/studyspace/projects/6.5840/src/debug_log/debug_log_round919_20260720_160541.242588190.log
[Round 895] PASS
[Round 895] Removed passed log: /home/zaxy/studyspace/projects/6.5840/src/debug_log/debug_log_round895_20260720_160438.792379358.log
[Round 920] Starting, log: /home/zaxy/studyspace/projects/6.5840/src/debug_log/debug_log_round920_20260720_160541.258871218.log
[Round 896] PASS
[Round 896] Removed passed log: /home/zaxy/studyspace/projects/6.5840/src/debug_log/debug_log_round896_20260720_160438.817370699.log
[Round 921] Starting, log: /home/zaxy/studyspace/projects/6.5840/src/debug_log/debug_log_round921_20260720_160541.275210452.log
[Round 897] PASS
[Round 897] Removed passed log: /home/zaxy/studyspace/projects/6.5840/src/debug_log/debug_log_round897_20260720_160438.841922125.log
[Round 922] Starting, log: /home/zaxy/studyspace/projects/6.5840/src/debug_log/debug_log_round922_20260720_160541.291092667.log
[Round 898] PASS
[Round 898] Removed passed log: /home/zaxy/studyspace/projects/6.5840/src/debug_log/debug_log_round898_20260720_160438.865829539.log
[Round 923] Starting, log: /home/zaxy/studyspace/projects/6.5840/src/debug_log/debug_log_round923_20260720_160541.309713810.log
[Round 899] PASS
[Round 899] Removed passed log: /home/zaxy/studyspace/projects/6.5840/src/debug_log/debug_log_round899_20260720_160441.879587038.log
[Round 924] Starting, log: /home/zaxy/studyspace/projects/6.5840/src/debug_log/debug_log_round924_20260720_160541.904764658.log
[Round 900] PASS
[Round 900] Removed passed log: /home/zaxy/studyspace/projects/6.5840/src/debug_log/debug_log_round900_20260720_160442.563990208.log
[Round 925] Starting, log: /home/zaxy/studyspace/projects/6.5840/src/debug_log/debug_log_round925_20260720_160544.690953456.log
[Round 901] PASS
[Round 901] Removed passed log: /home/zaxy/studyspace/projects/6.5840/src/debug_log/debug_log_round901_20260720_160444.324872606.log
[Round 926] Starting, log: /home/zaxy/studyspace/projects/6.5840/src/debug_log/debug_log_round926_20260720_160544.706868872.log
[Round 902] PASS
[Round 902] Removed passed log: /home/zaxy/studyspace/projects/6.5840/src/debug_log/debug_log_round902_20260720_160452.291102021.log
[Round 927] Starting, log: /home/zaxy/studyspace/projects/6.5840/src/debug_log/debug_log_round927_20260720_160551.299986469.log
[Round 903] PASS
[Round 903] Removed passed log: /home/zaxy/studyspace/projects/6.5840/src/debug_log/debug_log_round903_20260720_160505.626308220.log
[Round 928] Starting, log: /home/zaxy/studyspace/projects/6.5840/src/debug_log/debug_log_round928_20260720_160605.850134578.log
[Round 904] PASS
[Round 904] Removed passed log: /home/zaxy/studyspace/projects/6.5840/src/debug_log/debug_log_round904_20260720_160512.460105729.log
[Round 929] Starting, log: /home/zaxy/studyspace/projects/6.5840/src/debug_log/debug_log_round929_20260720_160612.121587941.log
[Round 905] PASS
[Round 905] Removed passed log: /home/zaxy/studyspace/projects/6.5840/src/debug_log/debug_log_round905_20260720_160514.959463722.log
[Round 930] Starting, log: /home/zaxy/studyspace/projects/6.5840/src/debug_log/debug_log_round930_20260720_160618.078443994.log
[Round 906] PASS
[Round 906] Removed passed log: /home/zaxy/studyspace/projects/6.5840/src/debug_log/debug_log_round906_20260720_160518.191677072.log
[Round 931] Starting, log: /home/zaxy/studyspace/projects/6.5840/src/debug_log/debug_log_round931_20260720_160618.552337816.log
[Round 907] PASS
[Round 907] Removed passed log: /home/zaxy/studyspace/projects/6.5840/src/debug_log/debug_log_round907_20260720_160524.726623083.log
[Round 932] Starting, log: /home/zaxy/studyspace/projects/6.5840/src/debug_log/debug_log_round932_20260720_160624.251988958.log
[Round 908] PASS
[Round 908] Removed passed log: /home/zaxy/studyspace/projects/6.5840/src/debug_log/debug_log_round908_20260720_160527.987500071.log
[Round 933] Starting, log: /home/zaxy/studyspace/projects/6.5840/src/debug_log/debug_log_round933_20260720_160629.766014837.log
[Round 909] PASS
[Round 909] Removed passed log: /home/zaxy/studyspace/projects/6.5840/src/debug_log/debug_log_round909_20260720_160531.945623771.log
[Round 934] Starting, log: /home/zaxy/studyspace/projects/6.5840/src/debug_log/debug_log_round934_20260720_160633.321156768.log
[Round 910] PASS
[Round 910] Removed passed log: /home/zaxy/studyspace/projects/6.5840/src/debug_log/debug_log_round910_20260720_160533.376856637.log
[Round 935] Starting, log: /home/zaxy/studyspace/projects/6.5840/src/debug_log/debug_log_round935_20260720_160633.338857144.log
[Round 911] PASS
[Round 911] Removed passed log: /home/zaxy/studyspace/projects/6.5840/src/debug_log/debug_log_round911_20260720_160535.586330416.log
[Round 936] Starting, log: /home/zaxy/studyspace/projects/6.5840/src/debug_log/debug_log_round936_20260720_160635.664871222.log
[Round 912] PASS
[Round 912] Removed passed log: /home/zaxy/studyspace/projects/6.5840/src/debug_log/debug_log_round912_20260720_160535.700682424.log
[Round 937] Starting, log: /home/zaxy/studyspace/projects/6.5840/src/debug_log/debug_log_round937_20260720_160638.339522982.log
[Round 913] PASS
[Round 913] Removed passed log: /home/zaxy/studyspace/projects/6.5840/src/debug_log/debug_log_round913_20260720_160535.718003307.log
[Round 938] Starting, log: /home/zaxy/studyspace/projects/6.5840/src/debug_log/debug_log_round938_20260720_160638.355105075.log
[Round 914] PASS
[Round 914] Removed passed log: /home/zaxy/studyspace/projects/6.5840/src/debug_log/debug_log_round914_20260720_160536.736577853.log
[Round 939] Starting, log: /home/zaxy/studyspace/projects/6.5840/src/debug_log/debug_log_round939_20260720_160638.471818904.log
[Round 915] PASS
[Round 915] Removed passed log: /home/zaxy/studyspace/projects/6.5840/src/debug_log/debug_log_round915_20260720_160536.757859792.log
[Round 940] Starting, log: /home/zaxy/studyspace/projects/6.5840/src/debug_log/debug_log_round940_20260720_160638.515302148.log
[Round 916] PASS
[Round 916] Removed passed log: /home/zaxy/studyspace/projects/6.5840/src/debug_log/debug_log_round916_20260720_160536.817270613.log
[Round 941] Starting, log: /home/zaxy/studyspace/projects/6.5840/src/debug_log/debug_log_round941_20260720_160638.545342464.log
[Round 917] PASS
[Round 917] Removed passed log: /home/zaxy/studyspace/projects/6.5840/src/debug_log/debug_log_round917_20260720_160538.373777836.log
[Round 942] Starting, log: /home/zaxy/studyspace/projects/6.5840/src/debug_log/debug_log_round942_20260720_160638.566057052.log
[Round 918] PASS
[Round 918] Removed passed log: /home/zaxy/studyspace/projects/6.5840/src/debug_log/debug_log_round918_20260720_160538.389698758.log
[Round 943] Starting, log: /home/zaxy/studyspace/projects/6.5840/src/debug_log/debug_log_round943_20260720_160638.586984487.log
[Round 919] PASS
[Round 919] Removed passed log: /home/zaxy/studyspace/projects/6.5840/src/debug_log/debug_log_round919_20260720_160541.242588190.log
[Round 944] Starting, log: /home/zaxy/studyspace/projects/6.5840/src/debug_log/debug_log_round944_20260720_160644.395947418.log
[Round 920] PASS
[Round 920] Removed passed log: /home/zaxy/studyspace/projects/6.5840/src/debug_log/debug_log_round920_20260720_160541.258871218.log
[Round 945] Starting, log: /home/zaxy/studyspace/projects/6.5840/src/debug_log/debug_log_round945_20260720_160644.411781055.log
[Round 921] PASS
[Round 921] Removed passed log: /home/zaxy/studyspace/projects/6.5840/src/debug_log/debug_log_round921_20260720_160541.275210452.log
[Round 946] Starting, log: /home/zaxy/studyspace/projects/6.5840/src/debug_log/debug_log_round946_20260720_160644.427308123.log
[Round 922] PASS
[Round 922] Removed passed log: /home/zaxy/studyspace/projects/6.5840/src/debug_log/debug_log_round922_20260720_160541.291092667.log
[Round 947] Starting, log: /home/zaxy/studyspace/projects/6.5840/src/debug_log/debug_log_round947_20260720_160644.443651595.log
[Round 923] PASS
[Round 923] Removed passed log: /home/zaxy/studyspace/projects/6.5840/src/debug_log/debug_log_round923_20260720_160541.309713810.log
[Round 948] Starting, log: /home/zaxy/studyspace/projects/6.5840/src/debug_log/debug_log_round948_20260720_160644.465310946.log
[Round 924] PASS
[Round 924] Removed passed log: /home/zaxy/studyspace/projects/6.5840/src/debug_log/debug_log_round924_20260720_160541.904764658.log
[Round 949] Starting, log: /home/zaxy/studyspace/projects/6.5840/src/debug_log/debug_log_round949_20260720_160644.488253928.log
[Round 925] PASS
[Round 925] Removed passed log: /home/zaxy/studyspace/projects/6.5840/src/debug_log/debug_log_round925_20260720_160544.690953456.log
[Round 950] Starting, log: /home/zaxy/studyspace/projects/6.5840/src/debug_log/debug_log_round950_20260720_160647.775365432.log
[Round 926] PASS
[Round 926] Removed passed log: /home/zaxy/studyspace/projects/6.5840/src/debug_log/debug_log_round926_20260720_160544.706868872.log
[Round 951] Starting, log: /home/zaxy/studyspace/projects/6.5840/src/debug_log/debug_log_round951_20260720_160647.791016855.log
[Round 927] PASS
[Round 927] Removed passed log: /home/zaxy/studyspace/projects/6.5840/src/debug_log/debug_log_round927_20260720_160551.299986469.log
[Round 952] Starting, log: /home/zaxy/studyspace/projects/6.5840/src/debug_log/debug_log_round952_20260720_160650.328520494.log
[Round 928] PASS
[Round 928] Removed passed log: /home/zaxy/studyspace/projects/6.5840/src/debug_log/debug_log_round928_20260720_160605.850134578.log
[Round 953] Starting, log: /home/zaxy/studyspace/projects/6.5840/src/debug_log/debug_log_round953_20260720_160705.439516670.log
[Round 929] PASS
[Round 929] Removed passed log: /home/zaxy/studyspace/projects/6.5840/src/debug_log/debug_log_round929_20260720_160612.121587941.log
[Round 954] Starting, log: /home/zaxy/studyspace/projects/6.5840/src/debug_log/debug_log_round954_20260720_160713.451732014.log
[Round 930] PASS
[Round 930] Removed passed log: /home/zaxy/studyspace/projects/6.5840/src/debug_log/debug_log_round930_20260720_160618.078443994.log
[Round 955] Starting, log: /home/zaxy/studyspace/projects/6.5840/src/debug_log/debug_log_round955_20260720_160719.262642096.log
[Round 931] PASS
[Round 931] Removed passed log: /home/zaxy/studyspace/projects/6.5840/src/debug_log/debug_log_round931_20260720_160618.552337816.log
[Round 956] Starting, log: /home/zaxy/studyspace/projects/6.5840/src/debug_log/debug_log_round956_20260720_160719.280758821.log
[Round 932] PASS
[Round 932] Removed passed log: /home/zaxy/studyspace/projects/6.5840/src/debug_log/debug_log_round932_20260720_160624.251988958.log
[Round 957] Starting, log: /home/zaxy/studyspace/projects/6.5840/src/debug_log/debug_log_round957_20260720_160725.865560251.log
[Round 933] PASS
[Round 933] Removed passed log: /home/zaxy/studyspace/projects/6.5840/src/debug_log/debug_log_round933_20260720_160629.766014837.log
[Round 958] Starting, log: /home/zaxy/studyspace/projects/6.5840/src/debug_log/debug_log_round958_20260720_160731.413442990.log
[Round 934] PASS
[Round 934] Removed passed log: /home/zaxy/studyspace/projects/6.5840/src/debug_log/debug_log_round934_20260720_160633.321156768.log
[Round 959] Starting, log: /home/zaxy/studyspace/projects/6.5840/src/debug_log/debug_log_round959_20260720_160731.431491500.log
[Round 935] PASS
[Round 935] Removed passed log: /home/zaxy/studyspace/projects/6.5840/src/debug_log/debug_log_round935_20260720_160633.338857144.log
[Round 960] Starting, log: /home/zaxy/studyspace/projects/6.5840/src/debug_log/debug_log_round960_20260720_160733.023012317.log
[Round 936] PASS
[Round 936] Removed passed log: /home/zaxy/studyspace/projects/6.5840/src/debug_log/debug_log_round936_20260720_160635.664871222.log
[Round 961] Starting, log: /home/zaxy/studyspace/projects/6.5840/src/debug_log/debug_log_round961_20260720_160738.062568747.log
[Round 937] PASS
[Round 937] Removed passed log: /home/zaxy/studyspace/projects/6.5840/src/debug_log/debug_log_round937_20260720_160638.339522982.log
[Round 962] Starting, log: /home/zaxy/studyspace/projects/6.5840/src/debug_log/debug_log_round962_20260720_160738.361692818.log
[Round 938] PASS
[Round 938] Removed passed log: /home/zaxy/studyspace/projects/6.5840/src/debug_log/debug_log_round938_20260720_160638.355105075.log
[Round 963] Starting, log: /home/zaxy/studyspace/projects/6.5840/src/debug_log/debug_log_round963_20260720_160738.378564510.log
[Round 939] PASS
[Round 939] Removed passed log: /home/zaxy/studyspace/projects/6.5840/src/debug_log/debug_log_round939_20260720_160638.471818904.log
[Round 964] Starting, log: /home/zaxy/studyspace/projects/6.5840/src/debug_log/debug_log_round964_20260720_160741.295753292.log
[Round 940] PASS
[Round 940] Removed passed log: /home/zaxy/studyspace/projects/6.5840/src/debug_log/debug_log_round940_20260720_160638.515302148.log
[Round 965] Starting, log: /home/zaxy/studyspace/projects/6.5840/src/debug_log/debug_log_round965_20260720_160741.310991092.log
[Round 941] PASS
[Round 941] Removed passed log: /home/zaxy/studyspace/projects/6.5840/src/debug_log/debug_log_round941_20260720_160638.545342464.log
[Round 966] Starting, log: /home/zaxy/studyspace/projects/6.5840/src/debug_log/debug_log_round966_20260720_160741.330609915.log
[Round 942] PASS
[Round 942] Removed passed log: /home/zaxy/studyspace/projects/6.5840/src/debug_log/debug_log_round942_20260720_160638.566057052.log
[Round 967] Starting, log: /home/zaxy/studyspace/projects/6.5840/src/debug_log/debug_log_round967_20260720_160741.790764268.log
[Round 943] PASS
[Round 943] Removed passed log: /home/zaxy/studyspace/projects/6.5840/src/debug_log/debug_log_round943_20260720_160638.586984487.log
[Round 968] Starting, log: /home/zaxy/studyspace/projects/6.5840/src/debug_log/debug_log_round968_20260720_160741.992256956.log
[Round 944] PASS
[Round 944] Removed passed log: /home/zaxy/studyspace/projects/6.5840/src/debug_log/debug_log_round944_20260720_160644.395947418.log
[Round 969] Starting, log: /home/zaxy/studyspace/projects/6.5840/src/debug_log/debug_log_round969_20260720_160745.808957351.log
[Round 945] PASS
[Round 945] Removed passed log: /home/zaxy/studyspace/projects/6.5840/src/debug_log/debug_log_round945_20260720_160644.411781055.log
[Round 970] Starting, log: /home/zaxy/studyspace/projects/6.5840/src/debug_log/debug_log_round970_20260720_160745.823458852.log
[Round 946] PASS
[Round 946] Removed passed log: /home/zaxy/studyspace/projects/6.5840/src/debug_log/debug_log_round946_20260720_160644.427308123.log
[Round 971] Starting, log: /home/zaxy/studyspace/projects/6.5840/src/debug_log/debug_log_round971_20260720_160745.838061971.log
[Round 947] PASS
[Round 947] Removed passed log: /home/zaxy/studyspace/projects/6.5840/src/debug_log/debug_log_round947_20260720_160644.443651595.log
[Round 972] Starting, log: /home/zaxy/studyspace/projects/6.5840/src/debug_log/debug_log_round972_20260720_160746.091236614.log
[Round 948] PASS
[Round 948] Removed passed log: /home/zaxy/studyspace/projects/6.5840/src/debug_log/debug_log_round948_20260720_160644.465310946.log
[Round 973] Starting, log: /home/zaxy/studyspace/projects/6.5840/src/debug_log/debug_log_round973_20260720_160746.108965440.log
[Round 949] PASS
[Round 949] Removed passed log: /home/zaxy/studyspace/projects/6.5840/src/debug_log/debug_log_round949_20260720_160644.488253928.log
[Round 974] Starting, log: /home/zaxy/studyspace/projects/6.5840/src/debug_log/debug_log_round974_20260720_160746.130235169.log
[Round 950] PASS
[Round 950] Removed passed log: /home/zaxy/studyspace/projects/6.5840/src/debug_log/debug_log_round950_20260720_160647.775365432.log
[Round 975] Starting, log: /home/zaxy/studyspace/projects/6.5840/src/debug_log/debug_log_round975_20260720_160746.152871106.log
[Round 951] PASS
[Round 951] Removed passed log: /home/zaxy/studyspace/projects/6.5840/src/debug_log/debug_log_round951_20260720_160647.791016855.log
[Round 976] Starting, log: /home/zaxy/studyspace/projects/6.5840/src/debug_log/debug_log_round976_20260720_160747.557389526.log
[Round 952] PASS
[Round 952] Removed passed log: /home/zaxy/studyspace/projects/6.5840/src/debug_log/debug_log_round952_20260720_160650.328520494.log
[Round 977] Starting, log: /home/zaxy/studyspace/projects/6.5840/src/debug_log/debug_log_round977_20260720_160749.880966885.log
[Round 953] PASS
[Round 953] Removed passed log: /home/zaxy/studyspace/projects/6.5840/src/debug_log/debug_log_round953_20260720_160705.439516670.log
[Round 978] Starting, log: /home/zaxy/studyspace/projects/6.5840/src/debug_log/debug_log_round978_20260720_160803.361644659.log
[Round 954] PASS
[Round 954] Removed passed log: /home/zaxy/studyspace/projects/6.5840/src/debug_log/debug_log_round954_20260720_160713.451732014.log
[Round 979] Starting, log: /home/zaxy/studyspace/projects/6.5840/src/debug_log/debug_log_round979_20260720_160811.454704220.log
[Round 955] PASS
[Round 955] Removed passed log: /home/zaxy/studyspace/projects/6.5840/src/debug_log/debug_log_round955_20260720_160719.262642096.log
[Round 980] Starting, log: /home/zaxy/studyspace/projects/6.5840/src/debug_log/debug_log_round980_20260720_160819.325812640.log
[Round 956] PASS
[Round 956] Removed passed log: /home/zaxy/studyspace/projects/6.5840/src/debug_log/debug_log_round956_20260720_160719.280758821.log
[Round 981] Starting, log: /home/zaxy/studyspace/projects/6.5840/src/debug_log/debug_log_round981_20260720_160821.286106771.log
[Round 957] PASS
[Round 957] Removed passed log: /home/zaxy/studyspace/projects/6.5840/src/debug_log/debug_log_round957_20260720_160725.865560251.log
[Round 982] Starting, log: /home/zaxy/studyspace/projects/6.5840/src/debug_log/debug_log_round982_20260720_160826.591030070.log
[Round 958] PASS
[Round 958] Removed passed log: /home/zaxy/studyspace/projects/6.5840/src/debug_log/debug_log_round958_20260720_160731.413442990.log
[Round 983] Starting, log: /home/zaxy/studyspace/projects/6.5840/src/debug_log/debug_log_round983_20260720_160831.117933307.log
[Round 959] PASS
[Round 959] Removed passed log: /home/zaxy/studyspace/projects/6.5840/src/debug_log/debug_log_round959_20260720_160731.431491500.log
[Round 984] Starting, log: /home/zaxy/studyspace/projects/6.5840/src/debug_log/debug_log_round984_20260720_160831.136118877.log
[Round 960] PASS
[Round 960] Removed passed log: /home/zaxy/studyspace/projects/6.5840/src/debug_log/debug_log_round960_20260720_160733.023012317.log
[Round 985] Starting, log: /home/zaxy/studyspace/projects/6.5840/src/debug_log/debug_log_round985_20260720_160832.947891234.log
[Round 961] PASS
[Round 961] Removed passed log: /home/zaxy/studyspace/projects/6.5840/src/debug_log/debug_log_round961_20260720_160738.062568747.log
[Round 986] Starting, log: /home/zaxy/studyspace/projects/6.5840/src/debug_log/debug_log_round986_20260720_160838.734275301.log
[Round 962] PASS
[Round 962] Removed passed log: /home/zaxy/studyspace/projects/6.5840/src/debug_log/debug_log_round962_20260720_160738.361692818.log
[Round 987] Starting, log: /home/zaxy/studyspace/projects/6.5840/src/debug_log/debug_log_round987_20260720_160838.752560274.log
[Round 963] PASS
[Round 963] Removed passed log: /home/zaxy/studyspace/projects/6.5840/src/debug_log/debug_log_round963_20260720_160738.378564510.log
[Round 988] Starting, log: /home/zaxy/studyspace/projects/6.5840/src/debug_log/debug_log_round988_20260720_160839.223135737.log
[Round 964] PASS
[Round 964] Removed passed log: /home/zaxy/studyspace/projects/6.5840/src/debug_log/debug_log_round964_20260720_160741.295753292.log
[Round 989] Starting, log: /home/zaxy/studyspace/projects/6.5840/src/debug_log/debug_log_round989_20260720_160844.504795298.log
[Round 965] PASS
[Round 965] Removed passed log: /home/zaxy/studyspace/projects/6.5840/src/debug_log/debug_log_round965_20260720_160741.310991092.log
[Round 990] Starting, log: /home/zaxy/studyspace/projects/6.5840/src/debug_log/debug_log_round990_20260720_160844.523838261.log
[Round 966] PASS
[Round 966] Removed passed log: /home/zaxy/studyspace/projects/6.5840/src/debug_log/debug_log_round966_20260720_160741.330609915.log
[Round 991] Starting, log: /home/zaxy/studyspace/projects/6.5840/src/debug_log/debug_log_round991_20260720_160844.542209483.log
[Round 967] PASS
[Round 967] Removed passed log: /home/zaxy/studyspace/projects/6.5840/src/debug_log/debug_log_round967_20260720_160741.790764268.log
[Round 992] Starting, log: /home/zaxy/studyspace/projects/6.5840/src/debug_log/debug_log_round992_20260720_160844.564694844.log
[Round 968] PASS
[Round 968] Removed passed log: /home/zaxy/studyspace/projects/6.5840/src/debug_log/debug_log_round968_20260720_160741.992256956.log
[Round 993] Starting, log: /home/zaxy/studyspace/projects/6.5840/src/debug_log/debug_log_round993_20260720_160844.587548602.log
[Round 969] PASS
[Round 969] Removed passed log: /home/zaxy/studyspace/projects/6.5840/src/debug_log/debug_log_round969_20260720_160745.808957351.log
[Round 994] Starting, log: /home/zaxy/studyspace/projects/6.5840/src/debug_log/debug_log_round994_20260720_160846.034324174.log
[Round 970] PASS
[Round 970] Removed passed log: /home/zaxy/studyspace/projects/6.5840/src/debug_log/debug_log_round970_20260720_160745.823458852.log
[Round 995] Starting, log: /home/zaxy/studyspace/projects/6.5840/src/debug_log/debug_log_round995_20260720_160846.810864175.log
[Round 971] PASS
[Round 971] Removed passed log: /home/zaxy/studyspace/projects/6.5840/src/debug_log/debug_log_round971_20260720_160745.838061971.log
[Round 996] Starting, log: /home/zaxy/studyspace/projects/6.5840/src/debug_log/debug_log_round996_20260720_160847.719503647.log
[Round 972] PASS
[Round 972] Removed passed log: /home/zaxy/studyspace/projects/6.5840/src/debug_log/debug_log_round972_20260720_160746.091236614.log
[Round 997] Starting, log: /home/zaxy/studyspace/projects/6.5840/src/debug_log/debug_log_round997_20260720_160847.737258137.log
[Round 973] PASS
[Round 973] Removed passed log: /home/zaxy/studyspace/projects/6.5840/src/debug_log/debug_log_round973_20260720_160746.108965440.log
[Round 998] Starting, log: /home/zaxy/studyspace/projects/6.5840/src/debug_log/debug_log_round998_20260720_160847.752498393.log
[Round 974] PASS
[Round 974] Removed passed log: /home/zaxy/studyspace/projects/6.5840/src/debug_log/debug_log_round974_20260720_160746.130235169.log
[Round 999] Starting, log: /home/zaxy/studyspace/projects/6.5840/src/debug_log/debug_log_round999_20260720_160847.769870206.log
[Round 975] PASS
[Round 975] Removed passed log: /home/zaxy/studyspace/projects/6.5840/src/debug_log/debug_log_round975_20260720_160746.152871106.log
[Round 1000] Starting, log: /home/zaxy/studyspace/projects/6.5840/src/debug_log/debug_log_round1000_20260720_160847.789837718.log
[Round 976] PASS
[Round 976] Removed passed log: /home/zaxy/studyspace/projects/6.5840/src/debug_log/debug_log_round976_20260720_160747.557389526.log
[Round 977] PASS
[Round 977] Removed passed log: /home/zaxy/studyspace/projects/6.5840/src/debug_log/debug_log_round977_20260720_160749.880966885.log
[Round 978] PASS
[Round 978] Removed passed log: /home/zaxy/studyspace/projects/6.5840/src/debug_log/debug_log_round978_20260720_160803.361644659.log
[Round 979] PASS
[Round 979] Removed passed log: /home/zaxy/studyspace/projects/6.5840/src/debug_log/debug_log_round979_20260720_160811.454704220.log
[Round 980] PASS
[Round 980] Removed passed log: /home/zaxy/studyspace/projects/6.5840/src/debug_log/debug_log_round980_20260720_160819.325812640.log
[Round 981] PASS
[Round 981] Removed passed log: /home/zaxy/studyspace/projects/6.5840/src/debug_log/debug_log_round981_20260720_160821.286106771.log
[Round 982] PASS
[Round 982] Removed passed log: /home/zaxy/studyspace/projects/6.5840/src/debug_log/debug_log_round982_20260720_160826.591030070.log
[Round 983] PASS
[Round 983] Removed passed log: /home/zaxy/studyspace/projects/6.5840/src/debug_log/debug_log_round983_20260720_160831.117933307.log
[Round 984] PASS
[Round 984] Removed passed log: /home/zaxy/studyspace/projects/6.5840/src/debug_log/debug_log_round984_20260720_160831.136118877.log
[Round 985] PASS
[Round 985] Removed passed log: /home/zaxy/studyspace/projects/6.5840/src/debug_log/debug_log_round985_20260720_160832.947891234.log
[Round 986] PASS
[Round 986] Removed passed log: /home/zaxy/studyspace/projects/6.5840/src/debug_log/debug_log_round986_20260720_160838.734275301.log
[Round 987] PASS
[Round 987] Removed passed log: /home/zaxy/studyspace/projects/6.5840/src/debug_log/debug_log_round987_20260720_160838.752560274.log
[Round 988] PASS
[Round 988] Removed passed log: /home/zaxy/studyspace/projects/6.5840/src/debug_log/debug_log_round988_20260720_160839.223135737.log
[Round 989] PASS
[Round 989] Removed passed log: /home/zaxy/studyspace/projects/6.5840/src/debug_log/debug_log_round989_20260720_160844.504795298.log
[Round 990] PASS
[Round 990] Removed passed log: /home/zaxy/studyspace/projects/6.5840/src/debug_log/debug_log_round990_20260720_160844.523838261.log
[Round 991] PASS
[Round 991] Removed passed log: /home/zaxy/studyspace/projects/6.5840/src/debug_log/debug_log_round991_20260720_160844.542209483.log
[Round 992] PASS
[Round 992] Removed passed log: /home/zaxy/studyspace/projects/6.5840/src/debug_log/debug_log_round992_20260720_160844.564694844.log
[Round 993] PASS
[Round 993] Removed passed log: /home/zaxy/studyspace/projects/6.5840/src/debug_log/debug_log_round993_20260720_160844.587548602.log
[Round 994] PASS
[Round 994] Removed passed log: /home/zaxy/studyspace/projects/6.5840/src/debug_log/debug_log_round994_20260720_160846.034324174.log
[Round 995] PASS
[Round 995] Removed passed log: /home/zaxy/studyspace/projects/6.5840/src/debug_log/debug_log_round995_20260720_160846.810864175.log
[Round 996] PASS
[Round 996] Removed passed log: /home/zaxy/studyspace/projects/6.5840/src/debug_log/debug_log_round996_20260720_160847.719503647.log
[Round 997] PASS
[Round 997] Removed passed log: /home/zaxy/studyspace/projects/6.5840/src/debug_log/debug_log_round997_20260720_160847.737258137.log
[Round 998] PASS
[Round 998] Removed passed log: /home/zaxy/studyspace/projects/6.5840/src/debug_log/debug_log_round998_20260720_160847.752498393.log
[Round 999] PASS
[Round 999] Removed passed log: /home/zaxy/studyspace/projects/6.5840/src/debug_log/debug_log_round999_20260720_160847.769870206.log
[Round 1000] PASS
[Round 1000] Removed passed log: /home/zaxy/studyspace/projects/6.5840/src/debug_log/debug_log_round1000_20260720_160847.789837718.log

All test rounds finished.
Passed rounds: 1000
Failed rounds: 0

Average time by test case:
  TestBackup3B                              22.899s  (1000 runs)
  TestBasicAgree3B                           1.298s  (1000 runs)
  TestConcurrentStarts3B                     1.348s  (1000 runs)
  TestCount3B                                2.848s  (1000 runs)
  TestFailAgree3B                            6.428s  (1000 runs)
  TestFailNoAgree3B                          4.786s  (1000 runs)
  TestFollowerFailure3B                      5.302s  (1000 runs)
  TestLeaderFailure3B                        5.782s  (1000 runs)
  TestRPCBytes3B                             2.486s  (1000 runs)
  TestRejoin3B                               5.900s  (1000 runs)
Average time sum of all test cases: 59.078s
