=====================================
Test filter pattern: -run 3A
Test target: raft1
Total execution rounds: 1000
Maximum parallel jobs: 50
Log storage directory: /home/zaxy/studyspace/projects/6.5840/src/debug_log
=====================================
Building raft1 daemon once...
[Round 1] Starting, log: /home/zaxy/studyspace/projects/6.5840/src/debug_log/debug_log_round1_20260718_215639.628800044.log
[Round 2] Starting, log: /home/zaxy/studyspace/projects/6.5840/src/debug_log/debug_log_round2_20260718_215639.629878353.log
[Round 3] Starting, log: /home/zaxy/studyspace/projects/6.5840/src/debug_log/debug_log_round3_20260718_215639.630815825.log
[Round 4] Starting, log: /home/zaxy/studyspace/projects/6.5840/src/debug_log/debug_log_round4_20260718_215639.631776671.log
[Round 5] Starting, log: /home/zaxy/studyspace/projects/6.5840/src/debug_log/debug_log_round5_20260718_215639.632711728.log
[Round 6] Starting, log: /home/zaxy/studyspace/projects/6.5840/src/debug_log/debug_log_round6_20260718_215639.633638583.log
[Round 7] Starting, log: /home/zaxy/studyspace/projects/6.5840/src/debug_log/debug_log_round7_20260718_215639.634495334.log
[Round 8] Starting, log: /home/zaxy/studyspace/projects/6.5840/src/debug_log/debug_log_round8_20260718_215639.635671168.log
[Round 9] Starting, log: /home/zaxy/studyspace/projects/6.5840/src/debug_log/debug_log_round9_20260718_215639.636642259.log
[Round 10] Starting, log: /home/zaxy/studyspace/projects/6.5840/src/debug_log/debug_log_round10_20260718_215639.637609592.log
[Round 11] Starting, log: /home/zaxy/studyspace/projects/6.5840/src/debug_log/debug_log_round11_20260718_215639.638632912.log
[Round 12] Starting, log: /home/zaxy/studyspace/projects/6.5840/src/debug_log/debug_log_round12_20260718_215639.639581054.log
[Round 13] Starting, log: /home/zaxy/studyspace/projects/6.5840/src/debug_log/debug_log_round13_20260718_215639.640819117.log
[Round 14] Starting, log: /home/zaxy/studyspace/projects/6.5840/src/debug_log/debug_log_round14_20260718_215639.642042813.log
[Round 15] Starting, log: /home/zaxy/studyspace/projects/6.5840/src/debug_log/debug_log_round15_20260718_215639.643130941.log
[Round 16] Starting, log: /home/zaxy/studyspace/projects/6.5840/src/debug_log/debug_log_round16_20260718_215639.644486948.log
[Round 17] Starting, log: /home/zaxy/studyspace/projects/6.5840/src/debug_log/debug_log_round17_20260718_215639.645799698.log
[Round 18] Starting, log: /home/zaxy/studyspace/projects/6.5840/src/debug_log/debug_log_round18_20260718_215639.647173397.log
[Round 19] Starting, log: /home/zaxy/studyspace/projects/6.5840/src/debug_log/debug_log_round19_20260718_215639.648649538.log
[Round 20] Starting, log: /home/zaxy/studyspace/projects/6.5840/src/debug_log/debug_log_round20_20260718_215639.649802540.log
[Round 21] Starting, log: /home/zaxy/studyspace/projects/6.5840/src/debug_log/debug_log_round21_20260718_215639.651162233.log
[Round 22] Starting, log: /home/zaxy/studyspace/projects/6.5840/src/debug_log/debug_log_round22_20260718_215639.652301163.log
[Round 23] Starting, log: /home/zaxy/studyspace/projects/6.5840/src/debug_log/debug_log_round23_20260718_215639.653444785.log
[Round 24] Starting, log: /home/zaxy/studyspace/projects/6.5840/src/debug_log/debug_log_round24_20260718_215639.654726247.log
[Round 25] Starting, log: /home/zaxy/studyspace/projects/6.5840/src/debug_log/debug_log_round25_20260718_215639.655748765.log
[Round 26] Starting, log: /home/zaxy/studyspace/projects/6.5840/src/debug_log/debug_log_round26_20260718_215639.656805218.log
[Round 27] Starting, log: /home/zaxy/studyspace/projects/6.5840/src/debug_log/debug_log_round27_20260718_215639.658056370.log
[Round 28] Starting, log: /home/zaxy/studyspace/projects/6.5840/src/debug_log/debug_log_round28_20260718_215639.659208201.log
[Round 29] Starting, log: /home/zaxy/studyspace/projects/6.5840/src/debug_log/debug_log_round29_20260718_215639.660565485.log
[Round 30] Starting, log: /home/zaxy/studyspace/projects/6.5840/src/debug_log/debug_log_round30_20260718_215639.661744676.log
[Round 31] Starting, log: /home/zaxy/studyspace/projects/6.5840/src/debug_log/debug_log_round31_20260718_215639.662940098.log
[Round 32] Starting, log: /home/zaxy/studyspace/projects/6.5840/src/debug_log/debug_log_round32_20260718_215639.664026042.log
[Round 33] Starting, log: /home/zaxy/studyspace/projects/6.5840/src/debug_log/debug_log_round33_20260718_215639.665208194.log
[Round 34] Starting, log: /home/zaxy/studyspace/projects/6.5840/src/debug_log/debug_log_round34_20260718_215639.666432721.log
[Round 35] Starting, log: /home/zaxy/studyspace/projects/6.5840/src/debug_log/debug_log_round35_20260718_215639.667830653.log
[Round 36] Starting, log: /home/zaxy/studyspace/projects/6.5840/src/debug_log/debug_log_round36_20260718_215639.669025424.log
[Round 37] Starting, log: /home/zaxy/studyspace/projects/6.5840/src/debug_log/debug_log_round37_20260718_215639.670291289.log
[Round 38] Starting, log: /home/zaxy/studyspace/projects/6.5840/src/debug_log/debug_log_round38_20260718_215639.671512060.log
[Round 39] Starting, log: /home/zaxy/studyspace/projects/6.5840/src/debug_log/debug_log_round39_20260718_215639.672769966.log
[Round 40] Starting, log: /home/zaxy/studyspace/projects/6.5840/src/debug_log/debug_log_round40_20260718_215639.674017482.log
[Round 41] Starting, log: /home/zaxy/studyspace/projects/6.5840/src/debug_log/debug_log_round41_20260718_215639.675035687.log
[Round 42] Starting, log: /home/zaxy/studyspace/projects/6.5840/src/debug_log/debug_log_round42_20260718_215639.676167122.log
[Round 43] Starting, log: /home/zaxy/studyspace/projects/6.5840/src/debug_log/debug_log_round43_20260718_215639.677395876.log
[Round 44] Starting, log: /home/zaxy/studyspace/projects/6.5840/src/debug_log/debug_log_round44_20260718_215639.679991133.log
[Round 45] Starting, log: /home/zaxy/studyspace/projects/6.5840/src/debug_log/debug_log_round45_20260718_215639.681286435.log
[Round 46] Starting, log: /home/zaxy/studyspace/projects/6.5840/src/debug_log/debug_log_round46_20260718_215639.686141763.log
[Round 47] Starting, log: /home/zaxy/studyspace/projects/6.5840/src/debug_log/debug_log_round47_20260718_215639.687680007.log
[Round 48] Starting, log: /home/zaxy/studyspace/projects/6.5840/src/debug_log/debug_log_round48_20260718_215639.690843522.log
[Round 49] Starting, log: /home/zaxy/studyspace/projects/6.5840/src/debug_log/debug_log_round49_20260718_215639.702971139.log
[Round 50] Starting, log: /home/zaxy/studyspace/projects/6.5840/src/debug_log/debug_log_round50_20260718_215639.714441763.log
[Round 1] PASS
[Round 51] Starting, log: /home/zaxy/studyspace/projects/6.5840/src/debug_log/debug_log_round51_20260718_215706.553284930.log
[Round 2] PASS
[Round 52] Starting, log: /home/zaxy/studyspace/projects/6.5840/src/debug_log/debug_log_round52_20260718_215706.559183176.log
[Round 3] PASS
[Round 53] Starting, log: /home/zaxy/studyspace/projects/6.5840/src/debug_log/debug_log_round53_20260718_215706.564843209.log
[Round 4] PASS
[Round 54] Starting, log: /home/zaxy/studyspace/projects/6.5840/src/debug_log/debug_log_round54_20260718_215706.571908201.log
[Round 5] PASS
[Round 55] Starting, log: /home/zaxy/studyspace/projects/6.5840/src/debug_log/debug_log_round55_20260718_215707.269392297.log
[Round 6] PASS
[Round 56] Starting, log: /home/zaxy/studyspace/projects/6.5840/src/debug_log/debug_log_round56_20260718_215707.274958006.log
[Round 7] PASS
[Round 57] Starting, log: /home/zaxy/studyspace/projects/6.5840/src/debug_log/debug_log_round57_20260718_215707.280411965.log
[Round 8] PASS
[Round 58] Starting, log: /home/zaxy/studyspace/projects/6.5840/src/debug_log/debug_log_round58_20260718_215707.285448929.log
[Round 9] PASS
[Round 59] Starting, log: /home/zaxy/studyspace/projects/6.5840/src/debug_log/debug_log_round59_20260718_215707.291136923.log
[Round 10] PASS
[Round 60] Starting, log: /home/zaxy/studyspace/projects/6.5840/src/debug_log/debug_log_round60_20260718_215707.296962886.log
[Round 11] PASS
[Round 61] Starting, log: /home/zaxy/studyspace/projects/6.5840/src/debug_log/debug_log_round61_20260718_215707.320264337.log
[Round 12] PASS
[Round 62] Starting, log: /home/zaxy/studyspace/projects/6.5840/src/debug_log/debug_log_round62_20260718_215707.328672167.log
[Round 13] PASS
[Round 63] Starting, log: /home/zaxy/studyspace/projects/6.5840/src/debug_log/debug_log_round63_20260718_215707.338087196.log
[Round 14] PASS
[Round 64] Starting, log: /home/zaxy/studyspace/projects/6.5840/src/debug_log/debug_log_round64_20260718_215707.347589080.log
[Round 15] PASS
[Round 65] Starting, log: /home/zaxy/studyspace/projects/6.5840/src/debug_log/debug_log_round65_20260718_215707.359514644.log
[Round 16] PASS
[Round 66] Starting, log: /home/zaxy/studyspace/projects/6.5840/src/debug_log/debug_log_round66_20260718_215707.371226263.log
[Round 17] PASS
[Round 67] Starting, log: /home/zaxy/studyspace/projects/6.5840/src/debug_log/debug_log_round67_20260718_215707.384024822.log
[Round 18] PASS
[Round 68] Starting, log: /home/zaxy/studyspace/projects/6.5840/src/debug_log/debug_log_round68_20260718_215707.397416634.log
[Round 19] PASS
[Round 69] Starting, log: /home/zaxy/studyspace/projects/6.5840/src/debug_log/debug_log_round69_20260718_215707.409271300.log
[Round 20] PASS
[Round 70] Starting, log: /home/zaxy/studyspace/projects/6.5840/src/debug_log/debug_log_round70_20260718_215707.420318169.log
[Round 21] PASS
[Round 71] Starting, log: /home/zaxy/studyspace/projects/6.5840/src/debug_log/debug_log_round71_20260718_215707.438076390.log
[Round 22] PASS
[Round 72] Starting, log: /home/zaxy/studyspace/projects/6.5840/src/debug_log/debug_log_round72_20260718_215708.008284752.log
[Round 23] PASS
[Round 73] Starting, log: /home/zaxy/studyspace/projects/6.5840/src/debug_log/debug_log_round73_20260718_215708.021185510.log
[Round 24] PASS
[Round 74] Starting, log: /home/zaxy/studyspace/projects/6.5840/src/debug_log/debug_log_round74_20260718_215708.038217056.log
[Round 25] PASS
[Round 75] Starting, log: /home/zaxy/studyspace/projects/6.5840/src/debug_log/debug_log_round75_20260718_215708.051206648.log
[Round 26] PASS
[Round 76] Starting, log: /home/zaxy/studyspace/projects/6.5840/src/debug_log/debug_log_round76_20260718_215708.061203116.log
[Round 27] PASS
[Round 77] Starting, log: /home/zaxy/studyspace/projects/6.5840/src/debug_log/debug_log_round77_20260718_215708.075683782.log
[Round 28] PASS
[Round 78] Starting, log: /home/zaxy/studyspace/projects/6.5840/src/debug_log/debug_log_round78_20260718_215708.083724003.log
[Round 29] PASS
[Round 79] Starting, log: /home/zaxy/studyspace/projects/6.5840/src/debug_log/debug_log_round79_20260718_215708.091121301.log
[Round 30] PASS
[Round 80] Starting, log: /home/zaxy/studyspace/projects/6.5840/src/debug_log/debug_log_round80_20260718_215708.098311343.log
[Round 31] PASS
[Round 81] Starting, log: /home/zaxy/studyspace/projects/6.5840/src/debug_log/debug_log_round81_20260718_215708.104898623.log
[Round 32] PASS
[Round 82] Starting, log: /home/zaxy/studyspace/projects/6.5840/src/debug_log/debug_log_round82_20260718_215708.112657679.log
[Round 33] PASS
[Round 83] Starting, log: /home/zaxy/studyspace/projects/6.5840/src/debug_log/debug_log_round83_20260718_215708.121315482.log
[Round 34] PASS
[Round 84] Starting, log: /home/zaxy/studyspace/projects/6.5840/src/debug_log/debug_log_round84_20260718_215708.129268593.log
[Round 35] PASS
[Round 85] Starting, log: /home/zaxy/studyspace/projects/6.5840/src/debug_log/debug_log_round85_20260718_215708.139011685.log
[Round 36] PASS
[Round 86] Starting, log: /home/zaxy/studyspace/projects/6.5840/src/debug_log/debug_log_round86_20260718_215708.145703198.log
[Round 37] PASS
[Round 87] Starting, log: /home/zaxy/studyspace/projects/6.5840/src/debug_log/debug_log_round87_20260718_215708.154433015.log
[Round 38] PASS
[Round 88] Starting, log: /home/zaxy/studyspace/projects/6.5840/src/debug_log/debug_log_round88_20260718_215708.164102066.log
[Round 39] PASS
[Round 89] Starting, log: /home/zaxy/studyspace/projects/6.5840/src/debug_log/debug_log_round89_20260718_215708.190900205.log
[Round 40] PASS
[Round 90] Starting, log: /home/zaxy/studyspace/projects/6.5840/src/debug_log/debug_log_round90_20260718_215708.209917395.log
[Round 41] PASS
[Round 91] Starting, log: /home/zaxy/studyspace/projects/6.5840/src/debug_log/debug_log_round91_20260718_215708.228984835.log
[Round 42] PASS
[Round 92] Starting, log: /home/zaxy/studyspace/projects/6.5840/src/debug_log/debug_log_round92_20260718_215708.244751025.log
[Round 43] PASS
[Round 93] Starting, log: /home/zaxy/studyspace/projects/6.5840/src/debug_log/debug_log_round93_20260718_215708.260152316.log
[Round 44] PASS
[Round 94] Starting, log: /home/zaxy/studyspace/projects/6.5840/src/debug_log/debug_log_round94_20260718_215708.332026748.log
[Round 45] PASS
[Round 95] Starting, log: /home/zaxy/studyspace/projects/6.5840/src/debug_log/debug_log_round95_20260718_215708.406205562.log
[Round 46] PASS
[Round 96] Starting, log: /home/zaxy/studyspace/projects/6.5840/src/debug_log/debug_log_round96_20260718_215708.457571515.log
[Round 47] PASS
[Round 97] Starting, log: /home/zaxy/studyspace/projects/6.5840/src/debug_log/debug_log_round97_20260718_215708.497582029.log
[Round 48] PASS
[Round 98] Starting, log: /home/zaxy/studyspace/projects/6.5840/src/debug_log/debug_log_round98_20260718_215708.564027907.log
[Round 49] PASS
[Round 99] Starting, log: /home/zaxy/studyspace/projects/6.5840/src/debug_log/debug_log_round99_20260718_215708.600876285.log
[Round 50] PASS
[Round 100] Starting, log: /home/zaxy/studyspace/projects/6.5840/src/debug_log/debug_log_round100_20260718_215708.649028766.log
[Round 51] PASS
[Round 101] Starting, log: /home/zaxy/studyspace/projects/6.5840/src/debug_log/debug_log_round101_20260718_215725.715513529.log
[Round 52] PASS
[Round 102] Starting, log: /home/zaxy/studyspace/projects/6.5840/src/debug_log/debug_log_round102_20260718_215725.723162719.log
[Round 53] PASS
[Round 103] Starting, log: /home/zaxy/studyspace/projects/6.5840/src/debug_log/debug_log_round103_20260718_215725.731884192.log
[Round 54] PASS
[Round 104] Starting, log: /home/zaxy/studyspace/projects/6.5840/src/debug_log/debug_log_round104_20260718_215725.741781202.log
[Round 55] PASS
[Round 105] Starting, log: /home/zaxy/studyspace/projects/6.5840/src/debug_log/debug_log_round105_20260718_215726.597865195.log
[Round 56] PASS
[Round 106] Starting, log: /home/zaxy/studyspace/projects/6.5840/src/debug_log/debug_log_round106_20260718_215726.671050150.log
[Round 57] PASS
[Round 107] Starting, log: /home/zaxy/studyspace/projects/6.5840/src/debug_log/debug_log_round107_20260718_215728.584385190.log
[Round 58] PASS
[Round 108] Starting, log: /home/zaxy/studyspace/projects/6.5840/src/debug_log/debug_log_round108_20260718_215728.592221539.log
[Round 59] PASS
[Round 109] Starting, log: /home/zaxy/studyspace/projects/6.5840/src/debug_log/debug_log_round109_20260718_215728.598704448.log
[Round 60] PASS
[Round 110] Starting, log: /home/zaxy/studyspace/projects/6.5840/src/debug_log/debug_log_round110_20260718_215728.606606162.log
[Round 61] PASS
[Round 111] Starting, log: /home/zaxy/studyspace/projects/6.5840/src/debug_log/debug_log_round111_20260718_215728.615526835.log
[Round 62] PASS
[Round 112] Starting, log: /home/zaxy/studyspace/projects/6.5840/src/debug_log/debug_log_round112_20260718_215728.625536204.log
[Round 63] PASS
[Round 113] Starting, log: /home/zaxy/studyspace/projects/6.5840/src/debug_log/debug_log_round113_20260718_215728.635998865.log
[Round 64] PASS
[Round 114] Starting, log: /home/zaxy/studyspace/projects/6.5840/src/debug_log/debug_log_round114_20260718_215728.644444323.log
[Round 65] PASS
[Round 115] Starting, log: /home/zaxy/studyspace/projects/6.5840/src/debug_log/debug_log_round115_20260718_215728.662256093.log
[Round 66] PASS
[Round 116] Starting, log: /home/zaxy/studyspace/projects/6.5840/src/debug_log/debug_log_round116_20260718_215728.930281773.log
[Round 67] PASS
[Round 117] Starting, log: /home/zaxy/studyspace/projects/6.5840/src/debug_log/debug_log_round117_20260718_215728.942074767.log
[Round 68] PASS
[Round 118] Starting, log: /home/zaxy/studyspace/projects/6.5840/src/debug_log/debug_log_round118_20260718_215729.530063827.log
[Round 69] PASS
[Round 119] Starting, log: /home/zaxy/studyspace/projects/6.5840/src/debug_log/debug_log_round119_20260718_215729.536800268.log
[Round 70] PASS
[Round 120] Starting, log: /home/zaxy/studyspace/projects/6.5840/src/debug_log/debug_log_round120_20260718_215729.545284285.log
[Round 71] PASS
[Round 121] Starting, log: /home/zaxy/studyspace/projects/6.5840/src/debug_log/debug_log_round121_20260718_215729.552505020.log
[Round 72] PASS
[Round 122] Starting, log: /home/zaxy/studyspace/projects/6.5840/src/debug_log/debug_log_round122_20260718_215730.872656836.log
[Round 73] PASS
[Round 123] Starting, log: /home/zaxy/studyspace/projects/6.5840/src/debug_log/debug_log_round123_20260718_215730.933088353.log
[Round 74] PASS
[Round 124] Starting, log: /home/zaxy/studyspace/projects/6.5840/src/debug_log/debug_log_round124_20260718_215731.858536610.log
[Round 75] PASS
[Round 125] Starting, log: /home/zaxy/studyspace/projects/6.5840/src/debug_log/debug_log_round125_20260718_215731.865082942.log
[Round 76] PASS
[Round 126] Starting, log: /home/zaxy/studyspace/projects/6.5840/src/debug_log/debug_log_round126_20260718_215731.870630585.log
[Round 77] PASS
[Round 127] Starting, log: /home/zaxy/studyspace/projects/6.5840/src/debug_log/debug_log_round127_20260718_215731.876646224.log
[Round 78] PASS
[Round 128] Starting, log: /home/zaxy/studyspace/projects/6.5840/src/debug_log/debug_log_round128_20260718_215731.884389591.log
[Round 79] PASS
[Round 129] Starting, log: /home/zaxy/studyspace/projects/6.5840/src/debug_log/debug_log_round129_20260718_215731.892038797.log
[Round 80] PASS
[Round 130] Starting, log: /home/zaxy/studyspace/projects/6.5840/src/debug_log/debug_log_round130_20260718_215731.899331394.log
[Round 81] PASS
[Round 131] Starting, log: /home/zaxy/studyspace/projects/6.5840/src/debug_log/debug_log_round131_20260718_215731.907707780.log
[Round 82] PASS
[Round 132] Starting, log: /home/zaxy/studyspace/projects/6.5840/src/debug_log/debug_log_round132_20260718_215732.555420002.log
[Round 83] PASS
[Round 133] Starting, log: /home/zaxy/studyspace/projects/6.5840/src/debug_log/debug_log_round133_20260718_215732.560962005.log
[Round 84] PASS
[Round 134] Starting, log: /home/zaxy/studyspace/projects/6.5840/src/debug_log/debug_log_round134_20260718_215732.566534210.log
[Round 85] PASS
[Round 135] Starting, log: /home/zaxy/studyspace/projects/6.5840/src/debug_log/debug_log_round135_20260718_215732.573045536.log
[Round 86] PASS
[Round 136] Starting, log: /home/zaxy/studyspace/projects/6.5840/src/debug_log/debug_log_round136_20260718_215732.579011224.log
[Round 87] PASS
[Round 137] Starting, log: /home/zaxy/studyspace/projects/6.5840/src/debug_log/debug_log_round137_20260718_215732.585102686.log
[Round 88] PASS
[Round 138] Starting, log: /home/zaxy/studyspace/projects/6.5840/src/debug_log/debug_log_round138_20260718_215732.592689602.log
[Round 89] PASS
[Round 139] Starting, log: /home/zaxy/studyspace/projects/6.5840/src/debug_log/debug_log_round139_20260718_215732.599605397.log
[Round 90] PASS
[Round 140] Starting, log: /home/zaxy/studyspace/projects/6.5840/src/debug_log/debug_log_round140_20260718_215732.606381695.log
[Round 91] PASS
[Round 141] Starting, log: /home/zaxy/studyspace/projects/6.5840/src/debug_log/debug_log_round141_20260718_215732.614419542.log
[Round 92] PASS
[Round 142] Starting, log: /home/zaxy/studyspace/projects/6.5840/src/debug_log/debug_log_round142_20260718_215732.629157121.log
[Round 93] PASS
[Round 143] Starting, log: /home/zaxy/studyspace/projects/6.5840/src/debug_log/debug_log_round143_20260718_215732.639844319.log
[Round 94] PASS
[Round 144] Starting, log: /home/zaxy/studyspace/projects/6.5840/src/debug_log/debug_log_round144_20260718_215732.651773096.log
[Round 95] PASS
[Round 145] Starting, log: /home/zaxy/studyspace/projects/6.5840/src/debug_log/debug_log_round145_20260718_215732.665749324.log
[Round 96] PASS
[Round 146] Starting, log: /home/zaxy/studyspace/projects/6.5840/src/debug_log/debug_log_round146_20260718_215732.686605184.log
[Round 97] PASS
[Round 147] Starting, log: /home/zaxy/studyspace/projects/6.5840/src/debug_log/debug_log_round147_20260718_215732.711636893.log
[Round 98] PASS
[Round 148] Starting, log: /home/zaxy/studyspace/projects/6.5840/src/debug_log/debug_log_round148_20260718_215732.730319561.log
[Round 99] PASS
[Round 149] Starting, log: /home/zaxy/studyspace/projects/6.5840/src/debug_log/debug_log_round149_20260718_215732.754798200.log
[Round 100] PASS
[Round 150] Starting, log: /home/zaxy/studyspace/projects/6.5840/src/debug_log/debug_log_round150_20260718_215732.801667285.log
[Round 101] PASS
[Round 151] Starting, log: /home/zaxy/studyspace/projects/6.5840/src/debug_log/debug_log_round151_20260718_215744.025888184.log
[Round 102] PASS
[Round 152] Starting, log: /home/zaxy/studyspace/projects/6.5840/src/debug_log/debug_log_round152_20260718_215744.034553628.log
[Round 103] PASS
[Round 153] Starting, log: /home/zaxy/studyspace/projects/6.5840/src/debug_log/debug_log_round153_20260718_215744.042217374.log
[Round 104] PASS
[Round 154] Starting, log: /home/zaxy/studyspace/projects/6.5840/src/debug_log/debug_log_round154_20260718_215744.053478134.log
[Round 105] PASS
[Round 155] Starting, log: /home/zaxy/studyspace/projects/6.5840/src/debug_log/debug_log_round155_20260718_215744.065558914.log
[Round 106] PASS
[Round 156] Starting, log: /home/zaxy/studyspace/projects/6.5840/src/debug_log/debug_log_round156_20260718_215744.675736157.log
[Round 107] PASS
[Round 157] Starting, log: /home/zaxy/studyspace/projects/6.5840/src/debug_log/debug_log_round157_20260718_215748.185142467.log
[Round 108] PASS
[Round 158] Starting, log: /home/zaxy/studyspace/projects/6.5840/src/debug_log/debug_log_round158_20260718_215748.205879778.log
[Round 109] PASS
[Round 159] Starting, log: /home/zaxy/studyspace/projects/6.5840/src/debug_log/debug_log_round159_20260718_215749.071635020.log
[Round 110] PASS
[Round 160] Starting, log: /home/zaxy/studyspace/projects/6.5840/src/debug_log/debug_log_round160_20260718_215749.078536321.log
[Round 111] PASS
[Round 161] Starting, log: /home/zaxy/studyspace/projects/6.5840/src/debug_log/debug_log_round161_20260718_215749.463392556.log
[Round 112] PASS
[Round 162] Starting, log: /home/zaxy/studyspace/projects/6.5840/src/debug_log/debug_log_round162_20260718_215749.470214117.log
[Round 113] PASS
[Round 163] Starting, log: /home/zaxy/studyspace/projects/6.5840/src/debug_log/debug_log_round163_20260718_215749.479039525.log
[Round 114] PASS
[Round 164] Starting, log: /home/zaxy/studyspace/projects/6.5840/src/debug_log/debug_log_round164_20260718_215749.488864332.log
[Round 115] PASS
[Round 165] Starting, log: /home/zaxy/studyspace/projects/6.5840/src/debug_log/debug_log_round165_20260718_215749.497964652.log
[Round 116] PASS
[Round 166] Starting, log: /home/zaxy/studyspace/projects/6.5840/src/debug_log/debug_log_round166_20260718_215749.506264732.log
[Round 117] PASS
[Round 167] Starting, log: /home/zaxy/studyspace/projects/6.5840/src/debug_log/debug_log_round167_20260718_215749.518643774.log
[Round 118] PASS
[Round 168] Starting, log: /home/zaxy/studyspace/projects/6.5840/src/debug_log/debug_log_round168_20260718_215749.532083036.log
[Round 119] PASS
[Round 169] Starting, log: /home/zaxy/studyspace/projects/6.5840/src/debug_log/debug_log_round169_20260718_215749.655266921.log
[Round 120] PASS
[Round 170] Starting, log: /home/zaxy/studyspace/projects/6.5840/src/debug_log/debug_log_round170_20260718_215749.679295404.log
[Round 121] PASS
[Round 171] Starting, log: /home/zaxy/studyspace/projects/6.5840/src/debug_log/debug_log_round171_20260718_215749.715051361.log
[Round 122] PASS
[Round 172] Starting, log: /home/zaxy/studyspace/projects/6.5840/src/debug_log/debug_log_round172_20260718_215749.729917744.log
[Round 123] PASS
[Round 173] Starting, log: /home/zaxy/studyspace/projects/6.5840/src/debug_log/debug_log_round173_20260718_215749.748703428.log
[Round 124] PASS
[Round 174] Starting, log: /home/zaxy/studyspace/projects/6.5840/src/debug_log/debug_log_round174_20260718_215749.775317320.log
[Round 125] PASS
[Round 175] Starting, log: /home/zaxy/studyspace/projects/6.5840/src/debug_log/debug_log_round175_20260718_215751.188342719.log
[Round 126] PASS
[Round 176] Starting, log: /home/zaxy/studyspace/projects/6.5840/src/debug_log/debug_log_round176_20260718_215751.195083621.log
[Round 127] PASS
[Round 177] Starting, log: /home/zaxy/studyspace/projects/6.5840/src/debug_log/debug_log_round177_20260718_215751.202896656.log
[Round 128] PASS
[Round 178] Starting, log: /home/zaxy/studyspace/projects/6.5840/src/debug_log/debug_log_round178_20260718_215751.212223883.log
[Round 129] PASS
[Round 179] Starting, log: /home/zaxy/studyspace/projects/6.5840/src/debug_log/debug_log_round179_20260718_215751.447273511.log
[Round 130] PASS
[Round 180] Starting, log: /home/zaxy/studyspace/projects/6.5840/src/debug_log/debug_log_round180_20260718_215751.459724730.log
[Round 131] PASS
[Round 181] Starting, log: /home/zaxy/studyspace/projects/6.5840/src/debug_log/debug_log_round181_20260718_215751.470355314.log
[Round 132] PASS
[Round 182] Starting, log: /home/zaxy/studyspace/projects/6.5840/src/debug_log/debug_log_round182_20260718_215752.416813410.log
[Round 133] PASS
[Round 183] Starting, log: /home/zaxy/studyspace/projects/6.5840/src/debug_log/debug_log_round183_20260718_215754.398732188.log
[Round 134] PASS
[Round 184] Starting, log: /home/zaxy/studyspace/projects/6.5840/src/debug_log/debug_log_round184_20260718_215754.404548231.log
[Round 135] PASS
[Round 185] Starting, log: /home/zaxy/studyspace/projects/6.5840/src/debug_log/debug_log_round185_20260718_215754.409985455.log
[Round 136] PASS
[Round 186] Starting, log: /home/zaxy/studyspace/projects/6.5840/src/debug_log/debug_log_round186_20260718_215754.415612635.log
[Round 137] PASS
[Round 187] Starting, log: /home/zaxy/studyspace/projects/6.5840/src/debug_log/debug_log_round187_20260718_215754.421663104.log
[Round 138] PASS
[Round 188] Starting, log: /home/zaxy/studyspace/projects/6.5840/src/debug_log/debug_log_round188_20260718_215754.428195585.log
[Round 139] PASS
[Round 189] Starting, log: /home/zaxy/studyspace/projects/6.5840/src/debug_log/debug_log_round189_20260718_215754.434442747.log
[Round 140] PASS
[Round 190] Starting, log: /home/zaxy/studyspace/projects/6.5840/src/debug_log/debug_log_round190_20260718_215754.440639160.log
[Round 141] PASS
[Round 191] Starting, log: /home/zaxy/studyspace/projects/6.5840/src/debug_log/debug_log_round191_20260718_215754.447840351.log
[Round 142] PASS
[Round 192] Starting, log: /home/zaxy/studyspace/projects/6.5840/src/debug_log/debug_log_round192_20260718_215754.459024813.log
[Round 143] PASS
[Round 193] Starting, log: /home/zaxy/studyspace/projects/6.5840/src/debug_log/debug_log_round193_20260718_215754.470329176.log
[Round 144] PASS
[Round 194] Starting, log: /home/zaxy/studyspace/projects/6.5840/src/debug_log/debug_log_round194_20260718_215754.480537363.log
[Round 145] PASS
[Round 195] Starting, log: /home/zaxy/studyspace/projects/6.5840/src/debug_log/debug_log_round195_20260718_215754.493144358.log
[Round 146] PASS
[Round 196] Starting, log: /home/zaxy/studyspace/projects/6.5840/src/debug_log/debug_log_round196_20260718_215754.765078329.log
[Round 147] PASS
[Round 197] Starting, log: /home/zaxy/studyspace/projects/6.5840/src/debug_log/debug_log_round197_20260718_215754.789053142.log
[Round 148] PASS
[Round 198] Starting, log: /home/zaxy/studyspace/projects/6.5840/src/debug_log/debug_log_round198_20260718_215754.823226772.log
[Round 149] PASS
[Round 199] Starting, log: /home/zaxy/studyspace/projects/6.5840/src/debug_log/debug_log_round199_20260718_215754.849735712.log
[Round 150] PASS
[Round 200] Starting, log: /home/zaxy/studyspace/projects/6.5840/src/debug_log/debug_log_round200_20260718_215754.876274436.log
[Round 151] PASS
[Round 201] Starting, log: /home/zaxy/studyspace/projects/6.5840/src/debug_log/debug_log_round201_20260718_215802.802164800.log
[Round 152] PASS
[Round 202] Starting, log: /home/zaxy/studyspace/projects/6.5840/src/debug_log/debug_log_round202_20260718_215803.445132563.log
[Round 153] PASS
[Round 203] Starting, log: /home/zaxy/studyspace/projects/6.5840/src/debug_log/debug_log_round203_20260718_215803.452650361.log
[Round 154] PASS
[Round 204] Starting, log: /home/zaxy/studyspace/projects/6.5840/src/debug_log/debug_log_round204_20260718_215805.045489283.log
[Round 155] PASS
[Round 205] Starting, log: /home/zaxy/studyspace/projects/6.5840/src/debug_log/debug_log_round205_20260718_215805.053385736.log
[Round 156] PASS
[Round 206] Starting, log: /home/zaxy/studyspace/projects/6.5840/src/debug_log/debug_log_round206_20260718_215805.428976995.log
[Round 157] PASS
[Round 207] Starting, log: /home/zaxy/studyspace/projects/6.5840/src/debug_log/debug_log_round207_20260718_215805.689849007.log
[Round 158] PASS
[Round 208] Starting, log: /home/zaxy/studyspace/projects/6.5840/src/debug_log/debug_log_round208_20260718_215806.274415673.log
[Round 159] PASS
[Round 209] Starting, log: /home/zaxy/studyspace/projects/6.5840/src/debug_log/debug_log_round209_20260718_215806.692279351.log
[Round 160] PASS
[Round 210] Starting, log: /home/zaxy/studyspace/projects/6.5840/src/debug_log/debug_log_round210_20260718_215806.699946498.log
[Round 161] PASS
[Round 211] Starting, log: /home/zaxy/studyspace/projects/6.5840/src/debug_log/debug_log_round211_20260718_215809.063054866.log
[Round 162] PASS
[Round 212] Starting, log: /home/zaxy/studyspace/projects/6.5840/src/debug_log/debug_log_round212_20260718_215809.453335993.log
[Round 163] PASS
[Round 213] Starting, log: /home/zaxy/studyspace/projects/6.5840/src/debug_log/debug_log_round213_20260718_215810.227044480.log
[Round 164] PASS
[Round 214] Starting, log: /home/zaxy/studyspace/projects/6.5840/src/debug_log/debug_log_round214_20260718_215810.617105719.log
[Round 165] PASS
[Round 215] Starting, log: /home/zaxy/studyspace/projects/6.5840/src/debug_log/debug_log_round215_20260718_215810.623419356.log
[Round 166] PASS
[Round 216] Starting, log: /home/zaxy/studyspace/projects/6.5840/src/debug_log/debug_log_round216_20260718_215810.963095706.log
[Round 167] PASS
[Round 217] Starting, log: /home/zaxy/studyspace/projects/6.5840/src/debug_log/debug_log_round217_20260718_215810.971853295.log
[Round 168] PASS
[Round 218] Starting, log: /home/zaxy/studyspace/projects/6.5840/src/debug_log/debug_log_round218_20260718_215810.981106025.log
[Round 169] PASS
[Round 219] Starting, log: /home/zaxy/studyspace/projects/6.5840/src/debug_log/debug_log_round219_20260718_215810.989023603.log
[Round 170] PASS
[Round 220] Starting, log: /home/zaxy/studyspace/projects/6.5840/src/debug_log/debug_log_round220_20260718_215810.996690554.log
[Round 171] PASS
[Round 221] Starting, log: /home/zaxy/studyspace/projects/6.5840/src/debug_log/debug_log_round221_20260718_215811.004000507.log
[Round 172] PASS
[Round 222] Starting, log: /home/zaxy/studyspace/projects/6.5840/src/debug_log/debug_log_round222_20260718_215811.011894724.log
[Round 173] PASS
[Round 223] Starting, log: /home/zaxy/studyspace/projects/6.5840/src/debug_log/debug_log_round223_20260718_215811.020305920.log
[Round 174] PASS
[Round 224] Starting, log: /home/zaxy/studyspace/projects/6.5840/src/debug_log/debug_log_round224_20260718_215811.028837861.log
[Round 175] PASS
[Round 225] Starting, log: /home/zaxy/studyspace/projects/6.5840/src/debug_log/debug_log_round225_20260718_215811.041052499.log
[Round 176] PASS
[Round 226] Starting, log: /home/zaxy/studyspace/projects/6.5840/src/debug_log/debug_log_round226_20260718_215811.462190839.log
[Round 177] PASS
[Round 227] Starting, log: /home/zaxy/studyspace/projects/6.5840/src/debug_log/debug_log_round227_20260718_215811.532693406.log
[Round 178] PASS
[Round 228] Starting, log: /home/zaxy/studyspace/projects/6.5840/src/debug_log/debug_log_round228_20260718_215812.102693081.log
[Round 179] PASS
[Round 229] Starting, log: /home/zaxy/studyspace/projects/6.5840/src/debug_log/debug_log_round229_20260718_215812.110360734.log
[Round 180] PASS
[Round 230] Starting, log: /home/zaxy/studyspace/projects/6.5840/src/debug_log/debug_log_round230_20260718_215812.120046832.log
[Round 181] PASS
[Round 231] Starting, log: /home/zaxy/studyspace/projects/6.5840/src/debug_log/debug_log_round231_20260718_215812.128632359.log
[Round 182] PASS
[Round 232] Starting, log: /home/zaxy/studyspace/projects/6.5840/src/debug_log/debug_log_round232_20260718_215812.135265471.log
[Round 183] PASS
[Round 233] Starting, log: /home/zaxy/studyspace/projects/6.5840/src/debug_log/debug_log_round233_20260718_215814.774462943.log
[Round 184] PASS
[Round 234] Starting, log: /home/zaxy/studyspace/projects/6.5840/src/debug_log/debug_log_round234_20260718_215816.291314763.log
[Round 185] PASS
[Round 235] Starting, log: /home/zaxy/studyspace/projects/6.5840/src/debug_log/debug_log_round235_20260718_215816.298662724.log
[Round 186] PASS
[Round 236] Starting, log: /home/zaxy/studyspace/projects/6.5840/src/debug_log/debug_log_round236_20260718_215816.767084411.log
[Round 187] PASS
[Round 237] Starting, log: /home/zaxy/studyspace/projects/6.5840/src/debug_log/debug_log_round237_20260718_215816.772793401.log
[Round 188] PASS
[Round 238] Starting, log: /home/zaxy/studyspace/projects/6.5840/src/debug_log/debug_log_round238_20260718_215816.779382828.log
[Round 189] PASS
[Round 239] Starting, log: /home/zaxy/studyspace/projects/6.5840/src/debug_log/debug_log_round239_20260718_215816.785625818.log
[Round 190] PASS
[Round 240] Starting, log: /home/zaxy/studyspace/projects/6.5840/src/debug_log/debug_log_round240_20260718_215816.795599800.log
[Round 191] PASS
[Round 241] Starting, log: /home/zaxy/studyspace/projects/6.5840/src/debug_log/debug_log_round241_20260718_215816.804251774.log
[Round 192] PASS
[Round 242] Starting, log: /home/zaxy/studyspace/projects/6.5840/src/debug_log/debug_log_round242_20260718_215816.812308448.log
[Round 193] PASS
[Round 243] Starting, log: /home/zaxy/studyspace/projects/6.5840/src/debug_log/debug_log_round243_20260718_215816.820981107.log
[Round 194] PASS
[Round 244] Starting, log: /home/zaxy/studyspace/projects/6.5840/src/debug_log/debug_log_round244_20260718_215816.829915167.log
[Round 195] PASS
[Round 245] Starting, log: /home/zaxy/studyspace/projects/6.5840/src/debug_log/debug_log_round245_20260718_215817.233179706.log
[Round 196] PASS
[Round 246] Starting, log: /home/zaxy/studyspace/projects/6.5840/src/debug_log/debug_log_round246_20260718_215817.255770421.log
[Round 197] PASS
[Round 247] Starting, log: /home/zaxy/studyspace/projects/6.5840/src/debug_log/debug_log_round247_20260718_215817.269654923.log
[Round 198] PASS
[Round 248] Starting, log: /home/zaxy/studyspace/projects/6.5840/src/debug_log/debug_log_round248_20260718_215817.901773596.log
[Round 199] PASS
[Round 249] Starting, log: /home/zaxy/studyspace/projects/6.5840/src/debug_log/debug_log_round249_20260718_215817.907531029.log
[Round 200] PASS
[Round 250] Starting, log: /home/zaxy/studyspace/projects/6.5840/src/debug_log/debug_log_round250_20260718_215818.025842226.log
[Round 201] PASS
[Round 251] Starting, log: /home/zaxy/studyspace/projects/6.5840/src/debug_log/debug_log_round251_20260718_215822.082259334.log
[Round 202] PASS
[Round 252] Starting, log: /home/zaxy/studyspace/projects/6.5840/src/debug_log/debug_log_round252_20260718_215822.950542073.log
[Round 203] PASS
[Round 253] Starting, log: /home/zaxy/studyspace/projects/6.5840/src/debug_log/debug_log_round253_20260718_215822.957131544.log
[Round 204] PASS
[Round 254] Starting, log: /home/zaxy/studyspace/projects/6.5840/src/debug_log/debug_log_round254_20260718_215822.963630587.log
[Round 205] PASS
[Round 255] Starting, log: /home/zaxy/studyspace/projects/6.5840/src/debug_log/debug_log_round255_20260718_215823.417697168.log
[Round 206] PASS
[Round 256] Starting, log: /home/zaxy/studyspace/projects/6.5840/src/debug_log/debug_log_round256_20260718_215823.826199551.log
[Round 207] PASS
[Round 257] Starting, log: /home/zaxy/studyspace/projects/6.5840/src/debug_log/debug_log_round257_20260718_215823.832066252.log
[Round 208] PASS
[Round 258] Starting, log: /home/zaxy/studyspace/projects/6.5840/src/debug_log/debug_log_round258_20260718_215824.642258217.log
[Round 209] PASS
[Round 259] Starting, log: /home/zaxy/studyspace/projects/6.5840/src/debug_log/debug_log_round259_20260718_215825.617247466.log
[Round 210] PASS
[Round 260] Starting, log: /home/zaxy/studyspace/projects/6.5840/src/debug_log/debug_log_round260_20260718_215825.623869632.log
[Round 211] PASS
[Round 261] Starting, log: /home/zaxy/studyspace/projects/6.5840/src/debug_log/debug_log_round261_20260718_215826.657763195.log
[Round 212] PASS
[Round 262] Starting, log: /home/zaxy/studyspace/projects/6.5840/src/debug_log/debug_log_round262_20260718_215827.066886093.log
[Round 213] PASS
[Round 263] Starting, log: /home/zaxy/studyspace/projects/6.5840/src/debug_log/debug_log_round263_20260718_215828.237940122.log
[Round 214] PASS
[Round 264] Starting, log: /home/zaxy/studyspace/projects/6.5840/src/debug_log/debug_log_round264_20260718_215828.245418844.log
[Round 215] PASS
[Round 265] Starting, log: /home/zaxy/studyspace/projects/6.5840/src/debug_log/debug_log_round265_20260718_215828.300475571.log
[Round 216] PASS
[Round 266] Starting, log: /home/zaxy/studyspace/projects/6.5840/src/debug_log/debug_log_round266_20260718_215830.476530584.log
[Round 217] PASS
[Round 267] Starting, log: /home/zaxy/studyspace/projects/6.5840/src/debug_log/debug_log_round267_20260718_215831.776768976.log
[Round 218] PASS
[Round 268] Starting, log: /home/zaxy/studyspace/projects/6.5840/src/debug_log/debug_log_round268_20260718_215831.796477706.log
[Round 219] PASS
[Round 269] Starting, log: /home/zaxy/studyspace/projects/6.5840/src/debug_log/debug_log_round269_20260718_215831.805977841.log
[Round 220] PASS
[Round 270] Starting, log: /home/zaxy/studyspace/projects/6.5840/src/debug_log/debug_log_round270_20260718_215831.815686326.log
[Round 221] PASS
[Round 271] Starting, log: /home/zaxy/studyspace/projects/6.5840/src/debug_log/debug_log_round271_20260718_215831.826211249.log
[Round 222] PASS
[Round 272] Starting, log: /home/zaxy/studyspace/projects/6.5840/src/debug_log/debug_log_round272_20260718_215831.841917206.log
[Round 223] PASS
[Round 273] Starting, log: /home/zaxy/studyspace/projects/6.5840/src/debug_log/debug_log_round273_20260718_215831.853152333.log
[Round 224] PASS
[Round 274] Starting, log: /home/zaxy/studyspace/projects/6.5840/src/debug_log/debug_log_round274_20260718_215831.867760504.log
[Round 225] PASS
[Round 275] Starting, log: /home/zaxy/studyspace/projects/6.5840/src/debug_log/debug_log_round275_20260718_215831.879364988.log
[Round 226] PASS
[Round 276] Starting, log: /home/zaxy/studyspace/projects/6.5840/src/debug_log/debug_log_round276_20260718_215832.209275929.log
[Round 227] PASS
[Round 277] Starting, log: /home/zaxy/studyspace/projects/6.5840/src/debug_log/debug_log_round277_20260718_215832.616227606.log
[Round 228] PASS
[Round 278] Starting, log: /home/zaxy/studyspace/projects/6.5840/src/debug_log/debug_log_round278_20260718_215832.624579714.log
[Round 229] PASS
[Round 279] Starting, log: /home/zaxy/studyspace/projects/6.5840/src/debug_log/debug_log_round279_20260718_215832.633765751.log
[Round 230] PASS
[Round 280] Starting, log: /home/zaxy/studyspace/projects/6.5840/src/debug_log/debug_log_round280_20260718_215832.644603974.log
[Round 231] PASS
[Round 281] Starting, log: /home/zaxy/studyspace/projects/6.5840/src/debug_log/debug_log_round281_20260718_215832.652089876.log
[Round 232] PASS
[Round 282] Starting, log: /home/zaxy/studyspace/projects/6.5840/src/debug_log/debug_log_round282_20260718_215833.156407139.log
[Round 233] PASS
[Round 283] Starting, log: /home/zaxy/studyspace/projects/6.5840/src/debug_log/debug_log_round283_20260718_215833.463808571.log
[Round 234] PASS
[Round 284] Starting, log: /home/zaxy/studyspace/projects/6.5840/src/debug_log/debug_log_round284_20260718_215834.662266587.log
[Round 235] PASS
[Round 285] Starting, log: /home/zaxy/studyspace/projects/6.5840/src/debug_log/debug_log_round285_20260718_215834.668968057.log
[Round 236] PASS
[Round 286] Starting, log: /home/zaxy/studyspace/projects/6.5840/src/debug_log/debug_log_round286_20260718_215835.622095195.log
[Round 237] PASS
[Round 287] Starting, log: /home/zaxy/studyspace/projects/6.5840/src/debug_log/debug_log_round287_20260718_215835.629378826.log
[Round 238] PASS
[Round 288] Starting, log: /home/zaxy/studyspace/projects/6.5840/src/debug_log/debug_log_round288_20260718_215837.035969321.log
[Round 239] PASS
[Round 289] Starting, log: /home/zaxy/studyspace/projects/6.5840/src/debug_log/debug_log_round289_20260718_215837.042098868.log
[Round 240] PASS
[Round 290] Starting, log: /home/zaxy/studyspace/projects/6.5840/src/debug_log/debug_log_round290_20260718_215838.449019967.log
[Round 241] PASS
[Round 291] Starting, log: /home/zaxy/studyspace/projects/6.5840/src/debug_log/debug_log_round291_20260718_215838.455319862.log
[Round 242] PASS
[Round 292] Starting, log: /home/zaxy/studyspace/projects/6.5840/src/debug_log/debug_log_round292_20260718_215838.462361069.log
[Round 243] PASS
[Round 293] Starting, log: /home/zaxy/studyspace/projects/6.5840/src/debug_log/debug_log_round293_20260718_215838.471804143.log
[Round 244] PASS
[Round 294] Starting, log: /home/zaxy/studyspace/projects/6.5840/src/debug_log/debug_log_round294_20260718_215838.481552213.log
[Round 245] PASS
[Round 295] Starting, log: /home/zaxy/studyspace/projects/6.5840/src/debug_log/debug_log_round295_20260718_215838.490751965.log
[Round 246] PASS
[Round 296] Starting, log: /home/zaxy/studyspace/projects/6.5840/src/debug_log/debug_log_round296_20260718_215838.500267637.log
[Round 247] PASS
[Round 297] Starting, log: /home/zaxy/studyspace/projects/6.5840/src/debug_log/debug_log_round297_20260718_215838.508259850.log
[Round 248] PASS
[Round 298] Starting, log: /home/zaxy/studyspace/projects/6.5840/src/debug_log/debug_log_round298_20260718_215838.515548612.log
[Round 249] PASS
[Round 299] Starting, log: /home/zaxy/studyspace/projects/6.5840/src/debug_log/debug_log_round299_20260718_215838.528345339.log
[Round 250] PASS
[Round 300] Starting, log: /home/zaxy/studyspace/projects/6.5840/src/debug_log/debug_log_round300_20260718_215838.540897481.log
[Round 251] PASS
[Round 301] Starting, log: /home/zaxy/studyspace/projects/6.5840/src/debug_log/debug_log_round301_20260718_215841.946595012.log
[Round 252] PASS
[Round 302] Starting, log: /home/zaxy/studyspace/projects/6.5840/src/debug_log/debug_log_round302_20260718_215841.952915026.log
[Round 253] PASS
[Round 303] Starting, log: /home/zaxy/studyspace/projects/6.5840/src/debug_log/debug_log_round303_20260718_215841.959034246.log
[Round 254] PASS
[Round 304] Starting, log: /home/zaxy/studyspace/projects/6.5840/src/debug_log/debug_log_round304_20260718_215843.433821531.log
[Round 255] PASS
[Round 305] Starting, log: /home/zaxy/studyspace/projects/6.5840/src/debug_log/debug_log_round305_20260718_215843.440993977.log
[Round 256] PASS
[Round 306] Starting, log: /home/zaxy/studyspace/projects/6.5840/src/debug_log/debug_log_round306_20260718_215843.447782725.log
[Round 257] PASS
[Round 307] Starting, log: /home/zaxy/studyspace/projects/6.5840/src/debug_log/debug_log_round307_20260718_215844.116114535.log
[Round 258] PASS
[Round 308] Starting, log: /home/zaxy/studyspace/projects/6.5840/src/debug_log/debug_log_round308_20260718_215844.122919768.log
[Round 259] PASS
[Round 309] Starting, log: /home/zaxy/studyspace/projects/6.5840/src/debug_log/debug_log_round309_20260718_215845.020053947.log
[Round 260] PASS
[Round 310] Starting, log: /home/zaxy/studyspace/projects/6.5840/src/debug_log/debug_log_round310_20260718_215845.026732371.log
[Round 261] PASS
[Round 311] Starting, log: /home/zaxy/studyspace/projects/6.5840/src/debug_log/debug_log_round311_20260718_215845.130301921.log
[Round 262] PASS
[Round 312] Starting, log: /home/zaxy/studyspace/projects/6.5840/src/debug_log/debug_log_round312_20260718_215845.293775151.log
[Round 263] PASS
[Round 313] Starting, log: /home/zaxy/studyspace/projects/6.5840/src/debug_log/debug_log_round313_20260718_215846.586178330.log
[Round 264] PASS
[Round 314] Starting, log: /home/zaxy/studyspace/projects/6.5840/src/debug_log/debug_log_round314_20260718_215846.594635538.log
[Round 265] PASS
[Round 315] Starting, log: /home/zaxy/studyspace/projects/6.5840/src/debug_log/debug_log_round315_20260718_215847.535486474.log
[Round 266] PASS
[Round 316] Starting, log: /home/zaxy/studyspace/projects/6.5840/src/debug_log/debug_log_round316_20260718_215848.385384282.log
[Round 267] PASS
[Round 317] Starting, log: /home/zaxy/studyspace/projects/6.5840/src/debug_log/debug_log_round317_20260718_215851.129571409.log
[Round 268] PASS
[Round 318] Starting, log: /home/zaxy/studyspace/projects/6.5840/src/debug_log/debug_log_round318_20260718_215851.137376401.log
[Round 269] PASS
[Round 319] Starting, log: /home/zaxy/studyspace/projects/6.5840/src/debug_log/debug_log_round319_20260718_215852.921405776.log
[Round 270] PASS
[Round 320] Starting, log: /home/zaxy/studyspace/projects/6.5840/src/debug_log/debug_log_round320_20260718_215852.929009383.log
[Round 271] PASS
[Round 321] Starting, log: /home/zaxy/studyspace/projects/6.5840/src/debug_log/debug_log_round321_20260718_215852.937181511.log
[Round 272] PASS
[Round 322] Starting, log: /home/zaxy/studyspace/projects/6.5840/src/debug_log/debug_log_round322_20260718_215852.947021867.log
[Round 273] PASS
[Round 323] Starting, log: /home/zaxy/studyspace/projects/6.5840/src/debug_log/debug_log_round323_20260718_215852.956510599.log
[Round 274] PASS
[Round 324] Starting, log: /home/zaxy/studyspace/projects/6.5840/src/debug_log/debug_log_round324_20260718_215852.966620598.log
[Round 275] PASS
[Round 325] Starting, log: /home/zaxy/studyspace/projects/6.5840/src/debug_log/debug_log_round325_20260718_215852.974590458.log
[Round 276] PASS
[Round 326] Starting, log: /home/zaxy/studyspace/projects/6.5840/src/debug_log/debug_log_round326_20260718_215852.982441197.log
[Round 277] PASS
[Round 327] Starting, log: /home/zaxy/studyspace/projects/6.5840/src/debug_log/debug_log_round327_20260718_215852.991118703.log
[Round 278] PASS
[Round 328] Starting, log: /home/zaxy/studyspace/projects/6.5840/src/debug_log/debug_log_round328_20260718_215853.001287965.log
[Round 279] PASS
[Round 329] Starting, log: /home/zaxy/studyspace/projects/6.5840/src/debug_log/debug_log_round329_20260718_215853.011126948.log
[Round 280] PASS
[Round 330] Starting, log: /home/zaxy/studyspace/projects/6.5840/src/debug_log/debug_log_round330_20260718_215853.022797546.log
[Round 281] PASS
[Round 331] Starting, log: /home/zaxy/studyspace/projects/6.5840/src/debug_log/debug_log_round331_20260718_215853.037784583.log
[Round 282] PASS
[Round 332] Starting, log: /home/zaxy/studyspace/projects/6.5840/src/debug_log/debug_log_round332_20260718_215853.070234642.log
[Round 283] PASS
[Round 333] Starting, log: /home/zaxy/studyspace/projects/6.5840/src/debug_log/debug_log_round333_20260718_215853.107053358.log
[Round 284] PASS
[Round 334] Starting, log: /home/zaxy/studyspace/projects/6.5840/src/debug_log/debug_log_round334_20260718_215853.944048915.log
[Round 285] PASS
[Round 335] Starting, log: /home/zaxy/studyspace/projects/6.5840/src/debug_log/debug_log_round335_20260718_215854.624667192.log
[Round 286] PASS
[Round 336] Starting, log: /home/zaxy/studyspace/projects/6.5840/src/debug_log/debug_log_round336_20260718_215854.631166949.log
[Round 287] PASS
[Round 337] Starting, log: /home/zaxy/studyspace/projects/6.5840/src/debug_log/debug_log_round337_20260718_215854.638662822.log
[Round 288] PASS
[Round 338] Starting, log: /home/zaxy/studyspace/projects/6.5840/src/debug_log/debug_log_round338_20260718_215854.991859083.log
[Round 289] PASS
[Round 339] Starting, log: /home/zaxy/studyspace/projects/6.5840/src/debug_log/debug_log_round339_20260718_215854.998957674.log
[Round 290] PASS
[Round 340] Starting, log: /home/zaxy/studyspace/projects/6.5840/src/debug_log/debug_log_round340_20260718_215858.545902615.log
[Round 291] PASS
[Round 341] Starting, log: /home/zaxy/studyspace/projects/6.5840/src/debug_log/debug_log_round341_20260718_215858.552867691.log
[Round 292] PASS
[Round 342] Starting, log: /home/zaxy/studyspace/projects/6.5840/src/debug_log/debug_log_round342_20260718_215859.273446927.log
[Round 293] PASS
[Round 343] Starting, log: /home/zaxy/studyspace/projects/6.5840/src/debug_log/debug_log_round343_20260718_215859.281254318.log
[Round 294] PASS
[Round 344] Starting, log: /home/zaxy/studyspace/projects/6.5840/src/debug_log/debug_log_round344_20260718_215859.288033252.log
[Round 295] PASS
[Round 345] Starting, log: /home/zaxy/studyspace/projects/6.5840/src/debug_log/debug_log_round345_20260718_215859.293772809.log
[Round 296] PASS
[Round 346] Starting, log: /home/zaxy/studyspace/projects/6.5840/src/debug_log/debug_log_round346_20260718_215859.302871780.log
[Round 297] PASS
[Round 347] Starting, log: /home/zaxy/studyspace/projects/6.5840/src/debug_log/debug_log_round347_20260718_215859.312546462.log
[Round 298] PASS
[Round 348] Starting, log: /home/zaxy/studyspace/projects/6.5840/src/debug_log/debug_log_round348_20260718_215859.319781822.log
[Round 299] PASS
[Round 349] Starting, log: /home/zaxy/studyspace/projects/6.5840/src/debug_log/debug_log_round349_20260718_215859.326717670.log
[Round 300] PASS
[Round 350] Starting, log: /home/zaxy/studyspace/projects/6.5840/src/debug_log/debug_log_round350_20260718_215859.336569352.log
[Round 301] PASS
[Round 351] Starting, log: /home/zaxy/studyspace/projects/6.5840/src/debug_log/debug_log_round351_20260718_215901.043812269.log
[Round 302] PASS
[Round 352] Starting, log: /home/zaxy/studyspace/projects/6.5840/src/debug_log/debug_log_round352_20260718_215901.050085711.log
[Round 303] PASS
[Round 353] Starting, log: /home/zaxy/studyspace/projects/6.5840/src/debug_log/debug_log_round353_20260718_215901.055958427.log
[Round 304] PASS
[Round 354] Starting, log: /home/zaxy/studyspace/projects/6.5840/src/debug_log/debug_log_round354_20260718_215903.479848200.log
[Round 305] PASS
[Round 355] Starting, log: /home/zaxy/studyspace/projects/6.5840/src/debug_log/debug_log_round355_20260718_215903.557989128.log
[Round 306] PASS
[Round 356] Starting, log: /home/zaxy/studyspace/projects/6.5840/src/debug_log/debug_log_round356_20260718_215903.566392738.log
[Round 307] PASS
[Round 357] Starting, log: /home/zaxy/studyspace/projects/6.5840/src/debug_log/debug_log_round357_20260718_215903.575062303.log
[Round 308] PASS
[Round 358] Starting, log: /home/zaxy/studyspace/projects/6.5840/src/debug_log/debug_log_round358_20260718_215903.739342279.log
[Round 309] PASS
[Round 359] Starting, log: /home/zaxy/studyspace/projects/6.5840/src/debug_log/debug_log_round359_20260718_215903.749207231.log
[Round 310] PASS
[Round 360] Starting, log: /home/zaxy/studyspace/projects/6.5840/src/debug_log/debug_log_round360_20260718_215904.009298950.log
[Round 311] PASS
[Round 361] Starting, log: /home/zaxy/studyspace/projects/6.5840/src/debug_log/debug_log_round361_20260718_215904.017428255.log
[Round 312] PASS
[Round 362] Starting, log: /home/zaxy/studyspace/projects/6.5840/src/debug_log/debug_log_round362_20260718_215904.024435993.log
[Round 313] PASS
[Round 363] Starting, log: /home/zaxy/studyspace/projects/6.5840/src/debug_log/debug_log_round363_20260718_215904.238208185.log
[Round 314] PASS
[Round 364] Starting, log: /home/zaxy/studyspace/projects/6.5840/src/debug_log/debug_log_round364_20260718_215904.771809463.log
[Round 315] PASS
[Round 365] Starting, log: /home/zaxy/studyspace/projects/6.5840/src/debug_log/debug_log_round365_20260718_215907.271476445.log
[Round 316] PASS
[Round 366] Starting, log: /home/zaxy/studyspace/projects/6.5840/src/debug_log/debug_log_round366_20260718_215907.277929669.log
[Round 317] PASS
[Round 367] Starting, log: /home/zaxy/studyspace/projects/6.5840/src/debug_log/debug_log_round367_20260718_215909.828382863.log
[Round 318] PASS
[Round 368] Starting, log: /home/zaxy/studyspace/projects/6.5840/src/debug_log/debug_log_round368_20260718_215909.836489073.log
[Round 319] PASS
[Round 369] Starting, log: /home/zaxy/studyspace/projects/6.5840/src/debug_log/debug_log_round369_20260718_215914.335986563.log
[Round 320] PASS
[Round 370] Starting, log: /home/zaxy/studyspace/projects/6.5840/src/debug_log/debug_log_round370_20260718_215914.343825549.log
[Round 321] PASS
[Round 371] Starting, log: /home/zaxy/studyspace/projects/6.5840/src/debug_log/debug_log_round371_20260718_215914.353553781.log
[Round 322] PASS
[Round 372] Starting, log: /home/zaxy/studyspace/projects/6.5840/src/debug_log/debug_log_round372_20260718_215914.402546153.log
[Round 323] PASS
[Round 373] Starting, log: /home/zaxy/studyspace/projects/6.5840/src/debug_log/debug_log_round373_20260718_215914.412429715.log
[Round 324] PASS
[Round 374] Starting, log: /home/zaxy/studyspace/projects/6.5840/src/debug_log/debug_log_round374_20260718_215915.605798444.log
[Round 325] PASS
[Round 375] Starting, log: /home/zaxy/studyspace/projects/6.5840/src/debug_log/debug_log_round375_20260718_215915.611774472.log
[Round 326] PASS
[Round 376] Starting, log: /home/zaxy/studyspace/projects/6.5840/src/debug_log/debug_log_round376_20260718_215915.618132294.log
[Round 327] PASS
[Round 377] Starting, log: /home/zaxy/studyspace/projects/6.5840/src/debug_log/debug_log_round377_20260718_215915.624453819.log
[Round 328] PASS
[Round 378] Starting, log: /home/zaxy/studyspace/projects/6.5840/src/debug_log/debug_log_round378_20260718_215915.632689299.log
[Round 329] PASS
[Round 379] Starting, log: /home/zaxy/studyspace/projects/6.5840/src/debug_log/debug_log_round379_20260718_215915.641510653.log
[Round 330] PASS
[Round 380] Starting, log: /home/zaxy/studyspace/projects/6.5840/src/debug_log/debug_log_round380_20260718_215915.650619474.log
[Round 331] PASS
[Round 381] Starting, log: /home/zaxy/studyspace/projects/6.5840/src/debug_log/debug_log_round381_20260718_215915.659481721.log
[Round 332] PASS
[Round 382] Starting, log: /home/zaxy/studyspace/projects/6.5840/src/debug_log/debug_log_round382_20260718_215915.668121841.log
[Round 333] PASS
[Round 383] Starting, log: /home/zaxy/studyspace/projects/6.5840/src/debug_log/debug_log_round383_20260718_215915.677717691.log
[Round 334] PASS
[Round 384] Starting, log: /home/zaxy/studyspace/projects/6.5840/src/debug_log/debug_log_round384_20260718_215915.690469174.log
[Round 335] PASS
[Round 385] Starting, log: /home/zaxy/studyspace/projects/6.5840/src/debug_log/debug_log_round385_20260718_215915.699720862.log
[Round 336] PASS
[Round 386] Starting, log: /home/zaxy/studyspace/projects/6.5840/src/debug_log/debug_log_round386_20260718_215915.710274800.log
[Round 337] PASS
[Round 387] Starting, log: /home/zaxy/studyspace/projects/6.5840/src/debug_log/debug_log_round387_20260718_215915.722731441.log
[Round 338] PASS
[Round 388] Starting, log: /home/zaxy/studyspace/projects/6.5840/src/debug_log/debug_log_round388_20260718_215915.740890923.log
[Round 339] PASS
[Round 389] Starting, log: /home/zaxy/studyspace/projects/6.5840/src/debug_log/debug_log_round389_20260718_215915.756988394.log
[Round 340] PASS
[Round 390] Starting, log: /home/zaxy/studyspace/projects/6.5840/src/debug_log/debug_log_round390_20260718_215916.535092993.log
[Round 341] PASS
[Round 391] Starting, log: /home/zaxy/studyspace/projects/6.5840/src/debug_log/debug_log_round391_20260718_215916.561238023.log
[Round 342] PASS
[Round 392] Starting, log: /home/zaxy/studyspace/projects/6.5840/src/debug_log/debug_log_round392_20260718_215918.515144497.log
[Round 343] PASS
[Round 393] Starting, log: /home/zaxy/studyspace/projects/6.5840/src/debug_log/debug_log_round393_20260718_215919.018819743.log
[Round 344] PASS
[Round 394] Starting, log: /home/zaxy/studyspace/projects/6.5840/src/debug_log/debug_log_round394_20260718_215919.026765743.log
[Round 345] PASS
[Round 395] Starting, log: /home/zaxy/studyspace/projects/6.5840/src/debug_log/debug_log_round395_20260718_215919.034068601.log
[Round 346] PASS
[Round 396] Starting, log: /home/zaxy/studyspace/projects/6.5840/src/debug_log/debug_log_round396_20260718_215919.041808515.log
[Round 347] PASS
[Round 397] Starting, log: /home/zaxy/studyspace/projects/6.5840/src/debug_log/debug_log_round397_20260718_215919.465101385.log
[Round 348] PASS
[Round 398] Starting, log: /home/zaxy/studyspace/projects/6.5840/src/debug_log/debug_log_round398_20260718_215919.472125533.log
[Round 349] PASS
[Round 399] Starting, log: /home/zaxy/studyspace/projects/6.5840/src/debug_log/debug_log_round399_20260718_215919.481432090.log
[Round 350] PASS
[Round 400] Starting, log: /home/zaxy/studyspace/projects/6.5840/src/debug_log/debug_log_round400_20260718_215919.491571144.log
[Round 351] PASS
[Round 401] Starting, log: /home/zaxy/studyspace/projects/6.5840/src/debug_log/debug_log_round401_20260718_215920.910663438.log
[Round 352] PASS
[Round 402] Starting, log: /home/zaxy/studyspace/projects/6.5840/src/debug_log/debug_log_round402_20260718_215920.919174323.log
[Round 353] PASS
[Round 403] Starting, log: /home/zaxy/studyspace/projects/6.5840/src/debug_log/debug_log_round403_20260718_215920.928979096.log
[Round 354] PASS
[Round 404] Starting, log: /home/zaxy/studyspace/projects/6.5840/src/debug_log/debug_log_round404_20260718_215922.218574201.log
[Round 355] PASS
[Round 405] Starting, log: /home/zaxy/studyspace/projects/6.5840/src/debug_log/debug_log_round405_20260718_215923.254944325.log
[Round 356] PASS
[Round 406] Starting, log: /home/zaxy/studyspace/projects/6.5840/src/debug_log/debug_log_round406_20260718_215923.260909291.log
[Round 357] PASS
[Round 407] Starting, log: /home/zaxy/studyspace/projects/6.5840/src/debug_log/debug_log_round407_20260718_215923.289090372.log
[Round 358] PASS
[Round 408] Starting, log: /home/zaxy/studyspace/projects/6.5840/src/debug_log/debug_log_round408_20260718_215923.506464407.log
[Round 359] PASS
[Round 409] Starting, log: /home/zaxy/studyspace/projects/6.5840/src/debug_log/debug_log_round409_20260718_215923.514312182.log
[Round 360] PASS
[Round 410] Starting, log: /home/zaxy/studyspace/projects/6.5840/src/debug_log/debug_log_round410_20260718_215924.871536689.log
[Round 361] PASS
[Round 411] Starting, log: /home/zaxy/studyspace/projects/6.5840/src/debug_log/debug_log_round411_20260718_215924.877460131.log
[Round 362] PASS
[Round 412] Starting, log: /home/zaxy/studyspace/projects/6.5840/src/debug_log/debug_log_round412_20260718_215924.884204218.log
[Round 363] PASS
[Round 413] Starting, log: /home/zaxy/studyspace/projects/6.5840/src/debug_log/debug_log_round413_20260718_215924.889897592.log
[Round 364] PASS
[Round 414] Starting, log: /home/zaxy/studyspace/projects/6.5840/src/debug_log/debug_log_round414_20260718_215924.896806307.log
[Round 365] PASS
[Round 415] Starting, log: /home/zaxy/studyspace/projects/6.5840/src/debug_log/debug_log_round415_20260718_215926.173699962.log
[Round 366] PASS
[Round 416] Starting, log: /home/zaxy/studyspace/projects/6.5840/src/debug_log/debug_log_round416_20260718_215926.309467489.log
[Round 367] PASS
[Round 417] Starting, log: /home/zaxy/studyspace/projects/6.5840/src/debug_log/debug_log_round417_20260718_215927.861205197.log
[Round 368] PASS
[Round 418] Starting, log: /home/zaxy/studyspace/projects/6.5840/src/debug_log/debug_log_round418_20260718_215929.153483988.log
[Round 369] PASS
[Round 419] Starting, log: /home/zaxy/studyspace/projects/6.5840/src/debug_log/debug_log_round419_20260718_215932.095219473.log
[Round 370] PASS
[Round 420] Starting, log: /home/zaxy/studyspace/projects/6.5840/src/debug_log/debug_log_round420_20260718_215932.184158712.log
[Round 371] PASS
[Round 421] Starting, log: /home/zaxy/studyspace/projects/6.5840/src/debug_log/debug_log_round421_20260718_215932.495789284.log
[Round 372] PASS
[Round 422] Starting, log: /home/zaxy/studyspace/projects/6.5840/src/debug_log/debug_log_round422_20260718_215933.500145013.log
[Round 373] PASS
[Round 423] Starting, log: /home/zaxy/studyspace/projects/6.5840/src/debug_log/debug_log_round423_20260718_215933.512622551.log
[Round 374] PASS
[Round 424] Starting, log: /home/zaxy/studyspace/projects/6.5840/src/debug_log/debug_log_round424_20260718_215933.786904926.log
[Round 375] PASS
[Round 425] Starting, log: /home/zaxy/studyspace/projects/6.5840/src/debug_log/debug_log_round425_20260718_215935.685646807.log
[Round 376] PASS
[Round 426] Starting, log: /home/zaxy/studyspace/projects/6.5840/src/debug_log/debug_log_round426_20260718_215935.695754836.log
[Round 377] PASS
[Round 427] Starting, log: /home/zaxy/studyspace/projects/6.5840/src/debug_log/debug_log_round427_20260718_215937.590178191.log
[Round 378] PASS
[Round 428] Starting, log: /home/zaxy/studyspace/projects/6.5840/src/debug_log/debug_log_round428_20260718_215937.640332731.log
[Round 379] PASS
[Round 429] Starting, log: /home/zaxy/studyspace/projects/6.5840/src/debug_log/debug_log_round429_20260718_215937.647378026.log
[Round 380] PASS
[Round 430] Starting, log: /home/zaxy/studyspace/projects/6.5840/src/debug_log/debug_log_round430_20260718_215937.655985183.log
[Round 381] PASS
[Round 431] Starting, log: /home/zaxy/studyspace/projects/6.5840/src/debug_log/debug_log_round431_20260718_215937.666940974.log
[Round 382] PASS
[Round 432] Starting, log: /home/zaxy/studyspace/projects/6.5840/src/debug_log/debug_log_round432_20260718_215937.736145394.log
[Round 383] PASS
[Round 433] Starting, log: /home/zaxy/studyspace/projects/6.5840/src/debug_log/debug_log_round433_20260718_215937.747945128.log
[Round 384] PASS
[Round 434] Starting, log: /home/zaxy/studyspace/projects/6.5840/src/debug_log/debug_log_round434_20260718_215937.759712632.log
[Round 385] PASS
[Round 435] Starting, log: /home/zaxy/studyspace/projects/6.5840/src/debug_log/debug_log_round435_20260718_215937.779120018.log
[Round 386] PASS
[Round 436] Starting, log: /home/zaxy/studyspace/projects/6.5840/src/debug_log/debug_log_round436_20260718_215937.793882194.log
[Round 387] PASS
[Round 437] Starting, log: /home/zaxy/studyspace/projects/6.5840/src/debug_log/debug_log_round437_20260718_215937.810910200.log
[Round 388] PASS
[Round 438] Starting, log: /home/zaxy/studyspace/projects/6.5840/src/debug_log/debug_log_round438_20260718_215937.826268638.log
[Round 389] PASS
[Round 439] Starting, log: /home/zaxy/studyspace/projects/6.5840/src/debug_log/debug_log_round439_20260718_215937.839257462.log
[Round 390] PASS
[Round 440] Starting, log: /home/zaxy/studyspace/projects/6.5840/src/debug_log/debug_log_round440_20260718_215937.856476326.log
[Round 391] PASS
[Round 441] Starting, log: /home/zaxy/studyspace/projects/6.5840/src/debug_log/debug_log_round441_20260718_215937.874850124.log
[Round 392] PASS
[Round 442] Starting, log: /home/zaxy/studyspace/projects/6.5840/src/debug_log/debug_log_round442_20260718_215937.893352091.log
[Round 393] PASS
[Round 443] Starting, log: /home/zaxy/studyspace/projects/6.5840/src/debug_log/debug_log_round443_20260718_215938.457576175.log
[Round 394] PASS
[Round 444] Starting, log: /home/zaxy/studyspace/projects/6.5840/src/debug_log/debug_log_round444_20260718_215938.484548414.log
[Round 395] PASS
[Round 445] Starting, log: /home/zaxy/studyspace/projects/6.5840/src/debug_log/debug_log_round445_20260718_215938.515242277.log
[Round 396] PASS
[Round 446] Starting, log: /home/zaxy/studyspace/projects/6.5840/src/debug_log/debug_log_round446_20260718_215938.745129455.log
[Round 397] PASS
[Round 447] Starting, log: /home/zaxy/studyspace/projects/6.5840/src/debug_log/debug_log_round447_20260718_215939.207231779.log
[Round 398] PASS
[Round 448] Starting, log: /home/zaxy/studyspace/projects/6.5840/src/debug_log/debug_log_round448_20260718_215939.214952847.log
[Round 399] PASS
[Round 449] Starting, log: /home/zaxy/studyspace/projects/6.5840/src/debug_log/debug_log_round449_20260718_215939.225890640.log
[Round 400] PASS
[Round 450] Starting, log: /home/zaxy/studyspace/projects/6.5840/src/debug_log/debug_log_round450_20260718_215939.233986881.log
[Round 401] PASS
[Round 451] Starting, log: /home/zaxy/studyspace/projects/6.5840/src/debug_log/debug_log_round451_20260718_215939.242233599.log
[Round 402] PASS
[Round 452] Starting, log: /home/zaxy/studyspace/projects/6.5840/src/debug_log/debug_log_round452_20260718_215939.251692955.log
[Round 403] PASS
[Round 453] Starting, log: /home/zaxy/studyspace/projects/6.5840/src/debug_log/debug_log_round453_20260718_215939.421515413.log
[Round 404] PASS
[Round 454] Starting, log: /home/zaxy/studyspace/projects/6.5840/src/debug_log/debug_log_round454_20260718_215940.304742839.log
[Round 405] PASS
[Round 455] Starting, log: /home/zaxy/studyspace/projects/6.5840/src/debug_log/debug_log_round455_20260718_215941.913776315.log
[Round 406] PASS
[Round 456] Starting, log: /home/zaxy/studyspace/projects/6.5840/src/debug_log/debug_log_round456_20260718_215941.922625517.log
[Round 407] PASS
[Round 457] Starting, log: /home/zaxy/studyspace/projects/6.5840/src/debug_log/debug_log_round457_20260718_215942.095929090.log
[Round 408] PASS
[Round 458] Starting, log: /home/zaxy/studyspace/projects/6.5840/src/debug_log/debug_log_round458_20260718_215942.854575690.log
[Round 409] PASS
[Round 459] Starting, log: /home/zaxy/studyspace/projects/6.5840/src/debug_log/debug_log_round459_20260718_215942.860972782.log
[Round 410] PASS
[Round 460] Starting, log: /home/zaxy/studyspace/projects/6.5840/src/debug_log/debug_log_round460_20260718_215943.258097964.log
[Round 411] PASS
[Round 461] Starting, log: /home/zaxy/studyspace/projects/6.5840/src/debug_log/debug_log_round461_20260718_215943.716769333.log
[Round 412] PASS
[Round 462] Starting, log: /home/zaxy/studyspace/projects/6.5840/src/debug_log/debug_log_round462_20260718_215944.743980090.log
[Round 413] PASS
[Round 463] Starting, log: /home/zaxy/studyspace/projects/6.5840/src/debug_log/debug_log_round463_20260718_215944.750228100.log
[Round 414] PASS
[Round 464] Starting, log: /home/zaxy/studyspace/projects/6.5840/src/debug_log/debug_log_round464_20260718_215944.757584635.log
[Round 415] PASS
[Round 465] Starting, log: /home/zaxy/studyspace/projects/6.5840/src/debug_log/debug_log_round465_20260718_215944.766087048.log
[Round 416] PASS
[Round 466] Starting, log: /home/zaxy/studyspace/projects/6.5840/src/debug_log/debug_log_round466_20260718_215944.772275950.log
[Round 417] PASS
[Round 467] Starting, log: /home/zaxy/studyspace/projects/6.5840/src/debug_log/debug_log_round467_20260718_215948.388158238.log
[Round 418] PASS
[Round 468] Starting, log: /home/zaxy/studyspace/projects/6.5840/src/debug_log/debug_log_round468_20260718_215948.394608378.log
[Round 419] PASS
[Round 469] Starting, log: /home/zaxy/studyspace/projects/6.5840/src/debug_log/debug_log_round469_20260718_215949.967229283.log
[Round 420] PASS
[Round 470] Starting, log: /home/zaxy/studyspace/projects/6.5840/src/debug_log/debug_log_round470_20260718_215951.108770785.log
[Round 421] PASS
[Round 471] Starting, log: /home/zaxy/studyspace/projects/6.5840/src/debug_log/debug_log_round471_20260718_215951.394682351.log
[Round 422] PASS
[Round 472] Starting, log: /home/zaxy/studyspace/projects/6.5840/src/debug_log/debug_log_round472_20260718_215952.337934552.log
[Round 423] PASS
[Round 473] Starting, log: /home/zaxy/studyspace/projects/6.5840/src/debug_log/debug_log_round473_20260718_215952.667787137.log
[Round 424] PASS
[Round 474] Starting, log: /home/zaxy/studyspace/projects/6.5840/src/debug_log/debug_log_round474_20260718_215952.964062699.log
[Round 425] PASS
[Round 475] Starting, log: /home/zaxy/studyspace/projects/6.5840/src/debug_log/debug_log_round475_20260718_215953.731083509.log
[Round 426] PASS
[Round 476] Starting, log: /home/zaxy/studyspace/projects/6.5840/src/debug_log/debug_log_round476_20260718_215953.859730729.log
[Round 427] PASS
[Round 477] Starting, log: /home/zaxy/studyspace/projects/6.5840/src/debug_log/debug_log_round477_20260718_215955.255324652.log
[Round 428] PASS
[Round 478] Starting, log: /home/zaxy/studyspace/projects/6.5840/src/debug_log/debug_log_round478_20260718_215957.744939946.log
[Round 429] PASS
[Round 479] Starting, log: /home/zaxy/studyspace/projects/6.5840/src/debug_log/debug_log_round479_20260718_215959.748080352.log
[Round 430] PASS
[Round 480] Starting, log: /home/zaxy/studyspace/projects/6.5840/src/debug_log/debug_log_round480_20260718_215959.756753164.log
[Round 431] PASS
[Round 481] Starting, log: /home/zaxy/studyspace/projects/6.5840/src/debug_log/debug_log_round481_20260718_215959.765054762.log
[Round 432] PASS
[Round 482] Starting, log: /home/zaxy/studyspace/projects/6.5840/src/debug_log/debug_log_round482_20260718_215959.774479016.log
[Round 433] PASS
[Round 483] Starting, log: /home/zaxy/studyspace/projects/6.5840/src/debug_log/debug_log_round483_20260718_220000.350984629.log
[Round 434] PASS
[Round 484] Starting, log: /home/zaxy/studyspace/projects/6.5840/src/debug_log/debug_log_round484_20260718_220000.364346053.log
[Round 435] PASS
[Round 485] Starting, log: /home/zaxy/studyspace/projects/6.5840/src/debug_log/debug_log_round485_20260718_220000.379982415.log
[Round 436] PASS
[Round 486] Starting, log: /home/zaxy/studyspace/projects/6.5840/src/debug_log/debug_log_round486_20260718_220000.397471273.log
[Round 437] PASS
[Round 487] Starting, log: /home/zaxy/studyspace/projects/6.5840/src/debug_log/debug_log_round487_20260718_220000.614888042.log
[Round 438] PASS
[Round 488] Starting, log: /home/zaxy/studyspace/projects/6.5840/src/debug_log/debug_log_round488_20260718_220000.630903630.log
[Round 439] PASS
[Round 489] Starting, log: /home/zaxy/studyspace/projects/6.5840/src/debug_log/debug_log_round489_20260718_220000.645007122.log
[Round 440] PASS
[Round 490] Starting, log: /home/zaxy/studyspace/projects/6.5840/src/debug_log/debug_log_round490_20260718_220000.659923240.log
[Round 441] PASS
[Round 491] Starting, log: /home/zaxy/studyspace/projects/6.5840/src/debug_log/debug_log_round491_20260718_220000.676846563.log
[Round 442] PASS
[Round 492] Starting, log: /home/zaxy/studyspace/projects/6.5840/src/debug_log/debug_log_round492_20260718_220001.292055674.log
[Round 443] PASS
[Round 493] Starting, log: /home/zaxy/studyspace/projects/6.5840/src/debug_log/debug_log_round493_20260718_220001.304152433.log
[Round 444] PASS
[Round 494] Starting, log: /home/zaxy/studyspace/projects/6.5840/src/debug_log/debug_log_round494_20260718_220001.312962988.log
[Round 445] PASS
[Round 495] Starting, log: /home/zaxy/studyspace/projects/6.5840/src/debug_log/debug_log_round495_20260718_220001.321728009.log
[Round 446] PASS
[Round 496] Starting, log: /home/zaxy/studyspace/projects/6.5840/src/debug_log/debug_log_round496_20260718_220001.330305683.log
[Round 447] PASS
[Round 497] Starting, log: /home/zaxy/studyspace/projects/6.5840/src/debug_log/debug_log_round497_20260718_220001.340102786.log
[Round 448] PASS
[Round 498] Starting, log: /home/zaxy/studyspace/projects/6.5840/src/debug_log/debug_log_round498_20260718_220001.347998817.log
[Round 449] PASS
[Round 499] Starting, log: /home/zaxy/studyspace/projects/6.5840/src/debug_log/debug_log_round499_20260718_220001.355031167.log
[Round 450] PASS
[Round 500] Starting, log: /home/zaxy/studyspace/projects/6.5840/src/debug_log/debug_log_round500_20260718_220001.364366600.log
[Round 451] PASS
[Round 501] Starting, log: /home/zaxy/studyspace/projects/6.5840/src/debug_log/debug_log_round501_20260718_220001.377813255.log
[Round 452] PASS
[Round 502] Starting, log: /home/zaxy/studyspace/projects/6.5840/src/debug_log/debug_log_round502_20260718_220001.396427395.log
[Round 453] PASS
[Round 503] Starting, log: /home/zaxy/studyspace/projects/6.5840/src/debug_log/debug_log_round503_20260718_220001.944182160.log
[Round 454] PASS
[Round 504] Starting, log: /home/zaxy/studyspace/projects/6.5840/src/debug_log/debug_log_round504_20260718_220001.975701516.log
[Round 455] PASS
[Round 505] Starting, log: /home/zaxy/studyspace/projects/6.5840/src/debug_log/debug_log_round505_20260718_220001.995114594.log
[Round 456] PASS
[Round 506] Starting, log: /home/zaxy/studyspace/projects/6.5840/src/debug_log/debug_log_round506_20260718_220002.014327316.log
[Round 457] PASS
[Round 507] Starting, log: /home/zaxy/studyspace/projects/6.5840/src/debug_log/debug_log_round507_20260718_220002.036981659.log
[Round 458] PASS
[Round 508] Starting, log: /home/zaxy/studyspace/projects/6.5840/src/debug_log/debug_log_round508_20260718_220002.194007167.log
[Round 459] PASS
[Round 509] Starting, log: /home/zaxy/studyspace/projects/6.5840/src/debug_log/debug_log_round509_20260718_220003.065351076.log
[Round 460] PASS
[Round 510] Starting, log: /home/zaxy/studyspace/projects/6.5840/src/debug_log/debug_log_round510_20260718_220003.074653711.log
[Round 461] PASS
[Round 511] Starting, log: /home/zaxy/studyspace/projects/6.5840/src/debug_log/debug_log_round511_20260718_220003.083863925.log
[Round 462] PASS
[Round 512] Starting, log: /home/zaxy/studyspace/projects/6.5840/src/debug_log/debug_log_round512_20260718_220003.092822480.log
[Round 463] PASS
[Round 513] Starting, log: /home/zaxy/studyspace/projects/6.5840/src/debug_log/debug_log_round513_20260718_220003.100130710.log
[Round 464] PASS
[Round 514] Starting, log: /home/zaxy/studyspace/projects/6.5840/src/debug_log/debug_log_round514_20260718_220003.110254970.log
[Round 465] PASS
[Round 515] Starting, log: /home/zaxy/studyspace/projects/6.5840/src/debug_log/debug_log_round515_20260718_220003.349480748.log
[Round 466] PASS
[Round 516] Starting, log: /home/zaxy/studyspace/projects/6.5840/src/debug_log/debug_log_round516_20260718_220003.826452934.log
[Round 467] PASS
[Round 517] Starting, log: /home/zaxy/studyspace/projects/6.5840/src/debug_log/debug_log_round517_20260718_220007.433816955.log
[Round 468] PASS
[Round 518] Starting, log: /home/zaxy/studyspace/projects/6.5840/src/debug_log/debug_log_round518_20260718_220007.440243267.log
[Round 469] PASS
[Round 519] Starting, log: /home/zaxy/studyspace/projects/6.5840/src/debug_log/debug_log_round519_20260718_220008.188266388.log
[Round 470] PASS
[Round 520] Starting, log: /home/zaxy/studyspace/projects/6.5840/src/debug_log/debug_log_round520_20260718_220011.336510546.log
[Round 471] PASS
[Round 521] Starting, log: /home/zaxy/studyspace/projects/6.5840/src/debug_log/debug_log_round521_20260718_220011.344103977.log
[Round 472] PASS
[Round 522] Starting, log: /home/zaxy/studyspace/projects/6.5840/src/debug_log/debug_log_round522_20260718_220011.475975944.log
[Round 473] PASS
[Round 523] Starting, log: /home/zaxy/studyspace/projects/6.5840/src/debug_log/debug_log_round523_20260718_220011.935556236.log
[Round 474] PASS
[Round 524] Starting, log: /home/zaxy/studyspace/projects/6.5840/src/debug_log/debug_log_round524_20260718_220011.944831364.log
[Round 475] PASS
[Round 525] Starting, log: /home/zaxy/studyspace/projects/6.5840/src/debug_log/debug_log_round525_20260718_220012.335686319.log
[Round 476] PASS
[Round 526] Starting, log: /home/zaxy/studyspace/projects/6.5840/src/debug_log/debug_log_round526_20260718_220012.895793193.log
[Round 477] PASS
[Round 527] Starting, log: /home/zaxy/studyspace/projects/6.5840/src/debug_log/debug_log_round527_20260718_220013.798091958.log
[Round 478] PASS
[Round 528] Starting, log: /home/zaxy/studyspace/projects/6.5840/src/debug_log/debug_log_round528_20260718_220015.906895212.log
[Round 479] PASS
[Round 529] Starting, log: /home/zaxy/studyspace/projects/6.5840/src/debug_log/debug_log_round529_20260718_220018.211541091.log
[Round 480] PASS
[Round 530] Starting, log: /home/zaxy/studyspace/projects/6.5840/src/debug_log/debug_log_round530_20260718_220018.671020304.log
[Round 481] PASS
[Round 531] Starting, log: /home/zaxy/studyspace/projects/6.5840/src/debug_log/debug_log_round531_20260718_220018.679630720.log
[Round 482] PASS
[Round 532] Starting, log: /home/zaxy/studyspace/projects/6.5840/src/debug_log/debug_log_round532_20260718_220019.353150044.log
[Round 483] PASS
[Round 533] Starting, log: /home/zaxy/studyspace/projects/6.5840/src/debug_log/debug_log_round533_20260718_220019.360881569.log
[Round 484] PASS
[Round 534] Starting, log: /home/zaxy/studyspace/projects/6.5840/src/debug_log/debug_log_round534_20260718_220021.530602664.log
[Round 485] PASS
[Round 535] Starting, log: /home/zaxy/studyspace/projects/6.5840/src/debug_log/debug_log_round535_20260718_220021.536864934.log
[Round 486] PASS
[Round 536] Starting, log: /home/zaxy/studyspace/projects/6.5840/src/debug_log/debug_log_round536_20260718_220021.544779412.log
[Round 487] PASS
[Round 537] Starting, log: /home/zaxy/studyspace/projects/6.5840/src/debug_log/debug_log_round537_20260718_220021.556275133.log
[Round 488] PASS
[Round 538] Starting, log: /home/zaxy/studyspace/projects/6.5840/src/debug_log/debug_log_round538_20260718_220021.566007230.log
[Round 489] PASS
[Round 539] Starting, log: /home/zaxy/studyspace/projects/6.5840/src/debug_log/debug_log_round539_20260718_220021.576217964.log
[Round 490] PASS
[Round 540] Starting, log: /home/zaxy/studyspace/projects/6.5840/src/debug_log/debug_log_round540_20260718_220022.388843031.log
[Round 491] PASS
[Round 541] Starting, log: /home/zaxy/studyspace/projects/6.5840/src/debug_log/debug_log_round541_20260718_220022.395032054.log
[Round 492] PASS
[Round 542] Starting, log: /home/zaxy/studyspace/projects/6.5840/src/debug_log/debug_log_round542_20260718_220022.403387386.log
[Round 493] PASS
[Round 543] Starting, log: /home/zaxy/studyspace/projects/6.5840/src/debug_log/debug_log_round543_20260718_220022.414255217.log
[Round 494] PASS
[Round 544] Starting, log: /home/zaxy/studyspace/projects/6.5840/src/debug_log/debug_log_round544_20260718_220023.543946205.log
[Round 495] PASS
[Round 545] Starting, log: /home/zaxy/studyspace/projects/6.5840/src/debug_log/debug_log_round545_20260718_220023.550008158.log
[Round 496] PASS
[Round 546] Starting, log: /home/zaxy/studyspace/projects/6.5840/src/debug_log/debug_log_round546_20260718_220023.557579104.log
[Round 497] PASS
[Round 547] Starting, log: /home/zaxy/studyspace/projects/6.5840/src/debug_log/debug_log_round547_20260718_220023.565191781.log
[Round 498] PASS
[Round 548] Starting, log: /home/zaxy/studyspace/projects/6.5840/src/debug_log/debug_log_round548_20260718_220023.573196209.log
[Round 499] PASS
[Round 549] Starting, log: /home/zaxy/studyspace/projects/6.5840/src/debug_log/debug_log_round549_20260718_220023.689741457.log
[Round 500] PASS
[Round 550] Starting, log: /home/zaxy/studyspace/projects/6.5840/src/debug_log/debug_log_round550_20260718_220023.699577601.log
[Round 501] PASS
[Round 551] Starting, log: /home/zaxy/studyspace/projects/6.5840/src/debug_log/debug_log_round551_20260718_220023.711732681.log
[Round 502] PASS
[Round 552] Starting, log: /home/zaxy/studyspace/projects/6.5840/src/debug_log/debug_log_round552_20260718_220023.724926115.log
[Round 503] PASS
[Round 553] Starting, log: /home/zaxy/studyspace/projects/6.5840/src/debug_log/debug_log_round553_20260718_220023.739066229.log
[Round 504] PASS
[Round 554] Starting, log: /home/zaxy/studyspace/projects/6.5840/src/debug_log/debug_log_round554_20260718_220023.749484338.log
[Round 505] PASS
[Round 555] Starting, log: /home/zaxy/studyspace/projects/6.5840/src/debug_log/debug_log_round555_20260718_220023.762421634.log
[Round 506] PASS
[Round 556] Starting, log: /home/zaxy/studyspace/projects/6.5840/src/debug_log/debug_log_round556_20260718_220023.775691931.log
[Round 507] PASS
[Round 557] Starting, log: /home/zaxy/studyspace/projects/6.5840/src/debug_log/debug_log_round557_20260718_220023.791338572.log
[Round 508] PASS
[Round 558] Starting, log: /home/zaxy/studyspace/projects/6.5840/src/debug_log/debug_log_round558_20260718_220023.814575463.log
[Round 509] PASS
[Round 559] Starting, log: /home/zaxy/studyspace/projects/6.5840/src/debug_log/debug_log_round559_20260718_220023.834930302.log
[Round 510] PASS
[Round 560] Starting, log: /home/zaxy/studyspace/projects/6.5840/src/debug_log/debug_log_round560_20260718_220023.854166335.log
[Round 511] PASS
[Round 561] Starting, log: /home/zaxy/studyspace/projects/6.5840/src/debug_log/debug_log_round561_20260718_220023.880789552.log
[Round 512] PASS
[Round 562] Starting, log: /home/zaxy/studyspace/projects/6.5840/src/debug_log/debug_log_round562_20260718_220023.903827185.log
[Round 513] PASS
[Round 563] Starting, log: /home/zaxy/studyspace/projects/6.5840/src/debug_log/debug_log_round563_20260718_220023.920128085.log
[Round 514] PASS
[Round 564] Starting, log: /home/zaxy/studyspace/projects/6.5840/src/debug_log/debug_log_round564_20260718_220023.946153260.log
[Round 515] PASS
[Round 565] Starting, log: /home/zaxy/studyspace/projects/6.5840/src/debug_log/debug_log_round565_20260718_220023.971189828.log
[Round 516] PASS
[Round 566] Starting, log: /home/zaxy/studyspace/projects/6.5840/src/debug_log/debug_log_round566_20260718_220024.012224257.log
[Round 517] PASS
[Round 567] Starting, log: /home/zaxy/studyspace/projects/6.5840/src/debug_log/debug_log_round567_20260718_220025.871814968.log
[Round 518] PASS
[Round 568] Starting, log: /home/zaxy/studyspace/projects/6.5840/src/debug_log/debug_log_round568_20260718_220027.396394894.log
[Round 519] PASS
[Round 569] Starting, log: /home/zaxy/studyspace/projects/6.5840/src/debug_log/debug_log_round569_20260718_220027.403570100.log
[Round 520] PASS
[Round 570] Starting, log: /home/zaxy/studyspace/projects/6.5840/src/debug_log/debug_log_round570_20260718_220030.930258671.log
[Round 521] PASS
[Round 571] Starting, log: /home/zaxy/studyspace/projects/6.5840/src/debug_log/debug_log_round571_20260718_220030.958900835.log
[Round 522] PASS
[Round 572] Starting, log: /home/zaxy/studyspace/projects/6.5840/src/debug_log/debug_log_round572_20260718_220030.967095448.log
[Round 523] PASS
[Round 573] Starting, log: /home/zaxy/studyspace/projects/6.5840/src/debug_log/debug_log_round573_20260718_220031.281564984.log
[Round 524] PASS
[Round 574] Starting, log: /home/zaxy/studyspace/projects/6.5840/src/debug_log/debug_log_round574_20260718_220031.290957779.log
[Round 525] PASS
[Round 575] Starting, log: /home/zaxy/studyspace/projects/6.5840/src/debug_log/debug_log_round575_20260718_220031.301056242.log
[Round 526] PASS
[Round 576] Starting, log: /home/zaxy/studyspace/projects/6.5840/src/debug_log/debug_log_round576_20260718_220032.883006833.log
[Round 527] PASS
[Round 577] Starting, log: /home/zaxy/studyspace/projects/6.5840/src/debug_log/debug_log_round577_20260718_220034.077293767.log
[Round 528] PASS
[Round 578] Starting, log: /home/zaxy/studyspace/projects/6.5840/src/debug_log/debug_log_round578_20260718_220034.097949267.log
[Round 529] PASS
[Round 579] Starting, log: /home/zaxy/studyspace/projects/6.5840/src/debug_log/debug_log_round579_20260718_220037.592655190.log
[Round 530] PASS
[Round 580] Starting, log: /home/zaxy/studyspace/projects/6.5840/src/debug_log/debug_log_round580_20260718_220038.437467950.log
[Round 531] PASS
[Round 581] Starting, log: /home/zaxy/studyspace/projects/6.5840/src/debug_log/debug_log_round581_20260718_220038.445091302.log
[Round 532] PASS
[Round 582] Starting, log: /home/zaxy/studyspace/projects/6.5840/src/debug_log/debug_log_round582_20260718_220038.457181796.log
[Round 533] PASS
[Round 583] Starting, log: /home/zaxy/studyspace/projects/6.5840/src/debug_log/debug_log_round583_20260718_220038.467276423.log
[Round 534] PASS
[Round 584] Starting, log: /home/zaxy/studyspace/projects/6.5840/src/debug_log/debug_log_round584_20260718_220039.960743281.log
[Round 535] PASS
[Round 585] Starting, log: /home/zaxy/studyspace/projects/6.5840/src/debug_log/debug_log_round585_20260718_220039.971069149.log
[Round 536] PASS
[Round 586] Starting, log: /home/zaxy/studyspace/projects/6.5840/src/debug_log/debug_log_round586_20260718_220039.979876719.log
[Round 537] PASS
[Round 587] Starting, log: /home/zaxy/studyspace/projects/6.5840/src/debug_log/debug_log_round587_20260718_220040.206716241.log
[Round 538] PASS
[Round 588] Starting, log: /home/zaxy/studyspace/projects/6.5840/src/debug_log/debug_log_round588_20260718_220040.912783856.log
[Round 539] PASS
[Round 589] Starting, log: /home/zaxy/studyspace/projects/6.5840/src/debug_log/debug_log_round589_20260718_220040.920231936.log
[Round 540] PASS
[Round 590] Starting, log: /home/zaxy/studyspace/projects/6.5840/src/debug_log/debug_log_round590_20260718_220040.926920679.log
[Round 541] PASS
[Round 591] Starting, log: /home/zaxy/studyspace/projects/6.5840/src/debug_log/debug_log_round591_20260718_220040.935725426.log
[Round 542] PASS
[Round 592] Starting, log: /home/zaxy/studyspace/projects/6.5840/src/debug_log/debug_log_round592_20260718_220040.943126643.log
[Round 543] PASS
[Round 593] Starting, log: /home/zaxy/studyspace/projects/6.5840/src/debug_log/debug_log_round593_20260718_220041.089894728.log
[Round 544] PASS
[Round 594] Starting, log: /home/zaxy/studyspace/projects/6.5840/src/debug_log/debug_log_round594_20260718_220042.638049624.log
[Round 545] PASS
[Round 595] Starting, log: /home/zaxy/studyspace/projects/6.5840/src/debug_log/debug_log_round595_20260718_220043.209988570.log
[Round 546] PASS
[Round 596] Starting, log: /home/zaxy/studyspace/projects/6.5840/src/debug_log/debug_log_round596_20260718_220043.217938449.log
[Round 547] PASS
[Round 597] Starting, log: /home/zaxy/studyspace/projects/6.5840/src/debug_log/debug_log_round597_20260718_220043.225609474.log
[Round 548] PASS
[Round 598] Starting, log: /home/zaxy/studyspace/projects/6.5840/src/debug_log/debug_log_round598_20260718_220045.238223121.log
[Round 549] PASS
[Round 599] Starting, log: /home/zaxy/studyspace/projects/6.5840/src/debug_log/debug_log_round599_20260718_220045.245224953.log
[Round 550] PASS
[Round 600] Starting, log: /home/zaxy/studyspace/projects/6.5840/src/debug_log/debug_log_round600_20260718_220045.252592856.log
[Round 551] PASS
[Round 601] Starting, log: /home/zaxy/studyspace/projects/6.5840/src/debug_log/debug_log_round601_20260718_220045.261718078.log
[Round 552] PASS
[Round 602] Starting, log: /home/zaxy/studyspace/projects/6.5840/src/debug_log/debug_log_round602_20260718_220045.572349594.log
[Round 553] PASS
[Round 603] Starting, log: /home/zaxy/studyspace/projects/6.5840/src/debug_log/debug_log_round603_20260718_220045.582758598.log
[Round 554] PASS
[Round 604] Starting, log: /home/zaxy/studyspace/projects/6.5840/src/debug_log/debug_log_round604_20260718_220045.591461949.log
[Round 555] PASS
[Round 605] Starting, log: /home/zaxy/studyspace/projects/6.5840/src/debug_log/debug_log_round605_20260718_220045.606618183.log
[Round 556] PASS
[Round 606] Starting, log: /home/zaxy/studyspace/projects/6.5840/src/debug_log/debug_log_round606_20260718_220045.616243502.log
[Round 557] PASS
[Round 607] Starting, log: /home/zaxy/studyspace/projects/6.5840/src/debug_log/debug_log_round607_20260718_220045.629198053.log
[Round 558] PASS
[Round 608] Starting, log: /home/zaxy/studyspace/projects/6.5840/src/debug_log/debug_log_round608_20260718_220045.636359724.log
[Round 559] PASS
[Round 609] Starting, log: /home/zaxy/studyspace/projects/6.5840/src/debug_log/debug_log_round609_20260718_220045.647518718.log
[Round 560] PASS
[Round 610] Starting, log: /home/zaxy/studyspace/projects/6.5840/src/debug_log/debug_log_round610_20260718_220045.656397919.log
[Round 561] PASS
[Round 611] Starting, log: /home/zaxy/studyspace/projects/6.5840/src/debug_log/debug_log_round611_20260718_220045.989063702.log
[Round 562] PASS
[Round 612] Starting, log: /home/zaxy/studyspace/projects/6.5840/src/debug_log/debug_log_round612_20260718_220046.005130944.log
[Round 563] PASS
[Round 613] Starting, log: /home/zaxy/studyspace/projects/6.5840/src/debug_log/debug_log_round613_20260718_220046.015319493.log
[Round 564] PASS
[Round 614] Starting, log: /home/zaxy/studyspace/projects/6.5840/src/debug_log/debug_log_round614_20260718_220046.028600418.log
[Round 565] PASS
[Round 615] Starting, log: /home/zaxy/studyspace/projects/6.5840/src/debug_log/debug_log_round615_20260718_220046.043781115.log
[Round 566] PASS
[Round 616] Starting, log: /home/zaxy/studyspace/projects/6.5840/src/debug_log/debug_log_round616_20260718_220046.060970680.log
[Round 567] PASS
[Round 617] Starting, log: /home/zaxy/studyspace/projects/6.5840/src/debug_log/debug_log_round617_20260718_220046.677612529.log
[Round 568] PASS
[Round 618] Starting, log: /home/zaxy/studyspace/projects/6.5840/src/debug_log/debug_log_round618_20260718_220046.685139103.log
[Round 569] PASS
[Round 619] Starting, log: /home/zaxy/studyspace/projects/6.5840/src/debug_log/debug_log_round619_20260718_220046.691481202.log
[Round 570] PASS
[Round 620] Starting, log: /home/zaxy/studyspace/projects/6.5840/src/debug_log/debug_log_round620_20260718_220048.334990437.log
[Round 571] PASS
[Round 621] Starting, log: /home/zaxy/studyspace/projects/6.5840/src/debug_log/debug_log_round621_20260718_220049.731228471.log
[Round 572] PASS
[Round 622] Starting, log: /home/zaxy/studyspace/projects/6.5840/src/debug_log/debug_log_round622_20260718_220050.348173951.log
[Round 573] PASS
[Round 623] Starting, log: /home/zaxy/studyspace/projects/6.5840/src/debug_log/debug_log_round623_20260718_220050.357234441.log
[Round 574] PASS
[Round 624] Starting, log: /home/zaxy/studyspace/projects/6.5840/src/debug_log/debug_log_round624_20260718_220050.364680166.log
[Round 575] PASS
[Round 625] Starting, log: /home/zaxy/studyspace/projects/6.5840/src/debug_log/debug_log_round625_20260718_220050.371692550.log
[Round 576] PASS
[Round 626] Starting, log: /home/zaxy/studyspace/projects/6.5840/src/debug_log/debug_log_round626_20260718_220051.367087087.log
[Round 577] PASS
[Round 627] Starting, log: /home/zaxy/studyspace/projects/6.5840/src/debug_log/debug_log_round627_20260718_220051.921684884.log
[Round 578] PASS
[Round 628] Starting, log: /home/zaxy/studyspace/projects/6.5840/src/debug_log/debug_log_round628_20260718_220052.291293349.log
[Round 579] PASS
[Round 629] Starting, log: /home/zaxy/studyspace/projects/6.5840/src/debug_log/debug_log_round629_20260718_220055.148017055.log
[Round 580] PASS
[Round 630] Starting, log: /home/zaxy/studyspace/projects/6.5840/src/debug_log/debug_log_round630_20260718_220055.871081306.log
[Round 581] PASS
[Round 631] Starting, log: /home/zaxy/studyspace/projects/6.5840/src/debug_log/debug_log_round631_20260718_220057.508304787.log
[Round 582] PASS
[Round 632] Starting, log: /home/zaxy/studyspace/projects/6.5840/src/debug_log/debug_log_round632_20260718_220057.516012911.log
[Round 583] PASS
[Round 633] Starting, log: /home/zaxy/studyspace/projects/6.5840/src/debug_log/debug_log_round633_20260718_220057.523550285.log
[Round 584] PASS
[Round 634] Starting, log: /home/zaxy/studyspace/projects/6.5840/src/debug_log/debug_log_round634_20260718_220057.827957196.log
[Round 585] PASS
[Round 635] Starting, log: /home/zaxy/studyspace/projects/6.5840/src/debug_log/debug_log_round635_20260718_220058.759785163.log
[Round 586] PASS
[Round 636] Starting, log: /home/zaxy/studyspace/projects/6.5840/src/debug_log/debug_log_round636_20260718_220058.987321686.log
[Round 587] PASS
[Round 637] Starting, log: /home/zaxy/studyspace/projects/6.5840/src/debug_log/debug_log_round637_20260718_220059.768304799.log
[Round 588] PASS
[Round 638] Starting, log: /home/zaxy/studyspace/projects/6.5840/src/debug_log/debug_log_round638_20260718_220100.307956518.log
[Round 589] PASS
[Round 639] Starting, log: /home/zaxy/studyspace/projects/6.5840/src/debug_log/debug_log_round639_20260718_220100.315795189.log
[Round 590] PASS
[Round 640] Starting, log: /home/zaxy/studyspace/projects/6.5840/src/debug_log/debug_log_round640_20260718_220100.325052799.log
[Round 591] PASS
[Round 641] Starting, log: /home/zaxy/studyspace/projects/6.5840/src/debug_log/debug_log_round641_20260718_220100.333345440.log
[Round 592] PASS
[Round 642] Starting, log: /home/zaxy/studyspace/projects/6.5840/src/debug_log/debug_log_round642_20260718_220100.720105317.log
[Round 593] PASS
[Round 643] Starting, log: /home/zaxy/studyspace/projects/6.5840/src/debug_log/debug_log_round643_20260718_220100.737390076.log
[Round 594] PASS
[Round 644] Starting, log: /home/zaxy/studyspace/projects/6.5840/src/debug_log/debug_log_round644_20260718_220100.757092490.log
[Round 595] PASS
[Round 645] Starting, log: /home/zaxy/studyspace/projects/6.5840/src/debug_log/debug_log_round645_20260718_220101.206267061.log
[Round 596] PASS
[Round 646] Starting, log: /home/zaxy/studyspace/projects/6.5840/src/debug_log/debug_log_round646_20260718_220101.214692559.log
[Round 597] PASS
[Round 647] Starting, log: /home/zaxy/studyspace/projects/6.5840/src/debug_log/debug_log_round647_20260718_220101.840227177.log
[Round 598] PASS
[Round 648] Starting, log: /home/zaxy/studyspace/projects/6.5840/src/debug_log/debug_log_round648_20260718_220102.413957485.log
[Round 599] PASS
[Round 649] Starting, log: /home/zaxy/studyspace/projects/6.5840/src/debug_log/debug_log_round649_20260718_220102.693793288.log
[Round 600] PASS
[Round 650] Starting, log: /home/zaxy/studyspace/projects/6.5840/src/debug_log/debug_log_round650_20260718_220103.138593992.log
[Round 601] PASS
[Round 651] Starting, log: /home/zaxy/studyspace/projects/6.5840/src/debug_log/debug_log_round651_20260718_220103.659898065.log
[Round 602] PASS
[Round 652] Starting, log: /home/zaxy/studyspace/projects/6.5840/src/debug_log/debug_log_round652_20260718_220107.498487082.log
[Round 603] PASS
[Round 653] Starting, log: /home/zaxy/studyspace/projects/6.5840/src/debug_log/debug_log_round653_20260718_220107.505059030.log
[Round 604] PASS
[Round 654] Starting, log: /home/zaxy/studyspace/projects/6.5840/src/debug_log/debug_log_round654_20260718_220107.511420997.log
[Round 605] PASS
[Round 655] Starting, log: /home/zaxy/studyspace/projects/6.5840/src/debug_log/debug_log_round655_20260718_220107.519442891.log
[Round 606] PASS
[Round 656] Starting, log: /home/zaxy/studyspace/projects/6.5840/src/debug_log/debug_log_round656_20260718_220107.525621254.log
[Round 607] PASS
[Round 657] Starting, log: /home/zaxy/studyspace/projects/6.5840/src/debug_log/debug_log_round657_20260718_220107.532637970.log
[Round 608] PASS
[Round 658] Starting, log: /home/zaxy/studyspace/projects/6.5840/src/debug_log/debug_log_round658_20260718_220107.540376661.log
[Round 609] PASS
[Round 659] Starting, log: /home/zaxy/studyspace/projects/6.5840/src/debug_log/debug_log_round659_20260718_220107.549351413.log
[Round 610] PASS
[Round 660] Starting, log: /home/zaxy/studyspace/projects/6.5840/src/debug_log/debug_log_round660_20260718_220107.560470469.log
[Round 611] PASS
[Round 661] Starting, log: /home/zaxy/studyspace/projects/6.5840/src/debug_log/debug_log_round661_20260718_220107.572105035.log
[Round 612] PASS
[Round 662] Starting, log: /home/zaxy/studyspace/projects/6.5840/src/debug_log/debug_log_round662_20260718_220107.581737812.log
[Round 613] PASS
[Round 663] Starting, log: /home/zaxy/studyspace/projects/6.5840/src/debug_log/debug_log_round663_20260718_220107.592838979.log
[Round 614] PASS
[Round 664] Starting, log: /home/zaxy/studyspace/projects/6.5840/src/debug_log/debug_log_round664_20260718_220107.605624473.log
[Round 615] PASS
[Round 665] Starting, log: /home/zaxy/studyspace/projects/6.5840/src/debug_log/debug_log_round665_20260718_220107.621099092.log
[Round 616] PASS
[Round 666] Starting, log: /home/zaxy/studyspace/projects/6.5840/src/debug_log/debug_log_round666_20260718_220107.635875525.log
[Round 617] PASS
[Round 667] Starting, log: /home/zaxy/studyspace/projects/6.5840/src/debug_log/debug_log_round667_20260718_220107.659828516.log
[Round 618] PASS
[Round 668] Starting, log: /home/zaxy/studyspace/projects/6.5840/src/debug_log/debug_log_round668_20260718_220107.674902218.log
[Round 619] PASS
[Round 669] Starting, log: /home/zaxy/studyspace/projects/6.5840/src/debug_log/debug_log_round669_20260718_220107.688482167.log
[Round 620] PASS
[Round 670] Starting, log: /home/zaxy/studyspace/projects/6.5840/src/debug_log/debug_log_round670_20260718_220108.216022165.log
[Round 621] PASS
[Round 671] Starting, log: /home/zaxy/studyspace/projects/6.5840/src/debug_log/debug_log_round671_20260718_220108.253058331.log
[Round 622] PASS
[Round 672] Starting, log: /home/zaxy/studyspace/projects/6.5840/src/debug_log/debug_log_round672_20260718_220109.543174452.log
[Round 623] PASS
[Round 673] Starting, log: /home/zaxy/studyspace/projects/6.5840/src/debug_log/debug_log_round673_20260718_220109.736235540.log
[Round 624] PASS
[Round 674] Starting, log: /home/zaxy/studyspace/projects/6.5840/src/debug_log/debug_log_round674_20260718_220109.743013713.log
[Round 625] PASS
[Round 675] Starting, log: /home/zaxy/studyspace/projects/6.5840/src/debug_log/debug_log_round675_20260718_220109.749966931.log
[Round 626] PASS
[Round 676] Starting, log: /home/zaxy/studyspace/projects/6.5840/src/debug_log/debug_log_round676_20260718_220109.756968954.log
[Round 627] PASS
[Round 677] Starting, log: /home/zaxy/studyspace/projects/6.5840/src/debug_log/debug_log_round677_20260718_220110.394977413.log
[Round 628] PASS
[Round 678] Starting, log: /home/zaxy/studyspace/projects/6.5840/src/debug_log/debug_log_round678_20260718_220110.401454654.log
[Round 629] PASS
[Round 679] Starting, log: /home/zaxy/studyspace/projects/6.5840/src/debug_log/debug_log_round679_20260718_220113.216304720.log
[Round 630] PASS
[Round 680] Starting, log: /home/zaxy/studyspace/projects/6.5840/src/debug_log/debug_log_round680_20260718_220113.347327650.log
[Round 631] PASS
[Round 681] Starting, log: /home/zaxy/studyspace/projects/6.5840/src/debug_log/debug_log_round681_20260718_220117.399806036.log
[Round 632] PASS
[Round 682] Starting, log: /home/zaxy/studyspace/projects/6.5840/src/debug_log/debug_log_round682_20260718_220117.407453133.log
[Round 633] PASS
[Round 683] Starting, log: /home/zaxy/studyspace/projects/6.5840/src/debug_log/debug_log_round683_20260718_220117.415518948.log
[Round 634] PASS
[Round 684] Starting, log: /home/zaxy/studyspace/projects/6.5840/src/debug_log/debug_log_round684_20260718_220117.423483223.log
[Round 635] PASS
[Round 685] Starting, log: /home/zaxy/studyspace/projects/6.5840/src/debug_log/debug_log_round685_20260718_220118.276074371.log
[Round 636] PASS
[Round 686] Starting, log: /home/zaxy/studyspace/projects/6.5840/src/debug_log/debug_log_round686_20260718_220118.282281037.log
[Round 637] PASS
[Round 687] Starting, log: /home/zaxy/studyspace/projects/6.5840/src/debug_log/debug_log_round687_20260718_220118.898455165.log
[Round 638] PASS
[Round 688] Starting, log: /home/zaxy/studyspace/projects/6.5840/src/debug_log/debug_log_round688_20260718_220119.637330063.log
[Round 639] PASS
[Round 689] Starting, log: /home/zaxy/studyspace/projects/6.5840/src/debug_log/debug_log_round689_20260718_220119.644153612.log
[Round 640] PASS
[Round 690] Starting, log: /home/zaxy/studyspace/projects/6.5840/src/debug_log/debug_log_round690_20260718_220119.652409957.log
[Round 641] PASS
[Round 691] Starting, log: /home/zaxy/studyspace/projects/6.5840/src/debug_log/debug_log_round691_20260718_220119.660615817.log
[Round 642] PASS
[Round 692] Starting, log: /home/zaxy/studyspace/projects/6.5840/src/debug_log/debug_log_round692_20260718_220119.669949144.log
[Round 643] PASS
[Round 693] Starting, log: /home/zaxy/studyspace/projects/6.5840/src/debug_log/debug_log_round693_20260718_220119.680814018.log
[Round 644] PASS
[Round 694] Starting, log: /home/zaxy/studyspace/projects/6.5840/src/debug_log/debug_log_round694_20260718_220119.689330053.log
[Round 645] PASS
[Round 695] Starting, log: /home/zaxy/studyspace/projects/6.5840/src/debug_log/debug_log_round695_20260718_220119.697210079.log
[Round 646] PASS
[Round 696] Starting, log: /home/zaxy/studyspace/projects/6.5840/src/debug_log/debug_log_round696_20260718_220119.704412050.log
[Round 647] PASS
[Round 697] Starting, log: /home/zaxy/studyspace/projects/6.5840/src/debug_log/debug_log_round697_20260718_220120.393004974.log
[Round 648] PASS
[Round 698] Starting, log: /home/zaxy/studyspace/projects/6.5840/src/debug_log/debug_log_round698_20260718_220121.495062190.log
[Round 649] PASS
[Round 699] Starting, log: /home/zaxy/studyspace/projects/6.5840/src/debug_log/debug_log_round699_20260718_220121.504317701.log
[Round 650] PASS
[Round 700] Starting, log: /home/zaxy/studyspace/projects/6.5840/src/debug_log/debug_log_round700_20260718_220121.515487824.log
[Round 651] PASS
[Round 701] Starting, log: /home/zaxy/studyspace/projects/6.5840/src/debug_log/debug_log_round701_20260718_220121.992652118.log
[Round 652] PASS
[Round 702] Starting, log: /home/zaxy/studyspace/projects/6.5840/src/debug_log/debug_log_round702_20260718_220127.789097132.log
[Round 653] PASS
[Round 703] Starting, log: /home/zaxy/studyspace/projects/6.5840/src/debug_log/debug_log_round703_20260718_220127.795853333.log
[Round 654] PASS
[Round 704] Starting, log: /home/zaxy/studyspace/projects/6.5840/src/debug_log/debug_log_round704_20260718_220127.803325799.log
[Round 655] PASS
[Round 705] Starting, log: /home/zaxy/studyspace/projects/6.5840/src/debug_log/debug_log_round705_20260718_220127.811482085.log
[Round 656] PASS
[Round 706] Starting, log: /home/zaxy/studyspace/projects/6.5840/src/debug_log/debug_log_round706_20260718_220127.819543060.log
[Round 657] PASS
[Round 707] Starting, log: /home/zaxy/studyspace/projects/6.5840/src/debug_log/debug_log_round707_20260718_220130.961910049.log
[Round 658] PASS
[Round 708] Starting, log: /home/zaxy/studyspace/projects/6.5840/src/debug_log/debug_log_round708_20260718_220130.968035954.log
[Round 659] PASS
[Round 709] Starting, log: /home/zaxy/studyspace/projects/6.5840/src/debug_log/debug_log_round709_20260718_220130.973843332.log
[Round 660] PASS
[Round 710] Starting, log: /home/zaxy/studyspace/projects/6.5840/src/debug_log/debug_log_round710_20260718_220130.980078577.log
[Round 661] PASS
[Round 711] Starting, log: /home/zaxy/studyspace/projects/6.5840/src/debug_log/debug_log_round711_20260718_220130.985956853.log
[Round 662] PASS
[Round 712] Starting, log: /home/zaxy/studyspace/projects/6.5840/src/debug_log/debug_log_round712_20260718_220130.992950865.log
[Round 663] PASS
[Round 713] Starting, log: /home/zaxy/studyspace/projects/6.5840/src/debug_log/debug_log_round713_20260718_220130.999239581.log
[Round 664] PASS
[Round 714] Starting, log: /home/zaxy/studyspace/projects/6.5840/src/debug_log/debug_log_round714_20260718_220131.005475232.log
[Round 665] PASS
[Round 715] Starting, log: /home/zaxy/studyspace/projects/6.5840/src/debug_log/debug_log_round715_20260718_220131.014075555.log
[Round 666] PASS
[Round 716] Starting, log: /home/zaxy/studyspace/projects/6.5840/src/debug_log/debug_log_round716_20260718_220131.023972581.log
[Round 667] PASS
[Round 717] Starting, log: /home/zaxy/studyspace/projects/6.5840/src/debug_log/debug_log_round717_20260718_220131.034365516.log
[Round 668] PASS
[Round 718] Starting, log: /home/zaxy/studyspace/projects/6.5840/src/debug_log/debug_log_round718_20260718_220131.045538045.log
[Round 669] PASS
[Round 719] Starting, log: /home/zaxy/studyspace/projects/6.5840/src/debug_log/debug_log_round719_20260718_220131.062469768.log
[Round 670] PASS
[Round 720] Starting, log: /home/zaxy/studyspace/projects/6.5840/src/debug_log/debug_log_round720_20260718_220131.081679025.log
[Round 671] PASS
[Round 721] Starting, log: /home/zaxy/studyspace/projects/6.5840/src/debug_log/debug_log_round721_20260718_220131.726971278.log
[Round 672] PASS
[Round 722] Starting, log: /home/zaxy/studyspace/projects/6.5840/src/debug_log/debug_log_round722_20260718_220131.737326766.log
[Round 673] PASS
[Round 723] Starting, log: /home/zaxy/studyspace/projects/6.5840/src/debug_log/debug_log_round723_20260718_220131.745282760.log
[Round 674] PASS
[Round 724] Starting, log: /home/zaxy/studyspace/projects/6.5840/src/debug_log/debug_log_round724_20260718_220131.754952904.log
[Round 675] PASS
[Round 725] Starting, log: /home/zaxy/studyspace/projects/6.5840/src/debug_log/debug_log_round725_20260718_220131.765094998.log
[Round 676] PASS
[Round 726] Starting, log: /home/zaxy/studyspace/projects/6.5840/src/debug_log/debug_log_round726_20260718_220131.776065847.log
[Round 677] PASS
[Round 727] Starting, log: /home/zaxy/studyspace/projects/6.5840/src/debug_log/debug_log_round727_20260718_220131.782720785.log
[Round 678] PASS
[Round 728] Starting, log: /home/zaxy/studyspace/projects/6.5840/src/debug_log/debug_log_round728_20260718_220131.790164812.log
[Round 679] PASS
[Round 729] Starting, log: /home/zaxy/studyspace/projects/6.5840/src/debug_log/debug_log_round729_20260718_220131.798487555.log
[Round 680] PASS
[Round 730] Starting, log: /home/zaxy/studyspace/projects/6.5840/src/debug_log/debug_log_round730_20260718_220134.141492846.log
[Round 681] PASS
[Round 731] Starting, log: /home/zaxy/studyspace/projects/6.5840/src/debug_log/debug_log_round731_20260718_220137.520955767.log
[Round 682] PASS
[Round 732] Starting, log: /home/zaxy/studyspace/projects/6.5840/src/debug_log/debug_log_round732_20260718_220137.528796252.log
[Round 683] PASS
[Round 733] Starting, log: /home/zaxy/studyspace/projects/6.5840/src/debug_log/debug_log_round733_20260718_220137.535713699.log
[Round 684] PASS
[Round 734] Starting, log: /home/zaxy/studyspace/projects/6.5840/src/debug_log/debug_log_round734_20260718_220137.544156559.log
[Round 685] PASS
[Round 735] Starting, log: /home/zaxy/studyspace/projects/6.5840/src/debug_log/debug_log_round735_20260718_220137.552819403.log
[Round 686] PASS
[Round 736] Starting, log: /home/zaxy/studyspace/projects/6.5840/src/debug_log/debug_log_round736_20260718_220137.561330548.log
[Round 687] PASS
[Round 737] Starting, log: /home/zaxy/studyspace/projects/6.5840/src/debug_log/debug_log_round737_20260718_220137.570603166.log
[Round 688] PASS
[Round 738] Starting, log: /home/zaxy/studyspace/projects/6.5840/src/debug_log/debug_log_round738_20260718_220138.039184736.log
[Round 689] PASS
[Round 739] Starting, log: /home/zaxy/studyspace/projects/6.5840/src/debug_log/debug_log_round739_20260718_220140.532560010.log
[Round 690] PASS
[Round 740] Starting, log: /home/zaxy/studyspace/projects/6.5840/src/debug_log/debug_log_round740_20260718_220140.538897458.log
[Round 691] PASS
[Round 741] Starting, log: /home/zaxy/studyspace/projects/6.5840/src/debug_log/debug_log_round741_20260718_220140.616365914.log
[Round 692] PASS
[Round 742] Starting, log: /home/zaxy/studyspace/projects/6.5840/src/debug_log/debug_log_round742_20260718_220141.261112152.log
[Round 693] PASS
[Round 743] Starting, log: /home/zaxy/studyspace/projects/6.5840/src/debug_log/debug_log_round743_20260718_220141.269332814.log
[Round 694] PASS
[Round 744] Starting, log: /home/zaxy/studyspace/projects/6.5840/src/debug_log/debug_log_round744_20260718_220141.276259749.log
[Round 695] PASS
[Round 745] Starting, log: /home/zaxy/studyspace/projects/6.5840/src/debug_log/debug_log_round745_20260718_220142.782009607.log
[Round 696] PASS
[Round 746] Starting, log: /home/zaxy/studyspace/projects/6.5840/src/debug_log/debug_log_round746_20260718_220142.788037484.log
[Round 697] PASS
[Round 747] Starting, log: /home/zaxy/studyspace/projects/6.5840/src/debug_log/debug_log_round747_20260718_220142.794601374.log
[Round 698] PASS
[Round 748] Starting, log: /home/zaxy/studyspace/projects/6.5840/src/debug_log/debug_log_round748_20260718_220142.801995355.log
[Round 699] PASS
[Round 749] Starting, log: /home/zaxy/studyspace/projects/6.5840/src/debug_log/debug_log_round749_20260718_220142.809225516.log
[Round 700] PASS
[Round 750] Starting, log: /home/zaxy/studyspace/projects/6.5840/src/debug_log/debug_log_round750_20260718_220142.816504270.log
[Round 701] PASS
[Round 751] Starting, log: /home/zaxy/studyspace/projects/6.5840/src/debug_log/debug_log_round751_20260718_220142.824079336.log
[Round 702] PASS
[Round 752] Starting, log: /home/zaxy/studyspace/projects/6.5840/src/debug_log/debug_log_round752_20260718_220147.437935777.log
[Round 703] PASS
[Round 753] Starting, log: /home/zaxy/studyspace/projects/6.5840/src/debug_log/debug_log_round753_20260718_220148.270010705.log
[Round 704] PASS
[Round 754] Starting, log: /home/zaxy/studyspace/projects/6.5840/src/debug_log/debug_log_round754_20260718_220148.280686744.log
[Round 705] PASS
[Round 755] Starting, log: /home/zaxy/studyspace/projects/6.5840/src/debug_log/debug_log_round755_20260718_220148.292275106.log
[Round 706] PASS
[Round 756] Starting, log: /home/zaxy/studyspace/projects/6.5840/src/debug_log/debug_log_round756_20260718_220148.301471260.log
[Round 707] PASS
[Round 757] Starting, log: /home/zaxy/studyspace/projects/6.5840/src/debug_log/debug_log_round757_20260718_220150.184620515.log
[Round 708] PASS
[Round 758] Starting, log: /home/zaxy/studyspace/projects/6.5840/src/debug_log/debug_log_round758_20260718_220151.288352252.log
[Round 709] PASS
[Round 759] Starting, log: /home/zaxy/studyspace/projects/6.5840/src/debug_log/debug_log_round759_20260718_220153.761813014.log
[Round 710] PASS
[Round 760] Starting, log: /home/zaxy/studyspace/projects/6.5840/src/debug_log/debug_log_round760_20260718_220153.770564287.log
[Round 711] PASS
[Round 761] Starting, log: /home/zaxy/studyspace/projects/6.5840/src/debug_log/debug_log_round761_20260718_220153.782975463.log
[Round 712] PASS
[Round 762] Starting, log: /home/zaxy/studyspace/projects/6.5840/src/debug_log/debug_log_round762_20260718_220153.793542621.log
[Round 713] PASS
[Round 763] Starting, log: /home/zaxy/studyspace/projects/6.5840/src/debug_log/debug_log_round763_20260718_220153.805295282.log
[Round 714] PASS
[Round 764] Starting, log: /home/zaxy/studyspace/projects/6.5840/src/debug_log/debug_log_round764_20260718_220153.815620419.log
[Round 715] PASS
[Round 765] Starting, log: /home/zaxy/studyspace/projects/6.5840/src/debug_log/debug_log_round765_20260718_220153.827366156.log
[Round 716] PASS
[Round 766] Starting, log: /home/zaxy/studyspace/projects/6.5840/src/debug_log/debug_log_round766_20260718_220153.843632015.log
[Round 717] PASS
[Round 767] Starting, log: /home/zaxy/studyspace/projects/6.5840/src/debug_log/debug_log_round767_20260718_220153.931544899.log
[Round 718] PASS
[Round 768] Starting, log: /home/zaxy/studyspace/projects/6.5840/src/debug_log/debug_log_round768_20260718_220153.949416394.log
[Round 719] PASS
[Round 769] Starting, log: /home/zaxy/studyspace/projects/6.5840/src/debug_log/debug_log_round769_20260718_220153.965336379.log
[Round 720] PASS
[Round 770] Starting, log: /home/zaxy/studyspace/projects/6.5840/src/debug_log/debug_log_round770_20260718_220153.981769475.log
[Round 721] PASS
[Round 771] Starting, log: /home/zaxy/studyspace/projects/6.5840/src/debug_log/debug_log_round771_20260718_220154.011573437.log
[Round 722] PASS
[Round 772] Starting, log: /home/zaxy/studyspace/projects/6.5840/src/debug_log/debug_log_round772_20260718_220154.066851291.log
[Round 723] PASS
[Round 773] Starting, log: /home/zaxy/studyspace/projects/6.5840/src/debug_log/debug_log_round773_20260718_220154.847117723.log
[Round 724] PASS
[Round 774] Starting, log: /home/zaxy/studyspace/projects/6.5840/src/debug_log/debug_log_round774_20260718_220154.859021598.log
[Round 725] PASS
[Round 775] Starting, log: /home/zaxy/studyspace/projects/6.5840/src/debug_log/debug_log_round775_20260718_220154.869479818.log
[Round 726] PASS
[Round 776] Starting, log: /home/zaxy/studyspace/projects/6.5840/src/debug_log/debug_log_round776_20260718_220154.878447445.log
[Round 727] PASS
[Round 777] Starting, log: /home/zaxy/studyspace/projects/6.5840/src/debug_log/debug_log_round777_20260718_220154.888488158.log
[Round 728] PASS
[Round 778] Starting, log: /home/zaxy/studyspace/projects/6.5840/src/debug_log/debug_log_round778_20260718_220154.899049719.log
[Round 729] PASS
[Round 779] Starting, log: /home/zaxy/studyspace/projects/6.5840/src/debug_log/debug_log_round779_20260718_220154.910125418.log
[Round 730] PASS
[Round 780] Starting, log: /home/zaxy/studyspace/projects/6.5840/src/debug_log/debug_log_round780_20260718_220154.920513111.log
[Round 731] PASS
[Round 781] Starting, log: /home/zaxy/studyspace/projects/6.5840/src/debug_log/debug_log_round781_20260718_220156.534302988.log
[Round 732] PASS
[Round 782] Starting, log: /home/zaxy/studyspace/projects/6.5840/src/debug_log/debug_log_round782_20260718_220157.055654675.log
[Round 733] PASS
[Round 783] Starting, log: /home/zaxy/studyspace/projects/6.5840/src/debug_log/debug_log_round783_20260718_220158.168146727.log
[Round 734] PASS
[Round 784] Starting, log: /home/zaxy/studyspace/projects/6.5840/src/debug_log/debug_log_round784_20260718_220158.176551936.log
[Round 735] PASS
[Round 785] Starting, log: /home/zaxy/studyspace/projects/6.5840/src/debug_log/debug_log_round785_20260718_220158.182800751.log
[Round 736] PASS
[Round 786] Starting, log: /home/zaxy/studyspace/projects/6.5840/src/debug_log/debug_log_round786_20260718_220158.191713024.log
[Round 737] PASS
[Round 787] Starting, log: /home/zaxy/studyspace/projects/6.5840/src/debug_log/debug_log_round787_20260718_220158.200749949.log
[Round 738] PASS
[Round 788] Starting, log: /home/zaxy/studyspace/projects/6.5840/src/debug_log/debug_log_round788_20260718_220158.209343981.log
[Round 739] PASS
[Round 789] Starting, log: /home/zaxy/studyspace/projects/6.5840/src/debug_log/debug_log_round789_20260718_220159.547605964.log
[Round 740] PASS
[Round 790] Starting, log: /home/zaxy/studyspace/projects/6.5840/src/debug_log/debug_log_round790_20260718_220159.777794325.log
[Round 741] PASS
[Round 791] Starting, log: /home/zaxy/studyspace/projects/6.5840/src/debug_log/debug_log_round791_20260718_220159.787226691.log
[Round 742] PASS
[Round 792] Starting, log: /home/zaxy/studyspace/projects/6.5840/src/debug_log/debug_log_round792_20260718_220159.795465614.log
[Round 743] PASS
[Round 793] Starting, log: /home/zaxy/studyspace/projects/6.5840/src/debug_log/debug_log_round793_20260718_220200.032208498.log
[Round 744] PASS
[Round 794] Starting, log: /home/zaxy/studyspace/projects/6.5840/src/debug_log/debug_log_round794_20260718_220200.736944987.log
[Round 745] PASS
[Round 795] Starting, log: /home/zaxy/studyspace/projects/6.5840/src/debug_log/debug_log_round795_20260718_220203.755104661.log
[Round 746] PASS
[Round 796] Starting, log: /home/zaxy/studyspace/projects/6.5840/src/debug_log/debug_log_round796_20260718_220204.702310200.log
[Round 747] PASS
[Round 797] Starting, log: /home/zaxy/studyspace/projects/6.5840/src/debug_log/debug_log_round797_20260718_220204.710481540.log
[Round 748] PASS
[Round 798] Starting, log: /home/zaxy/studyspace/projects/6.5840/src/debug_log/debug_log_round798_20260718_220204.718375852.log
[Round 749] PASS
[Round 799] Starting, log: /home/zaxy/studyspace/projects/6.5840/src/debug_log/debug_log_round799_20260718_220204.727306816.log
[Round 750] PASS
[Round 800] Starting, log: /home/zaxy/studyspace/projects/6.5840/src/debug_log/debug_log_round800_20260718_220204.737487689.log
[Round 751] PASS
[Round 801] Starting, log: /home/zaxy/studyspace/projects/6.5840/src/debug_log/debug_log_round801_20260718_220204.750322777.log
[Round 752] PASS
[Round 802] Starting, log: /home/zaxy/studyspace/projects/6.5840/src/debug_log/debug_log_round802_20260718_220205.895471110.log
[Round 753] PASS
[Round 803] Starting, log: /home/zaxy/studyspace/projects/6.5840/src/debug_log/debug_log_round803_20260718_220206.028129814.log
[Round 754] PASS
[Round 804] Starting, log: /home/zaxy/studyspace/projects/6.5840/src/debug_log/debug_log_round804_20260718_220206.475278140.log
[Round 755] PASS
[Round 805] Starting, log: /home/zaxy/studyspace/projects/6.5840/src/debug_log/debug_log_round805_20260718_220206.484569458.log
[Round 756] PASS
[Round 806] Starting, log: /home/zaxy/studyspace/projects/6.5840/src/debug_log/debug_log_round806_20260718_220206.493449644.log
[Round 757] PASS
[Round 807] Starting, log: /home/zaxy/studyspace/projects/6.5840/src/debug_log/debug_log_round807_20260718_220208.471705677.log
[Round 758] PASS
[Round 808] Starting, log: /home/zaxy/studyspace/projects/6.5840/src/debug_log/debug_log_round808_20260718_220209.650292193.log
[Round 759] PASS
[Round 809] Starting, log: /home/zaxy/studyspace/projects/6.5840/src/debug_log/debug_log_round809_20260718_220216.894514855.log
[Round 760] PASS
[Round 810] Starting, log: /home/zaxy/studyspace/projects/6.5840/src/debug_log/debug_log_round810_20260718_220216.903947031.log
[Round 761] PASS
[Round 811] Starting, log: /home/zaxy/studyspace/projects/6.5840/src/debug_log/debug_log_round811_20260718_220216.913990889.log
[Round 762] PASS
[Round 812] Starting, log: /home/zaxy/studyspace/projects/6.5840/src/debug_log/debug_log_round812_20260718_220216.921465004.log
[Round 763] PASS
[Round 813] Starting, log: /home/zaxy/studyspace/projects/6.5840/src/debug_log/debug_log_round813_20260718_220216.930165859.log
[Round 764] PASS
[Round 814] Starting, log: /home/zaxy/studyspace/projects/6.5840/src/debug_log/debug_log_round814_20260718_220216.941093597.log
[Round 765] PASS
[Round 815] Starting, log: /home/zaxy/studyspace/projects/6.5840/src/debug_log/debug_log_round815_20260718_220216.949714426.log
[Round 766] PASS
[Round 816] Starting, log: /home/zaxy/studyspace/projects/6.5840/src/debug_log/debug_log_round816_20260718_220216.959345258.log
[Round 767] PASS
[Round 817] Starting, log: /home/zaxy/studyspace/projects/6.5840/src/debug_log/debug_log_round817_20260718_220216.971098231.log
[Round 768] PASS
[Round 818] Starting, log: /home/zaxy/studyspace/projects/6.5840/src/debug_log/debug_log_round818_20260718_220216.980181528.log
[Round 769] PASS
[Round 819] Starting, log: /home/zaxy/studyspace/projects/6.5840/src/debug_log/debug_log_round819_20260718_220216.991885971.log
[Round 770] PASS
[Round 820] Starting, log: /home/zaxy/studyspace/projects/6.5840/src/debug_log/debug_log_round820_20260718_220217.005353772.log
[Round 771] PASS
[Round 821] Starting, log: /home/zaxy/studyspace/projects/6.5840/src/debug_log/debug_log_round821_20260718_220217.018100469.log
[Round 772] PASS
[Round 822] Starting, log: /home/zaxy/studyspace/projects/6.5840/src/debug_log/debug_log_round822_20260718_220217.031883681.log
[Round 773] PASS
[Round 823] Starting, log: /home/zaxy/studyspace/projects/6.5840/src/debug_log/debug_log_round823_20260718_220217.044384628.log
[Round 774] PASS
[Round 824] Starting, log: /home/zaxy/studyspace/projects/6.5840/src/debug_log/debug_log_round824_20260718_220217.057560839.log
[Round 775] PASS
[Round 825] Starting, log: /home/zaxy/studyspace/projects/6.5840/src/debug_log/debug_log_round825_20260718_220217.083051468.log
[Round 776] PASS
[Round 826] Starting, log: /home/zaxy/studyspace/projects/6.5840/src/debug_log/debug_log_round826_20260718_220217.115903612.log
[Round 777] PASS
[Round 827] Starting, log: /home/zaxy/studyspace/projects/6.5840/src/debug_log/debug_log_round827_20260718_220217.145430984.log
[Round 778] PASS
[Round 828] Starting, log: /home/zaxy/studyspace/projects/6.5840/src/debug_log/debug_log_round828_20260718_220217.985577766.log
[Round 779] PASS
[Round 829] Starting, log: /home/zaxy/studyspace/projects/6.5840/src/debug_log/debug_log_round829_20260718_220218.005140680.log
[Round 780] PASS
[Round 830] Starting, log: /home/zaxy/studyspace/projects/6.5840/src/debug_log/debug_log_round830_20260718_220218.023524468.log
[Round 781] PASS
[Round 831] Starting, log: /home/zaxy/studyspace/projects/6.5840/src/debug_log/debug_log_round831_20260718_220218.036507803.log
[Round 782] PASS
[Round 832] Starting, log: /home/zaxy/studyspace/projects/6.5840/src/debug_log/debug_log_round832_20260718_220218.060677626.log
[Round 783] PASS
[Round 833] Starting, log: /home/zaxy/studyspace/projects/6.5840/src/debug_log/debug_log_round833_20260718_220218.397546845.log
[Round 784] PASS
[Round 834] Starting, log: /home/zaxy/studyspace/projects/6.5840/src/debug_log/debug_log_round834_20260718_220218.408664627.log
[Round 785] PASS
[Round 835] Starting, log: /home/zaxy/studyspace/projects/6.5840/src/debug_log/debug_log_round835_20260718_220218.423629254.log
[Round 786] PASS
[Round 836] Starting, log: /home/zaxy/studyspace/projects/6.5840/src/debug_log/debug_log_round836_20260718_220218.450052767.log
[Round 787] PASS
[Round 837] Starting, log: /home/zaxy/studyspace/projects/6.5840/src/debug_log/debug_log_round837_20260718_220218.635435947.log
[Round 788] PASS
[Round 838] Starting, log: /home/zaxy/studyspace/projects/6.5840/src/debug_log/debug_log_round838_20260718_220218.710497187.log
[Round 789] PASS
[Round 839] Starting, log: /home/zaxy/studyspace/projects/6.5840/src/debug_log/debug_log_round839_20260718_220218.996874138.log
[Round 790] PASS
[Round 840] Starting, log: /home/zaxy/studyspace/projects/6.5840/src/debug_log/debug_log_round840_20260718_220219.009098666.log
[Round 791] PASS
[Round 841] Starting, log: /home/zaxy/studyspace/projects/6.5840/src/debug_log/debug_log_round841_20260718_220219.021071120.log
[Round 792] PASS
[Round 842] Starting, log: /home/zaxy/studyspace/projects/6.5840/src/debug_log/debug_log_round842_20260718_220219.033491729.log
[Round 793] PASS
[Round 843] Starting, log: /home/zaxy/studyspace/projects/6.5840/src/debug_log/debug_log_round843_20260718_220219.197088641.log
[Round 794] PASS
[Round 844] Starting, log: /home/zaxy/studyspace/projects/6.5840/src/debug_log/debug_log_round844_20260718_220219.562921469.log
[Round 795] PASS
[Round 845] Starting, log: /home/zaxy/studyspace/projects/6.5840/src/debug_log/debug_log_round845_20260718_220222.369118118.log
[Round 796] PASS
[Round 846] Starting, log: /home/zaxy/studyspace/projects/6.5840/src/debug_log/debug_log_round846_20260718_220224.192581554.log
[Round 797] PASS
[Round 847] Starting, log: /home/zaxy/studyspace/projects/6.5840/src/debug_log/debug_log_round847_20260718_220224.588889049.log
[Round 798] PASS
[Round 848] Starting, log: /home/zaxy/studyspace/projects/6.5840/src/debug_log/debug_log_round848_20260718_220224.629794537.log
[Round 799] PASS
[Round 849] Starting, log: /home/zaxy/studyspace/projects/6.5840/src/debug_log/debug_log_round849_20260718_220224.635865085.log
[Round 800] PASS
[Round 850] Starting, log: /home/zaxy/studyspace/projects/6.5840/src/debug_log/debug_log_round850_20260718_220224.642986948.log
[Round 801] PASS
[Round 851] Starting, log: /home/zaxy/studyspace/projects/6.5840/src/debug_log/debug_log_round851_20260718_220224.651902283.log
[Round 802] PASS
[Round 852] Starting, log: /home/zaxy/studyspace/projects/6.5840/src/debug_log/debug_log_round852_20260718_220225.167330430.log
[Round 803] PASS
[Round 853] Starting, log: /home/zaxy/studyspace/projects/6.5840/src/debug_log/debug_log_round853_20260718_220225.179490319.log
[Round 804] PASS
[Round 854] Starting, log: /home/zaxy/studyspace/projects/6.5840/src/debug_log/debug_log_round854_20260718_220228.041252697.log
[Round 805] PASS
[Round 855] Starting, log: /home/zaxy/studyspace/projects/6.5840/src/debug_log/debug_log_round855_20260718_220228.047648335.log
[Round 806] PASS
[Round 856] Starting, log: /home/zaxy/studyspace/projects/6.5840/src/debug_log/debug_log_round856_20260718_220228.053626522.log
[Round 807] PASS
[Round 857] Starting, log: /home/zaxy/studyspace/projects/6.5840/src/debug_log/debug_log_round857_20260718_220228.187655155.log
[Round 808] PASS
[Round 858] Starting, log: /home/zaxy/studyspace/projects/6.5840/src/debug_log/debug_log_round858_20260718_220228.195740881.log
[Round 809] PASS
[Round 859] Starting, log: /home/zaxy/studyspace/projects/6.5840/src/debug_log/debug_log_round859_20260718_220234.883337069.log
[Round 810] PASS
[Round 860] Starting, log: /home/zaxy/studyspace/projects/6.5840/src/debug_log/debug_log_round860_20260718_220236.491719345.log
[Round 811] PASS
[Round 861] Starting, log: /home/zaxy/studyspace/projects/6.5840/src/debug_log/debug_log_round861_20260718_220239.874418646.log
[Round 812] PASS
[Round 862] Starting, log: /home/zaxy/studyspace/projects/6.5840/src/debug_log/debug_log_round862_20260718_220241.193636039.log
[Round 813] PASS
[Round 863] Starting, log: /home/zaxy/studyspace/projects/6.5840/src/debug_log/debug_log_round863_20260718_220241.201447094.log
[Round 814] PASS
[Round 864] Starting, log: /home/zaxy/studyspace/projects/6.5840/src/debug_log/debug_log_round864_20260718_220241.212187987.log
[Round 815] PASS
[Round 865] Starting, log: /home/zaxy/studyspace/projects/6.5840/src/debug_log/debug_log_round865_20260718_220241.236683505.log
[Round 816] PASS
[Round 866] Starting, log: /home/zaxy/studyspace/projects/6.5840/src/debug_log/debug_log_round866_20260718_220241.246377894.log
[Round 817] PASS
[Round 867] Starting, log: /home/zaxy/studyspace/projects/6.5840/src/debug_log/debug_log_round867_20260718_220241.255974902.log
[Round 818] PASS
[Round 868] Starting, log: /home/zaxy/studyspace/projects/6.5840/src/debug_log/debug_log_round868_20260718_220241.354008684.log
[Round 819] PASS
[Round 869] Starting, log: /home/zaxy/studyspace/projects/6.5840/src/debug_log/debug_log_round869_20260718_220241.370708792.log
[Round 820] PASS
[Round 870] Starting, log: /home/zaxy/studyspace/projects/6.5840/src/debug_log/debug_log_round870_20260718_220241.391986046.log
[Round 821] PASS
[Round 871] Starting, log: /home/zaxy/studyspace/projects/6.5840/src/debug_log/debug_log_round871_20260718_220241.409686355.log
[Round 822] PASS
[Round 872] Starting, log: /home/zaxy/studyspace/projects/6.5840/src/debug_log/debug_log_round872_20260718_220241.425307518.log
[Round 823] PASS
[Round 873] Starting, log: /home/zaxy/studyspace/projects/6.5840/src/debug_log/debug_log_round873_20260718_220241.465652401.log
[Round 824] PASS
[Round 874] Starting, log: /home/zaxy/studyspace/projects/6.5840/src/debug_log/debug_log_round874_20260718_220241.554229380.log
[Round 825] PASS
[Round 875] Starting, log: /home/zaxy/studyspace/projects/6.5840/src/debug_log/debug_log_round875_20260718_220241.606374149.log
[Round 826] PASS
[Round 876] Starting, log: /home/zaxy/studyspace/projects/6.5840/src/debug_log/debug_log_round876_20260718_220241.628991828.log
[Round 827] PASS
[Round 877] Starting, log: /home/zaxy/studyspace/projects/6.5840/src/debug_log/debug_log_round877_20260718_220241.656748999.log
[Round 828] PASS
[Round 878] Starting, log: /home/zaxy/studyspace/projects/6.5840/src/debug_log/debug_log_round878_20260718_220241.671235831.log
[Round 829] PASS
[Round 879] Starting, log: /home/zaxy/studyspace/projects/6.5840/src/debug_log/debug_log_round879_20260718_220241.689525059.log
[Round 830] PASS
[Round 880] Starting, log: /home/zaxy/studyspace/projects/6.5840/src/debug_log/debug_log_round880_20260718_220242.117211045.log
[Round 831] PASS
[Round 881] Starting, log: /home/zaxy/studyspace/projects/6.5840/src/debug_log/debug_log_round881_20260718_220242.327320613.log
[Round 832] PASS
[Round 882] Starting, log: /home/zaxy/studyspace/projects/6.5840/src/debug_log/debug_log_round882_20260718_220242.348384398.log
[Round 833] PASS
[Round 883] Starting, log: /home/zaxy/studyspace/projects/6.5840/src/debug_log/debug_log_round883_20260718_220242.367524609.log
[Round 834] PASS
[Round 884] Starting, log: /home/zaxy/studyspace/projects/6.5840/src/debug_log/debug_log_round884_20260718_220242.395065294.log
[Round 835] PASS
[Round 885] Starting, log: /home/zaxy/studyspace/projects/6.5840/src/debug_log/debug_log_round885_20260718_220242.468555339.log
[Round 836] PASS
[Round 886] Starting, log: /home/zaxy/studyspace/projects/6.5840/src/debug_log/debug_log_round886_20260718_220242.482710029.log
[Round 837] PASS
[Round 887] Starting, log: /home/zaxy/studyspace/projects/6.5840/src/debug_log/debug_log_round887_20260718_220242.494516388.log
[Round 838] PASS
[Round 888] Starting, log: /home/zaxy/studyspace/projects/6.5840/src/debug_log/debug_log_round888_20260718_220242.516743439.log
[Round 839] PASS
[Round 889] Starting, log: /home/zaxy/studyspace/projects/6.5840/src/debug_log/debug_log_round889_20260718_220242.539781553.log
[Round 840] PASS
[Round 890] Starting, log: /home/zaxy/studyspace/projects/6.5840/src/debug_log/debug_log_round890_20260718_220242.564599113.log
[Round 841] PASS
[Round 891] Starting, log: /home/zaxy/studyspace/projects/6.5840/src/debug_log/debug_log_round891_20260718_220242.596000328.log
[Round 842] PASS
[Round 892] Starting, log: /home/zaxy/studyspace/projects/6.5840/src/debug_log/debug_log_round892_20260718_220242.616646591.log
[Round 843] PASS
[Round 893] Starting, log: /home/zaxy/studyspace/projects/6.5840/src/debug_log/debug_log_round893_20260718_220242.641514596.log
[Round 844] PASS
[Round 894] Starting, log: /home/zaxy/studyspace/projects/6.5840/src/debug_log/debug_log_round894_20260718_220242.663346408.log
[Round 845] PASS
[Round 895] Starting, log: /home/zaxy/studyspace/projects/6.5840/src/debug_log/debug_log_round895_20260718_220242.906180016.log
[Round 846] PASS
[Round 896] Starting, log: /home/zaxy/studyspace/projects/6.5840/src/debug_log/debug_log_round896_20260718_220242.918190009.log
[Round 847] PASS
[Round 897] Starting, log: /home/zaxy/studyspace/projects/6.5840/src/debug_log/debug_log_round897_20260718_220244.606632241.log
[Round 848] PASS
[Round 898] Starting, log: /home/zaxy/studyspace/projects/6.5840/src/debug_log/debug_log_round898_20260718_220245.226821626.log
[Round 849] PASS
[Round 899] Starting, log: /home/zaxy/studyspace/projects/6.5840/src/debug_log/debug_log_round899_20260718_220245.234132060.log
[Round 850] PASS
[Round 900] Starting, log: /home/zaxy/studyspace/projects/6.5840/src/debug_log/debug_log_round900_20260718_220245.240440259.log
[Round 851] PASS
[Round 901] Starting, log: /home/zaxy/studyspace/projects/6.5840/src/debug_log/debug_log_round901_20260718_220245.247453016.log
[Round 852] PASS
[Round 902] Starting, log: /home/zaxy/studyspace/projects/6.5840/src/debug_log/debug_log_round902_20260718_220245.254201486.log
[Round 853] PASS
[Round 903] Starting, log: /home/zaxy/studyspace/projects/6.5840/src/debug_log/debug_log_round903_20260718_220245.261368797.log
[Round 854] PASS
[Round 904] Starting, log: /home/zaxy/studyspace/projects/6.5840/src/debug_log/debug_log_round904_20260718_220247.888505704.log
[Round 855] PASS
[Round 905] Starting, log: /home/zaxy/studyspace/projects/6.5840/src/debug_log/debug_log_round905_20260718_220248.117123396.log
[Round 856] PASS
[Round 906] Starting, log: /home/zaxy/studyspace/projects/6.5840/src/debug_log/debug_log_round906_20260718_220248.124294975.log
[Round 857] PASS
[Round 907] Starting, log: /home/zaxy/studyspace/projects/6.5840/src/debug_log/debug_log_round907_20260718_220248.131688592.log
[Round 858] PASS
[Round 908] Starting, log: /home/zaxy/studyspace/projects/6.5840/src/debug_log/debug_log_round908_20260718_220248.141665011.log
[Round 859] PASS
[Round 909] Starting, log: /home/zaxy/studyspace/projects/6.5840/src/debug_log/debug_log_round909_20260718_220253.644819694.log
[Round 860] PASS
[Round 910] Starting, log: /home/zaxy/studyspace/projects/6.5840/src/debug_log/debug_log_round910_20260718_220254.598510561.log
[Round 861] PASS
[Round 911] Starting, log: /home/zaxy/studyspace/projects/6.5840/src/debug_log/debug_log_round911_20260718_220258.121825744.log
[Round 862] PASS
[Round 912] Starting, log: /home/zaxy/studyspace/projects/6.5840/src/debug_log/debug_log_round912_20260718_220259.572594250.log
[Round 863] PASS
[Round 913] Starting, log: /home/zaxy/studyspace/projects/6.5840/src/debug_log/debug_log_round913_20260718_220305.526529295.log
[Round 864] PASS
[Round 914] Starting, log: /home/zaxy/studyspace/projects/6.5840/src/debug_log/debug_log_round914_20260718_220305.533237148.log
[Round 865] PASS
[Round 915] Starting, log: /home/zaxy/studyspace/projects/6.5840/src/debug_log/debug_log_round915_20260718_220305.539435413.log
[Round 866] PASS
[Round 916] Starting, log: /home/zaxy/studyspace/projects/6.5840/src/debug_log/debug_log_round916_20260718_220305.746932060.log
[Round 867] PASS
[Round 917] Starting, log: /home/zaxy/studyspace/projects/6.5840/src/debug_log/debug_log_round917_20260718_220305.753748625.log
[Round 868] PASS
[Round 918] Starting, log: /home/zaxy/studyspace/projects/6.5840/src/debug_log/debug_log_round918_20260718_220305.763720502.log
[Round 869] PASS
[Round 919] Starting, log: /home/zaxy/studyspace/projects/6.5840/src/debug_log/debug_log_round919_20260718_220305.773055037.log
[Round 870] PASS
[Round 920] Starting, log: /home/zaxy/studyspace/projects/6.5840/src/debug_log/debug_log_round920_20260718_220305.783927740.log
[Round 871] PASS
[Round 921] Starting, log: /home/zaxy/studyspace/projects/6.5840/src/debug_log/debug_log_round921_20260718_220305.803589156.log
[Round 872] PASS
[Round 922] Starting, log: /home/zaxy/studyspace/projects/6.5840/src/debug_log/debug_log_round922_20260718_220305.821472668.log
[Round 873] PASS
[Round 923] Starting, log: /home/zaxy/studyspace/projects/6.5840/src/debug_log/debug_log_round923_20260718_220305.832429031.log
[Round 874] PASS
[Round 924] Starting, log: /home/zaxy/studyspace/projects/6.5840/src/debug_log/debug_log_round924_20260718_220305.850218177.log
[Round 875] PASS
[Round 925] Starting, log: /home/zaxy/studyspace/projects/6.5840/src/debug_log/debug_log_round925_20260718_220305.863854394.log
[Round 876] PASS
[Round 926] Starting, log: /home/zaxy/studyspace/projects/6.5840/src/debug_log/debug_log_round926_20260718_220305.883351431.log
[Round 877] PASS
[Round 927] Starting, log: /home/zaxy/studyspace/projects/6.5840/src/debug_log/debug_log_round927_20260718_220305.903496322.log
[Round 878] PASS
[Round 928] Starting, log: /home/zaxy/studyspace/projects/6.5840/src/debug_log/debug_log_round928_20260718_220305.934198490.log
[Round 879] PASS
[Round 929] Starting, log: /home/zaxy/studyspace/projects/6.5840/src/debug_log/debug_log_round929_20260718_220305.972756734.log
[Round 880] PASS
[Round 930] Starting, log: /home/zaxy/studyspace/projects/6.5840/src/debug_log/debug_log_round930_20260718_220306.010668600.log
[Round 881] PASS
[Round 931] Starting, log: /home/zaxy/studyspace/projects/6.5840/src/debug_log/debug_log_round931_20260718_220306.027994222.log
[Round 882] PASS
[Round 932] Starting, log: /home/zaxy/studyspace/projects/6.5840/src/debug_log/debug_log_round932_20260718_220306.070941155.log
[Round 883] PASS
[Round 933] Starting, log: /home/zaxy/studyspace/projects/6.5840/src/debug_log/debug_log_round933_20260718_220306.112446010.log
[Round 884] PASS
[Round 934] Starting, log: /home/zaxy/studyspace/projects/6.5840/src/debug_log/debug_log_round934_20260718_220306.138348342.log
[Round 885] PASS
[Round 935] Starting, log: /home/zaxy/studyspace/projects/6.5840/src/debug_log/debug_log_round935_20260718_220306.183640994.log
[Round 886] PASS
[Round 936] Starting, log: /home/zaxy/studyspace/projects/6.5840/src/debug_log/debug_log_round936_20260718_220306.228362129.log
[Round 887] PASS
[Round 937] Starting, log: /home/zaxy/studyspace/projects/6.5840/src/debug_log/debug_log_round937_20260718_220306.275334628.log
[Round 888] PASS
[Round 938] Starting, log: /home/zaxy/studyspace/projects/6.5840/src/debug_log/debug_log_round938_20260718_220306.318641041.log
[Round 889] PASS
[Round 939] Starting, log: /home/zaxy/studyspace/projects/6.5840/src/debug_log/debug_log_round939_20260718_220306.340944461.log
[Round 890] PASS
[Round 940] Starting, log: /home/zaxy/studyspace/projects/6.5840/src/debug_log/debug_log_round940_20260718_220306.380727295.log
[Round 891] PASS
[Round 941] Starting, log: /home/zaxy/studyspace/projects/6.5840/src/debug_log/debug_log_round941_20260718_220306.469601978.log
[Round 892] PASS
[Round 942] Starting, log: /home/zaxy/studyspace/projects/6.5840/src/debug_log/debug_log_round942_20260718_220306.501371766.log
[Round 893] PASS
[Round 943] Starting, log: /home/zaxy/studyspace/projects/6.5840/src/debug_log/debug_log_round943_20260718_220306.524423840.log
[Round 894] PASS
[Round 944] Starting, log: /home/zaxy/studyspace/projects/6.5840/src/debug_log/debug_log_round944_20260718_220306.579684345.log
[Round 895] PASS
[Round 945] Starting, log: /home/zaxy/studyspace/projects/6.5840/src/debug_log/debug_log_round945_20260718_220306.617240268.log
[Round 896] PASS
[Round 946] Starting, log: /home/zaxy/studyspace/projects/6.5840/src/debug_log/debug_log_round946_20260718_220306.638369875.log
[Round 897] PASS
[Round 947] Starting, log: /home/zaxy/studyspace/projects/6.5840/src/debug_log/debug_log_round947_20260718_220306.655446759.log
[Round 898] PASS
[Round 948] Starting, log: /home/zaxy/studyspace/projects/6.5840/src/debug_log/debug_log_round948_20260718_220306.672880110.log
[Round 899] PASS
[Round 949] Starting, log: /home/zaxy/studyspace/projects/6.5840/src/debug_log/debug_log_round949_20260718_220307.287311281.log
[Round 900] PASS
[Round 950] Starting, log: /home/zaxy/studyspace/projects/6.5840/src/debug_log/debug_log_round950_20260718_220307.341950099.log
[Round 901] PASS
[Round 951] Starting, log: /home/zaxy/studyspace/projects/6.5840/src/debug_log/debug_log_round951_20260718_220307.396002817.log
[Round 902] PASS
[Round 952] Starting, log: /home/zaxy/studyspace/projects/6.5840/src/debug_log/debug_log_round952_20260718_220307.454777315.log
[Round 903] PASS
[Round 953] Starting, log: /home/zaxy/studyspace/projects/6.5840/src/debug_log/debug_log_round953_20260718_220307.511360132.log
[Round 904] PASS
[Round 954] Starting, log: /home/zaxy/studyspace/projects/6.5840/src/debug_log/debug_log_round954_20260718_220307.550079137.log
[Round 905] PASS
[Round 955] Starting, log: /home/zaxy/studyspace/projects/6.5840/src/debug_log/debug_log_round955_20260718_220307.586481277.log
[Round 906] PASS
[Round 956] Starting, log: /home/zaxy/studyspace/projects/6.5840/src/debug_log/debug_log_round956_20260718_220307.662491402.log
[Round 907] PASS
[Round 957] Starting, log: /home/zaxy/studyspace/projects/6.5840/src/debug_log/debug_log_round957_20260718_220307.718105856.log
[Round 908] PASS
[Round 958] Starting, log: /home/zaxy/studyspace/projects/6.5840/src/debug_log/debug_log_round958_20260718_220307.791543740.log
[Round 909] PASS
[Round 959] Starting, log: /home/zaxy/studyspace/projects/6.5840/src/debug_log/debug_log_round959_20260718_220312.922927338.log
[Round 910] PASS
[Round 960] Starting, log: /home/zaxy/studyspace/projects/6.5840/src/debug_log/debug_log_round960_20260718_220314.271114867.log
[Round 911] PASS
[Round 961] Starting, log: /home/zaxy/studyspace/projects/6.5840/src/debug_log/debug_log_round961_20260718_220317.642657371.log
[Round 912] PASS
[Round 962] Starting, log: /home/zaxy/studyspace/projects/6.5840/src/debug_log/debug_log_round962_20260718_220318.108086383.log
[Round 913] PASS
[Round 963] Starting, log: /home/zaxy/studyspace/projects/6.5840/src/debug_log/debug_log_round963_20260718_220323.629958090.log
[Round 914] PASS
[Round 964] Starting, log: /home/zaxy/studyspace/projects/6.5840/src/debug_log/debug_log_round964_20260718_220324.094785186.log
[Round 915] PASS
[Round 965] Starting, log: /home/zaxy/studyspace/projects/6.5840/src/debug_log/debug_log_round965_20260718_220324.313228809.log
[Round 916] PASS
[Round 966] Starting, log: /home/zaxy/studyspace/projects/6.5840/src/debug_log/debug_log_round966_20260718_220325.365406609.log
[Round 917] PASS
[Round 967] Starting, log: /home/zaxy/studyspace/projects/6.5840/src/debug_log/debug_log_round967_20260718_220325.379731314.log
[Round 918] PASS
[Round 968] Starting, log: /home/zaxy/studyspace/projects/6.5840/src/debug_log/debug_log_round968_20260718_220327.636187397.log
[Round 919] PASS
[Round 969] Starting, log: /home/zaxy/studyspace/projects/6.5840/src/debug_log/debug_log_round969_20260718_220327.644437827.log
[Round 920] PASS
[Round 970] Starting, log: /home/zaxy/studyspace/projects/6.5840/src/debug_log/debug_log_round970_20260718_220327.652983217.log
[Round 921] PASS
[Round 971] Starting, log: /home/zaxy/studyspace/projects/6.5840/src/debug_log/debug_log_round971_20260718_220327.662325361.log
[Round 922] PASS
[Round 972] Starting, log: /home/zaxy/studyspace/projects/6.5840/src/debug_log/debug_log_round972_20260718_220328.855843209.log
[Round 923] PASS
[Round 973] Starting, log: /home/zaxy/studyspace/projects/6.5840/src/debug_log/debug_log_round973_20260718_220328.864899389.log
[Round 924] PASS
[Round 974] Starting, log: /home/zaxy/studyspace/projects/6.5840/src/debug_log/debug_log_round974_20260718_220328.874528980.log
[Round 925] PASS
[Round 975] Starting, log: /home/zaxy/studyspace/projects/6.5840/src/debug_log/debug_log_round975_20260718_220328.884071731.log
[Round 926] PASS
[Round 976] Starting, log: /home/zaxy/studyspace/projects/6.5840/src/debug_log/debug_log_round976_20260718_220328.894452205.log
[Round 927] PASS
[Round 977] Starting, log: /home/zaxy/studyspace/projects/6.5840/src/debug_log/debug_log_round977_20260718_220328.901470292.log
[Round 928] PASS
[Round 978] Starting, log: /home/zaxy/studyspace/projects/6.5840/src/debug_log/debug_log_round978_20260718_220328.915082433.log
[Round 929] PASS
[Round 979] Starting, log: /home/zaxy/studyspace/projects/6.5840/src/debug_log/debug_log_round979_20260718_220328.925123800.log
[Round 930] PASS
[Round 980] Starting, log: /home/zaxy/studyspace/projects/6.5840/src/debug_log/debug_log_round980_20260718_220328.939222140.log
[Round 931] PASS
[Round 981] Starting, log: /home/zaxy/studyspace/projects/6.5840/src/debug_log/debug_log_round981_20260718_220328.960029753.log
[Round 932] PASS
[Round 982] Starting, log: /home/zaxy/studyspace/projects/6.5840/src/debug_log/debug_log_round982_20260718_220329.304122384.log
[Round 933] PASS
[Round 983] Starting, log: /home/zaxy/studyspace/projects/6.5840/src/debug_log/debug_log_round983_20260718_220329.880734333.log
[Round 934] PASS
[Round 984] Starting, log: /home/zaxy/studyspace/projects/6.5840/src/debug_log/debug_log_round984_20260718_220329.890464425.log
[Round 935] PASS
[Round 985] Starting, log: /home/zaxy/studyspace/projects/6.5840/src/debug_log/debug_log_round985_20260718_220330.511101804.log
[Round 936] PASS
[Round 986] Starting, log: /home/zaxy/studyspace/projects/6.5840/src/debug_log/debug_log_round986_20260718_220330.518566038.log
[Round 937] PASS
[Round 987] Starting, log: /home/zaxy/studyspace/projects/6.5840/src/debug_log/debug_log_round987_20260718_220330.930039286.log
[Round 938] PASS
[Round 988] Starting, log: /home/zaxy/studyspace/projects/6.5840/src/debug_log/debug_log_round988_20260718_220331.287324204.log
[Round 939] PASS
[Round 989] Starting, log: /home/zaxy/studyspace/projects/6.5840/src/debug_log/debug_log_round989_20260718_220331.293831039.log
[Round 940] PASS
[Round 990] Starting, log: /home/zaxy/studyspace/projects/6.5840/src/debug_log/debug_log_round990_20260718_220331.300021936.log
[Round 941] PASS
[Round 991] Starting, log: /home/zaxy/studyspace/projects/6.5840/src/debug_log/debug_log_round991_20260718_220331.307346425.log
[Round 942] PASS
[Round 992] Starting, log: /home/zaxy/studyspace/projects/6.5840/src/debug_log/debug_log_round992_20260718_220331.313625158.log
[Round 943] PASS
[Round 993] Starting, log: /home/zaxy/studyspace/projects/6.5840/src/debug_log/debug_log_round993_20260718_220331.321107212.log
[Round 944] PASS
[Round 994] Starting, log: /home/zaxy/studyspace/projects/6.5840/src/debug_log/debug_log_round994_20260718_220331.328699857.log
[Round 945] PASS
[Round 995] Starting, log: /home/zaxy/studyspace/projects/6.5840/src/debug_log/debug_log_round995_20260718_220331.335501238.log
[Round 946] PASS
[Round 996] Starting, log: /home/zaxy/studyspace/projects/6.5840/src/debug_log/debug_log_round996_20260718_220331.343658119.log
[Round 947] PASS
[Round 997] Starting, log: /home/zaxy/studyspace/projects/6.5840/src/debug_log/debug_log_round997_20260718_220331.352973603.log
[Round 948] PASS
[Round 998] Starting, log: /home/zaxy/studyspace/projects/6.5840/src/debug_log/debug_log_round998_20260718_220331.362347248.log
[Round 949] PASS
[Round 999] Starting, log: /home/zaxy/studyspace/projects/6.5840/src/debug_log/debug_log_round999_20260718_220331.377278499.log
[Round 950] PASS
[Round 1000] Starting, log: /home/zaxy/studyspace/projects/6.5840/src/debug_log/debug_log_round1000_20260718_220331.393104671.log
[Round 951] PASS
[Round 952] PASS
[Round 953] PASS
[Round 954] PASS
[Round 955] PASS
[Round 956] PASS
[Round 957] PASS
[Round 958] PASS
[Round 959] PASS
[Round 960] PASS
[Round 961] PASS
[Round 962] PASS
[Round 963] PASS
[Round 964] PASS
[Round 965] PASS
[Round 966] PASS
[Round 967] PASS
[Round 968] PASS
[Round 969] PASS
[Round 970] PASS
[Round 971] PASS
[Round 972] PASS
[Round 973] PASS
[Round 974] PASS
[Round 975] PASS
[Round 976] PASS
[Round 977] PASS
[Round 978] PASS
[Round 979] PASS
[Round 980] PASS
[Round 981] PASS
[Round 982] PASS
[Round 983] PASS
[Round 984] PASS
[Round 985] PASS
[Round 986] PASS
[Round 987] PASS
[Round 988] PASS
[Round 989] PASS
[Round 990] PASS
[Round 991] PASS
[Round 992] PASS
[Round 993] PASS
[Round 994] PASS
[Round 995] PASS
[Round 996] PASS
[Round 997] PASS
[Round 998] PASS
[Round 999] PASS
[Round 1000] PASS

All test rounds finished. Removing logs from passed rounds...
Removed passed log: /home/zaxy/studyspace/projects/6.5840/src/debug_log/debug_log_round1_20260718_215639.628800044.log
Removed passed log: /home/zaxy/studyspace/projects/6.5840/src/debug_log/debug_log_round2_20260718_215639.629878353.log
Removed passed log: /home/zaxy/studyspace/projects/6.5840/src/debug_log/debug_log_round3_20260718_215639.630815825.log
Removed passed log: /home/zaxy/studyspace/projects/6.5840/src/debug_log/debug_log_round4_20260718_215639.631776671.log
Removed passed log: /home/zaxy/studyspace/projects/6.5840/src/debug_log/debug_log_round5_20260718_215639.632711728.log
Removed passed log: /home/zaxy/studyspace/projects/6.5840/src/debug_log/debug_log_round6_20260718_215639.633638583.log
Removed passed log: /home/zaxy/studyspace/projects/6.5840/src/debug_log/debug_log_round7_20260718_215639.634495334.log
Removed passed log: /home/zaxy/studyspace/projects/6.5840/src/debug_log/debug_log_round8_20260718_215639.635671168.log
Removed passed log: /home/zaxy/studyspace/projects/6.5840/src/debug_log/debug_log_round9_20260718_215639.636642259.log
Removed passed log: /home/zaxy/studyspace/projects/6.5840/src/debug_log/debug_log_round10_20260718_215639.637609592.log
Removed passed log: /home/zaxy/studyspace/projects/6.5840/src/debug_log/debug_log_round11_20260718_215639.638632912.log
Removed passed log: /home/zaxy/studyspace/projects/6.5840/src/debug_log/debug_log_round12_20260718_215639.639581054.log
Removed passed log: /home/zaxy/studyspace/projects/6.5840/src/debug_log/debug_log_round13_20260718_215639.640819117.log
Removed passed log: /home/zaxy/studyspace/projects/6.5840/src/debug_log/debug_log_round14_20260718_215639.642042813.log
Removed passed log: /home/zaxy/studyspace/projects/6.5840/src/debug_log/debug_log_round15_20260718_215639.643130941.log
Removed passed log: /home/zaxy/studyspace/projects/6.5840/src/debug_log/debug_log_round16_20260718_215639.644486948.log
Removed passed log: /home/zaxy/studyspace/projects/6.5840/src/debug_log/debug_log_round17_20260718_215639.645799698.log
Removed passed log: /home/zaxy/studyspace/projects/6.5840/src/debug_log/debug_log_round18_20260718_215639.647173397.log
Removed passed log: /home/zaxy/studyspace/projects/6.5840/src/debug_log/debug_log_round19_20260718_215639.648649538.log
Removed passed log: /home/zaxy/studyspace/projects/6.5840/src/debug_log/debug_log_round20_20260718_215639.649802540.log
Removed passed log: /home/zaxy/studyspace/projects/6.5840/src/debug_log/debug_log_round21_20260718_215639.651162233.log
Removed passed log: /home/zaxy/studyspace/projects/6.5840/src/debug_log/debug_log_round22_20260718_215639.652301163.log
Removed passed log: /home/zaxy/studyspace/projects/6.5840/src/debug_log/debug_log_round23_20260718_215639.653444785.log
Removed passed log: /home/zaxy/studyspace/projects/6.5840/src/debug_log/debug_log_round24_20260718_215639.654726247.log
Removed passed log: /home/zaxy/studyspace/projects/6.5840/src/debug_log/debug_log_round25_20260718_215639.655748765.log
Removed passed log: /home/zaxy/studyspace/projects/6.5840/src/debug_log/debug_log_round26_20260718_215639.656805218.log
Removed passed log: /home/zaxy/studyspace/projects/6.5840/src/debug_log/debug_log_round27_20260718_215639.658056370.log
Removed passed log: /home/zaxy/studyspace/projects/6.5840/src/debug_log/debug_log_round28_20260718_215639.659208201.log
Removed passed log: /home/zaxy/studyspace/projects/6.5840/src/debug_log/debug_log_round29_20260718_215639.660565485.log
Removed passed log: /home/zaxy/studyspace/projects/6.5840/src/debug_log/debug_log_round30_20260718_215639.661744676.log
Removed passed log: /home/zaxy/studyspace/projects/6.5840/src/debug_log/debug_log_round31_20260718_215639.662940098.log
Removed passed log: /home/zaxy/studyspace/projects/6.5840/src/debug_log/debug_log_round32_20260718_215639.664026042.log
Removed passed log: /home/zaxy/studyspace/projects/6.5840/src/debug_log/debug_log_round33_20260718_215639.665208194.log
Removed passed log: /home/zaxy/studyspace/projects/6.5840/src/debug_log/debug_log_round34_20260718_215639.666432721.log
Removed passed log: /home/zaxy/studyspace/projects/6.5840/src/debug_log/debug_log_round35_20260718_215639.667830653.log
Removed passed log: /home/zaxy/studyspace/projects/6.5840/src/debug_log/debug_log_round36_20260718_215639.669025424.log
Removed passed log: /home/zaxy/studyspace/projects/6.5840/src/debug_log/debug_log_round37_20260718_215639.670291289.log
Removed passed log: /home/zaxy/studyspace/projects/6.5840/src/debug_log/debug_log_round38_20260718_215639.671512060.log
Removed passed log: /home/zaxy/studyspace/projects/6.5840/src/debug_log/debug_log_round39_20260718_215639.672769966.log
Removed passed log: /home/zaxy/studyspace/projects/6.5840/src/debug_log/debug_log_round40_20260718_215639.674017482.log
Removed passed log: /home/zaxy/studyspace/projects/6.5840/src/debug_log/debug_log_round41_20260718_215639.675035687.log
Removed passed log: /home/zaxy/studyspace/projects/6.5840/src/debug_log/debug_log_round42_20260718_215639.676167122.log
Removed passed log: /home/zaxy/studyspace/projects/6.5840/src/debug_log/debug_log_round43_20260718_215639.677395876.log
Removed passed log: /home/zaxy/studyspace/projects/6.5840/src/debug_log/debug_log_round44_20260718_215639.679991133.log
Removed passed log: /home/zaxy/studyspace/projects/6.5840/src/debug_log/debug_log_round45_20260718_215639.681286435.log
Removed passed log: /home/zaxy/studyspace/projects/6.5840/src/debug_log/debug_log_round46_20260718_215639.686141763.log
Removed passed log: /home/zaxy/studyspace/projects/6.5840/src/debug_log/debug_log_round47_20260718_215639.687680007.log
Removed passed log: /home/zaxy/studyspace/projects/6.5840/src/debug_log/debug_log_round48_20260718_215639.690843522.log
Removed passed log: /home/zaxy/studyspace/projects/6.5840/src/debug_log/debug_log_round49_20260718_215639.702971139.log
Removed passed log: /home/zaxy/studyspace/projects/6.5840/src/debug_log/debug_log_round50_20260718_215639.714441763.log
Removed passed log: /home/zaxy/studyspace/projects/6.5840/src/debug_log/debug_log_round51_20260718_215706.553284930.log
Removed passed log: /home/zaxy/studyspace/projects/6.5840/src/debug_log/debug_log_round52_20260718_215706.559183176.log
Removed passed log: /home/zaxy/studyspace/projects/6.5840/src/debug_log/debug_log_round53_20260718_215706.564843209.log
Removed passed log: /home/zaxy/studyspace/projects/6.5840/src/debug_log/debug_log_round54_20260718_215706.571908201.log
Removed passed log: /home/zaxy/studyspace/projects/6.5840/src/debug_log/debug_log_round55_20260718_215707.269392297.log
Removed passed log: /home/zaxy/studyspace/projects/6.5840/src/debug_log/debug_log_round56_20260718_215707.274958006.log
Removed passed log: /home/zaxy/studyspace/projects/6.5840/src/debug_log/debug_log_round57_20260718_215707.280411965.log
Removed passed log: /home/zaxy/studyspace/projects/6.5840/src/debug_log/debug_log_round58_20260718_215707.285448929.log
Removed passed log: /home/zaxy/studyspace/projects/6.5840/src/debug_log/debug_log_round59_20260718_215707.291136923.log
Removed passed log: /home/zaxy/studyspace/projects/6.5840/src/debug_log/debug_log_round60_20260718_215707.296962886.log
Removed passed log: /home/zaxy/studyspace/projects/6.5840/src/debug_log/debug_log_round61_20260718_215707.320264337.log
Removed passed log: /home/zaxy/studyspace/projects/6.5840/src/debug_log/debug_log_round62_20260718_215707.328672167.log
Removed passed log: /home/zaxy/studyspace/projects/6.5840/src/debug_log/debug_log_round63_20260718_215707.338087196.log
Removed passed log: /home/zaxy/studyspace/projects/6.5840/src/debug_log/debug_log_round64_20260718_215707.347589080.log
Removed passed log: /home/zaxy/studyspace/projects/6.5840/src/debug_log/debug_log_round65_20260718_215707.359514644.log
Removed passed log: /home/zaxy/studyspace/projects/6.5840/src/debug_log/debug_log_round66_20260718_215707.371226263.log
Removed passed log: /home/zaxy/studyspace/projects/6.5840/src/debug_log/debug_log_round67_20260718_215707.384024822.log
Removed passed log: /home/zaxy/studyspace/projects/6.5840/src/debug_log/debug_log_round68_20260718_215707.397416634.log
Removed passed log: /home/zaxy/studyspace/projects/6.5840/src/debug_log/debug_log_round69_20260718_215707.409271300.log
Removed passed log: /home/zaxy/studyspace/projects/6.5840/src/debug_log/debug_log_round70_20260718_215707.420318169.log
Removed passed log: /home/zaxy/studyspace/projects/6.5840/src/debug_log/debug_log_round71_20260718_215707.438076390.log
Removed passed log: /home/zaxy/studyspace/projects/6.5840/src/debug_log/debug_log_round72_20260718_215708.008284752.log
Removed passed log: /home/zaxy/studyspace/projects/6.5840/src/debug_log/debug_log_round73_20260718_215708.021185510.log
Removed passed log: /home/zaxy/studyspace/projects/6.5840/src/debug_log/debug_log_round74_20260718_215708.038217056.log
Removed passed log: /home/zaxy/studyspace/projects/6.5840/src/debug_log/debug_log_round75_20260718_215708.051206648.log
Removed passed log: /home/zaxy/studyspace/projects/6.5840/src/debug_log/debug_log_round76_20260718_215708.061203116.log
Removed passed log: /home/zaxy/studyspace/projects/6.5840/src/debug_log/debug_log_round77_20260718_215708.075683782.log
Removed passed log: /home/zaxy/studyspace/projects/6.5840/src/debug_log/debug_log_round78_20260718_215708.083724003.log
Removed passed log: /home/zaxy/studyspace/projects/6.5840/src/debug_log/debug_log_round79_20260718_215708.091121301.log
Removed passed log: /home/zaxy/studyspace/projects/6.5840/src/debug_log/debug_log_round80_20260718_215708.098311343.log
Removed passed log: /home/zaxy/studyspace/projects/6.5840/src/debug_log/debug_log_round81_20260718_215708.104898623.log
Removed passed log: /home/zaxy/studyspace/projects/6.5840/src/debug_log/debug_log_round82_20260718_215708.112657679.log
Removed passed log: /home/zaxy/studyspace/projects/6.5840/src/debug_log/debug_log_round83_20260718_215708.121315482.log
Removed passed log: /home/zaxy/studyspace/projects/6.5840/src/debug_log/debug_log_round84_20260718_215708.129268593.log
Removed passed log: /home/zaxy/studyspace/projects/6.5840/src/debug_log/debug_log_round85_20260718_215708.139011685.log
Removed passed log: /home/zaxy/studyspace/projects/6.5840/src/debug_log/debug_log_round86_20260718_215708.145703198.log
Removed passed log: /home/zaxy/studyspace/projects/6.5840/src/debug_log/debug_log_round87_20260718_215708.154433015.log
Removed passed log: /home/zaxy/studyspace/projects/6.5840/src/debug_log/debug_log_round88_20260718_215708.164102066.log
Removed passed log: /home/zaxy/studyspace/projects/6.5840/src/debug_log/debug_log_round89_20260718_215708.190900205.log
Removed passed log: /home/zaxy/studyspace/projects/6.5840/src/debug_log/debug_log_round90_20260718_215708.209917395.log
Removed passed log: /home/zaxy/studyspace/projects/6.5840/src/debug_log/debug_log_round91_20260718_215708.228984835.log
Removed passed log: /home/zaxy/studyspace/projects/6.5840/src/debug_log/debug_log_round92_20260718_215708.244751025.log
Removed passed log: /home/zaxy/studyspace/projects/6.5840/src/debug_log/debug_log_round93_20260718_215708.260152316.log
Removed passed log: /home/zaxy/studyspace/projects/6.5840/src/debug_log/debug_log_round94_20260718_215708.332026748.log
Removed passed log: /home/zaxy/studyspace/projects/6.5840/src/debug_log/debug_log_round95_20260718_215708.406205562.log
Removed passed log: /home/zaxy/studyspace/projects/6.5840/src/debug_log/debug_log_round96_20260718_215708.457571515.log
Removed passed log: /home/zaxy/studyspace/projects/6.5840/src/debug_log/debug_log_round97_20260718_215708.497582029.log
Removed passed log: /home/zaxy/studyspace/projects/6.5840/src/debug_log/debug_log_round98_20260718_215708.564027907.log
Removed passed log: /home/zaxy/studyspace/projects/6.5840/src/debug_log/debug_log_round99_20260718_215708.600876285.log
Removed passed log: /home/zaxy/studyspace/projects/6.5840/src/debug_log/debug_log_round100_20260718_215708.649028766.log
Removed passed log: /home/zaxy/studyspace/projects/6.5840/src/debug_log/debug_log_round101_20260718_215725.715513529.log
Removed passed log: /home/zaxy/studyspace/projects/6.5840/src/debug_log/debug_log_round102_20260718_215725.723162719.log
Removed passed log: /home/zaxy/studyspace/projects/6.5840/src/debug_log/debug_log_round103_20260718_215725.731884192.log
Removed passed log: /home/zaxy/studyspace/projects/6.5840/src/debug_log/debug_log_round104_20260718_215725.741781202.log
Removed passed log: /home/zaxy/studyspace/projects/6.5840/src/debug_log/debug_log_round105_20260718_215726.597865195.log
Removed passed log: /home/zaxy/studyspace/projects/6.5840/src/debug_log/debug_log_round106_20260718_215726.671050150.log
Removed passed log: /home/zaxy/studyspace/projects/6.5840/src/debug_log/debug_log_round107_20260718_215728.584385190.log
Removed passed log: /home/zaxy/studyspace/projects/6.5840/src/debug_log/debug_log_round108_20260718_215728.592221539.log
Removed passed log: /home/zaxy/studyspace/projects/6.5840/src/debug_log/debug_log_round109_20260718_215728.598704448.log
Removed passed log: /home/zaxy/studyspace/projects/6.5840/src/debug_log/debug_log_round110_20260718_215728.606606162.log
Removed passed log: /home/zaxy/studyspace/projects/6.5840/src/debug_log/debug_log_round111_20260718_215728.615526835.log
Removed passed log: /home/zaxy/studyspace/projects/6.5840/src/debug_log/debug_log_round112_20260718_215728.625536204.log
Removed passed log: /home/zaxy/studyspace/projects/6.5840/src/debug_log/debug_log_round113_20260718_215728.635998865.log
Removed passed log: /home/zaxy/studyspace/projects/6.5840/src/debug_log/debug_log_round114_20260718_215728.644444323.log
Removed passed log: /home/zaxy/studyspace/projects/6.5840/src/debug_log/debug_log_round115_20260718_215728.662256093.log
Removed passed log: /home/zaxy/studyspace/projects/6.5840/src/debug_log/debug_log_round116_20260718_215728.930281773.log
Removed passed log: /home/zaxy/studyspace/projects/6.5840/src/debug_log/debug_log_round117_20260718_215728.942074767.log
Removed passed log: /home/zaxy/studyspace/projects/6.5840/src/debug_log/debug_log_round118_20260718_215729.530063827.log
Removed passed log: /home/zaxy/studyspace/projects/6.5840/src/debug_log/debug_log_round119_20260718_215729.536800268.log
Removed passed log: /home/zaxy/studyspace/projects/6.5840/src/debug_log/debug_log_round120_20260718_215729.545284285.log
Removed passed log: /home/zaxy/studyspace/projects/6.5840/src/debug_log/debug_log_round121_20260718_215729.552505020.log
Removed passed log: /home/zaxy/studyspace/projects/6.5840/src/debug_log/debug_log_round122_20260718_215730.872656836.log
Removed passed log: /home/zaxy/studyspace/projects/6.5840/src/debug_log/debug_log_round123_20260718_215730.933088353.log
Removed passed log: /home/zaxy/studyspace/projects/6.5840/src/debug_log/debug_log_round124_20260718_215731.858536610.log
Removed passed log: /home/zaxy/studyspace/projects/6.5840/src/debug_log/debug_log_round125_20260718_215731.865082942.log
Removed passed log: /home/zaxy/studyspace/projects/6.5840/src/debug_log/debug_log_round126_20260718_215731.870630585.log
Removed passed log: /home/zaxy/studyspace/projects/6.5840/src/debug_log/debug_log_round127_20260718_215731.876646224.log
Removed passed log: /home/zaxy/studyspace/projects/6.5840/src/debug_log/debug_log_round128_20260718_215731.884389591.log
Removed passed log: /home/zaxy/studyspace/projects/6.5840/src/debug_log/debug_log_round129_20260718_215731.892038797.log
Removed passed log: /home/zaxy/studyspace/projects/6.5840/src/debug_log/debug_log_round130_20260718_215731.899331394.log
Removed passed log: /home/zaxy/studyspace/projects/6.5840/src/debug_log/debug_log_round131_20260718_215731.907707780.log
Removed passed log: /home/zaxy/studyspace/projects/6.5840/src/debug_log/debug_log_round132_20260718_215732.555420002.log
Removed passed log: /home/zaxy/studyspace/projects/6.5840/src/debug_log/debug_log_round133_20260718_215732.560962005.log
Removed passed log: /home/zaxy/studyspace/projects/6.5840/src/debug_log/debug_log_round134_20260718_215732.566534210.log
Removed passed log: /home/zaxy/studyspace/projects/6.5840/src/debug_log/debug_log_round135_20260718_215732.573045536.log
Removed passed log: /home/zaxy/studyspace/projects/6.5840/src/debug_log/debug_log_round136_20260718_215732.579011224.log
Removed passed log: /home/zaxy/studyspace/projects/6.5840/src/debug_log/debug_log_round137_20260718_215732.585102686.log
Removed passed log: /home/zaxy/studyspace/projects/6.5840/src/debug_log/debug_log_round138_20260718_215732.592689602.log
Removed passed log: /home/zaxy/studyspace/projects/6.5840/src/debug_log/debug_log_round139_20260718_215732.599605397.log
Removed passed log: /home/zaxy/studyspace/projects/6.5840/src/debug_log/debug_log_round140_20260718_215732.606381695.log
Removed passed log: /home/zaxy/studyspace/projects/6.5840/src/debug_log/debug_log_round141_20260718_215732.614419542.log
Removed passed log: /home/zaxy/studyspace/projects/6.5840/src/debug_log/debug_log_round142_20260718_215732.629157121.log
Removed passed log: /home/zaxy/studyspace/projects/6.5840/src/debug_log/debug_log_round143_20260718_215732.639844319.log
Removed passed log: /home/zaxy/studyspace/projects/6.5840/src/debug_log/debug_log_round144_20260718_215732.651773096.log
Removed passed log: /home/zaxy/studyspace/projects/6.5840/src/debug_log/debug_log_round145_20260718_215732.665749324.log
Removed passed log: /home/zaxy/studyspace/projects/6.5840/src/debug_log/debug_log_round146_20260718_215732.686605184.log
Removed passed log: /home/zaxy/studyspace/projects/6.5840/src/debug_log/debug_log_round147_20260718_215732.711636893.log
Removed passed log: /home/zaxy/studyspace/projects/6.5840/src/debug_log/debug_log_round148_20260718_215732.730319561.log
Removed passed log: /home/zaxy/studyspace/projects/6.5840/src/debug_log/debug_log_round149_20260718_215732.754798200.log
Removed passed log: /home/zaxy/studyspace/projects/6.5840/src/debug_log/debug_log_round150_20260718_215732.801667285.log
Removed passed log: /home/zaxy/studyspace/projects/6.5840/src/debug_log/debug_log_round151_20260718_215744.025888184.log
Removed passed log: /home/zaxy/studyspace/projects/6.5840/src/debug_log/debug_log_round152_20260718_215744.034553628.log
Removed passed log: /home/zaxy/studyspace/projects/6.5840/src/debug_log/debug_log_round153_20260718_215744.042217374.log
Removed passed log: /home/zaxy/studyspace/projects/6.5840/src/debug_log/debug_log_round154_20260718_215744.053478134.log
Removed passed log: /home/zaxy/studyspace/projects/6.5840/src/debug_log/debug_log_round155_20260718_215744.065558914.log
Removed passed log: /home/zaxy/studyspace/projects/6.5840/src/debug_log/debug_log_round156_20260718_215744.675736157.log
Removed passed log: /home/zaxy/studyspace/projects/6.5840/src/debug_log/debug_log_round157_20260718_215748.185142467.log
Removed passed log: /home/zaxy/studyspace/projects/6.5840/src/debug_log/debug_log_round158_20260718_215748.205879778.log
Removed passed log: /home/zaxy/studyspace/projects/6.5840/src/debug_log/debug_log_round159_20260718_215749.071635020.log
Removed passed log: /home/zaxy/studyspace/projects/6.5840/src/debug_log/debug_log_round160_20260718_215749.078536321.log
Removed passed log: /home/zaxy/studyspace/projects/6.5840/src/debug_log/debug_log_round161_20260718_215749.463392556.log
Removed passed log: /home/zaxy/studyspace/projects/6.5840/src/debug_log/debug_log_round162_20260718_215749.470214117.log
Removed passed log: /home/zaxy/studyspace/projects/6.5840/src/debug_log/debug_log_round163_20260718_215749.479039525.log
Removed passed log: /home/zaxy/studyspace/projects/6.5840/src/debug_log/debug_log_round164_20260718_215749.488864332.log
Removed passed log: /home/zaxy/studyspace/projects/6.5840/src/debug_log/debug_log_round165_20260718_215749.497964652.log
Removed passed log: /home/zaxy/studyspace/projects/6.5840/src/debug_log/debug_log_round166_20260718_215749.506264732.log
Removed passed log: /home/zaxy/studyspace/projects/6.5840/src/debug_log/debug_log_round167_20260718_215749.518643774.log
Removed passed log: /home/zaxy/studyspace/projects/6.5840/src/debug_log/debug_log_round168_20260718_215749.532083036.log
Removed passed log: /home/zaxy/studyspace/projects/6.5840/src/debug_log/debug_log_round169_20260718_215749.655266921.log
Removed passed log: /home/zaxy/studyspace/projects/6.5840/src/debug_log/debug_log_round170_20260718_215749.679295404.log
Removed passed log: /home/zaxy/studyspace/projects/6.5840/src/debug_log/debug_log_round171_20260718_215749.715051361.log
Removed passed log: /home/zaxy/studyspace/projects/6.5840/src/debug_log/debug_log_round172_20260718_215749.729917744.log
Removed passed log: /home/zaxy/studyspace/projects/6.5840/src/debug_log/debug_log_round173_20260718_215749.748703428.log
Removed passed log: /home/zaxy/studyspace/projects/6.5840/src/debug_log/debug_log_round174_20260718_215749.775317320.log
Removed passed log: /home/zaxy/studyspace/projects/6.5840/src/debug_log/debug_log_round175_20260718_215751.188342719.log
Removed passed log: /home/zaxy/studyspace/projects/6.5840/src/debug_log/debug_log_round176_20260718_215751.195083621.log
Removed passed log: /home/zaxy/studyspace/projects/6.5840/src/debug_log/debug_log_round177_20260718_215751.202896656.log
Removed passed log: /home/zaxy/studyspace/projects/6.5840/src/debug_log/debug_log_round178_20260718_215751.212223883.log
Removed passed log: /home/zaxy/studyspace/projects/6.5840/src/debug_log/debug_log_round179_20260718_215751.447273511.log
Removed passed log: /home/zaxy/studyspace/projects/6.5840/src/debug_log/debug_log_round180_20260718_215751.459724730.log
Removed passed log: /home/zaxy/studyspace/projects/6.5840/src/debug_log/debug_log_round181_20260718_215751.470355314.log
Removed passed log: /home/zaxy/studyspace/projects/6.5840/src/debug_log/debug_log_round182_20260718_215752.416813410.log
Removed passed log: /home/zaxy/studyspace/projects/6.5840/src/debug_log/debug_log_round183_20260718_215754.398732188.log
Removed passed log: /home/zaxy/studyspace/projects/6.5840/src/debug_log/debug_log_round184_20260718_215754.404548231.log
Removed passed log: /home/zaxy/studyspace/projects/6.5840/src/debug_log/debug_log_round185_20260718_215754.409985455.log
Removed passed log: /home/zaxy/studyspace/projects/6.5840/src/debug_log/debug_log_round186_20260718_215754.415612635.log
Removed passed log: /home/zaxy/studyspace/projects/6.5840/src/debug_log/debug_log_round187_20260718_215754.421663104.log
Removed passed log: /home/zaxy/studyspace/projects/6.5840/src/debug_log/debug_log_round188_20260718_215754.428195585.log
Removed passed log: /home/zaxy/studyspace/projects/6.5840/src/debug_log/debug_log_round189_20260718_215754.434442747.log
Removed passed log: /home/zaxy/studyspace/projects/6.5840/src/debug_log/debug_log_round190_20260718_215754.440639160.log
Removed passed log: /home/zaxy/studyspace/projects/6.5840/src/debug_log/debug_log_round191_20260718_215754.447840351.log
Removed passed log: /home/zaxy/studyspace/projects/6.5840/src/debug_log/debug_log_round192_20260718_215754.459024813.log
Removed passed log: /home/zaxy/studyspace/projects/6.5840/src/debug_log/debug_log_round193_20260718_215754.470329176.log
Removed passed log: /home/zaxy/studyspace/projects/6.5840/src/debug_log/debug_log_round194_20260718_215754.480537363.log
Removed passed log: /home/zaxy/studyspace/projects/6.5840/src/debug_log/debug_log_round195_20260718_215754.493144358.log
Removed passed log: /home/zaxy/studyspace/projects/6.5840/src/debug_log/debug_log_round196_20260718_215754.765078329.log
Removed passed log: /home/zaxy/studyspace/projects/6.5840/src/debug_log/debug_log_round197_20260718_215754.789053142.log
Removed passed log: /home/zaxy/studyspace/projects/6.5840/src/debug_log/debug_log_round198_20260718_215754.823226772.log
Removed passed log: /home/zaxy/studyspace/projects/6.5840/src/debug_log/debug_log_round199_20260718_215754.849735712.log
Removed passed log: /home/zaxy/studyspace/projects/6.5840/src/debug_log/debug_log_round200_20260718_215754.876274436.log
Removed passed log: /home/zaxy/studyspace/projects/6.5840/src/debug_log/debug_log_round201_20260718_215802.802164800.log
Removed passed log: /home/zaxy/studyspace/projects/6.5840/src/debug_log/debug_log_round202_20260718_215803.445132563.log
Removed passed log: /home/zaxy/studyspace/projects/6.5840/src/debug_log/debug_log_round203_20260718_215803.452650361.log
Removed passed log: /home/zaxy/studyspace/projects/6.5840/src/debug_log/debug_log_round204_20260718_215805.045489283.log
Removed passed log: /home/zaxy/studyspace/projects/6.5840/src/debug_log/debug_log_round205_20260718_215805.053385736.log
Removed passed log: /home/zaxy/studyspace/projects/6.5840/src/debug_log/debug_log_round206_20260718_215805.428976995.log
Removed passed log: /home/zaxy/studyspace/projects/6.5840/src/debug_log/debug_log_round207_20260718_215805.689849007.log
Removed passed log: /home/zaxy/studyspace/projects/6.5840/src/debug_log/debug_log_round208_20260718_215806.274415673.log
Removed passed log: /home/zaxy/studyspace/projects/6.5840/src/debug_log/debug_log_round209_20260718_215806.692279351.log
Removed passed log: /home/zaxy/studyspace/projects/6.5840/src/debug_log/debug_log_round210_20260718_215806.699946498.log
Removed passed log: /home/zaxy/studyspace/projects/6.5840/src/debug_log/debug_log_round211_20260718_215809.063054866.log
Removed passed log: /home/zaxy/studyspace/projects/6.5840/src/debug_log/debug_log_round212_20260718_215809.453335993.log
Removed passed log: /home/zaxy/studyspace/projects/6.5840/src/debug_log/debug_log_round213_20260718_215810.227044480.log
Removed passed log: /home/zaxy/studyspace/projects/6.5840/src/debug_log/debug_log_round214_20260718_215810.617105719.log
Removed passed log: /home/zaxy/studyspace/projects/6.5840/src/debug_log/debug_log_round215_20260718_215810.623419356.log
Removed passed log: /home/zaxy/studyspace/projects/6.5840/src/debug_log/debug_log_round216_20260718_215810.963095706.log
Removed passed log: /home/zaxy/studyspace/projects/6.5840/src/debug_log/debug_log_round217_20260718_215810.971853295.log
Removed passed log: /home/zaxy/studyspace/projects/6.5840/src/debug_log/debug_log_round218_20260718_215810.981106025.log
Removed passed log: /home/zaxy/studyspace/projects/6.5840/src/debug_log/debug_log_round219_20260718_215810.989023603.log
Removed passed log: /home/zaxy/studyspace/projects/6.5840/src/debug_log/debug_log_round220_20260718_215810.996690554.log
Removed passed log: /home/zaxy/studyspace/projects/6.5840/src/debug_log/debug_log_round221_20260718_215811.004000507.log
Removed passed log: /home/zaxy/studyspace/projects/6.5840/src/debug_log/debug_log_round222_20260718_215811.011894724.log
Removed passed log: /home/zaxy/studyspace/projects/6.5840/src/debug_log/debug_log_round223_20260718_215811.020305920.log
Removed passed log: /home/zaxy/studyspace/projects/6.5840/src/debug_log/debug_log_round224_20260718_215811.028837861.log
Removed passed log: /home/zaxy/studyspace/projects/6.5840/src/debug_log/debug_log_round225_20260718_215811.041052499.log
Removed passed log: /home/zaxy/studyspace/projects/6.5840/src/debug_log/debug_log_round226_20260718_215811.462190839.log
Removed passed log: /home/zaxy/studyspace/projects/6.5840/src/debug_log/debug_log_round227_20260718_215811.532693406.log
Removed passed log: /home/zaxy/studyspace/projects/6.5840/src/debug_log/debug_log_round228_20260718_215812.102693081.log
Removed passed log: /home/zaxy/studyspace/projects/6.5840/src/debug_log/debug_log_round229_20260718_215812.110360734.log
Removed passed log: /home/zaxy/studyspace/projects/6.5840/src/debug_log/debug_log_round230_20260718_215812.120046832.log
Removed passed log: /home/zaxy/studyspace/projects/6.5840/src/debug_log/debug_log_round231_20260718_215812.128632359.log
Removed passed log: /home/zaxy/studyspace/projects/6.5840/src/debug_log/debug_log_round232_20260718_215812.135265471.log
Removed passed log: /home/zaxy/studyspace/projects/6.5840/src/debug_log/debug_log_round233_20260718_215814.774462943.log
Removed passed log: /home/zaxy/studyspace/projects/6.5840/src/debug_log/debug_log_round234_20260718_215816.291314763.log
Removed passed log: /home/zaxy/studyspace/projects/6.5840/src/debug_log/debug_log_round235_20260718_215816.298662724.log
Removed passed log: /home/zaxy/studyspace/projects/6.5840/src/debug_log/debug_log_round236_20260718_215816.767084411.log
Removed passed log: /home/zaxy/studyspace/projects/6.5840/src/debug_log/debug_log_round237_20260718_215816.772793401.log
Removed passed log: /home/zaxy/studyspace/projects/6.5840/src/debug_log/debug_log_round238_20260718_215816.779382828.log
Removed passed log: /home/zaxy/studyspace/projects/6.5840/src/debug_log/debug_log_round239_20260718_215816.785625818.log
Removed passed log: /home/zaxy/studyspace/projects/6.5840/src/debug_log/debug_log_round240_20260718_215816.795599800.log
Removed passed log: /home/zaxy/studyspace/projects/6.5840/src/debug_log/debug_log_round241_20260718_215816.804251774.log
Removed passed log: /home/zaxy/studyspace/projects/6.5840/src/debug_log/debug_log_round242_20260718_215816.812308448.log
Removed passed log: /home/zaxy/studyspace/projects/6.5840/src/debug_log/debug_log_round243_20260718_215816.820981107.log
Removed passed log: /home/zaxy/studyspace/projects/6.5840/src/debug_log/debug_log_round244_20260718_215816.829915167.log
Removed passed log: /home/zaxy/studyspace/projects/6.5840/src/debug_log/debug_log_round245_20260718_215817.233179706.log
Removed passed log: /home/zaxy/studyspace/projects/6.5840/src/debug_log/debug_log_round246_20260718_215817.255770421.log
Removed passed log: /home/zaxy/studyspace/projects/6.5840/src/debug_log/debug_log_round247_20260718_215817.269654923.log
Removed passed log: /home/zaxy/studyspace/projects/6.5840/src/debug_log/debug_log_round248_20260718_215817.901773596.log
Removed passed log: /home/zaxy/studyspace/projects/6.5840/src/debug_log/debug_log_round249_20260718_215817.907531029.log
Removed passed log: /home/zaxy/studyspace/projects/6.5840/src/debug_log/debug_log_round250_20260718_215818.025842226.log
Removed passed log: /home/zaxy/studyspace/projects/6.5840/src/debug_log/debug_log_round251_20260718_215822.082259334.log
Removed passed log: /home/zaxy/studyspace/projects/6.5840/src/debug_log/debug_log_round252_20260718_215822.950542073.log
Removed passed log: /home/zaxy/studyspace/projects/6.5840/src/debug_log/debug_log_round253_20260718_215822.957131544.log
Removed passed log: /home/zaxy/studyspace/projects/6.5840/src/debug_log/debug_log_round254_20260718_215822.963630587.log
Removed passed log: /home/zaxy/studyspace/projects/6.5840/src/debug_log/debug_log_round255_20260718_215823.417697168.log
Removed passed log: /home/zaxy/studyspace/projects/6.5840/src/debug_log/debug_log_round256_20260718_215823.826199551.log
Removed passed log: /home/zaxy/studyspace/projects/6.5840/src/debug_log/debug_log_round257_20260718_215823.832066252.log
Removed passed log: /home/zaxy/studyspace/projects/6.5840/src/debug_log/debug_log_round258_20260718_215824.642258217.log
Removed passed log: /home/zaxy/studyspace/projects/6.5840/src/debug_log/debug_log_round259_20260718_215825.617247466.log
Removed passed log: /home/zaxy/studyspace/projects/6.5840/src/debug_log/debug_log_round260_20260718_215825.623869632.log
Removed passed log: /home/zaxy/studyspace/projects/6.5840/src/debug_log/debug_log_round261_20260718_215826.657763195.log
Removed passed log: /home/zaxy/studyspace/projects/6.5840/src/debug_log/debug_log_round262_20260718_215827.066886093.log
Removed passed log: /home/zaxy/studyspace/projects/6.5840/src/debug_log/debug_log_round263_20260718_215828.237940122.log
Removed passed log: /home/zaxy/studyspace/projects/6.5840/src/debug_log/debug_log_round264_20260718_215828.245418844.log
Removed passed log: /home/zaxy/studyspace/projects/6.5840/src/debug_log/debug_log_round265_20260718_215828.300475571.log
Removed passed log: /home/zaxy/studyspace/projects/6.5840/src/debug_log/debug_log_round266_20260718_215830.476530584.log
Removed passed log: /home/zaxy/studyspace/projects/6.5840/src/debug_log/debug_log_round267_20260718_215831.776768976.log
Removed passed log: /home/zaxy/studyspace/projects/6.5840/src/debug_log/debug_log_round268_20260718_215831.796477706.log
Removed passed log: /home/zaxy/studyspace/projects/6.5840/src/debug_log/debug_log_round269_20260718_215831.805977841.log
Removed passed log: /home/zaxy/studyspace/projects/6.5840/src/debug_log/debug_log_round270_20260718_215831.815686326.log
Removed passed log: /home/zaxy/studyspace/projects/6.5840/src/debug_log/debug_log_round271_20260718_215831.826211249.log
Removed passed log: /home/zaxy/studyspace/projects/6.5840/src/debug_log/debug_log_round272_20260718_215831.841917206.log
Removed passed log: /home/zaxy/studyspace/projects/6.5840/src/debug_log/debug_log_round273_20260718_215831.853152333.log
Removed passed log: /home/zaxy/studyspace/projects/6.5840/src/debug_log/debug_log_round274_20260718_215831.867760504.log
Removed passed log: /home/zaxy/studyspace/projects/6.5840/src/debug_log/debug_log_round275_20260718_215831.879364988.log
Removed passed log: /home/zaxy/studyspace/projects/6.5840/src/debug_log/debug_log_round276_20260718_215832.209275929.log
Removed passed log: /home/zaxy/studyspace/projects/6.5840/src/debug_log/debug_log_round277_20260718_215832.616227606.log
Removed passed log: /home/zaxy/studyspace/projects/6.5840/src/debug_log/debug_log_round278_20260718_215832.624579714.log
Removed passed log: /home/zaxy/studyspace/projects/6.5840/src/debug_log/debug_log_round279_20260718_215832.633765751.log
Removed passed log: /home/zaxy/studyspace/projects/6.5840/src/debug_log/debug_log_round280_20260718_215832.644603974.log
Removed passed log: /home/zaxy/studyspace/projects/6.5840/src/debug_log/debug_log_round281_20260718_215832.652089876.log
Removed passed log: /home/zaxy/studyspace/projects/6.5840/src/debug_log/debug_log_round282_20260718_215833.156407139.log
Removed passed log: /home/zaxy/studyspace/projects/6.5840/src/debug_log/debug_log_round283_20260718_215833.463808571.log
Removed passed log: /home/zaxy/studyspace/projects/6.5840/src/debug_log/debug_log_round284_20260718_215834.662266587.log
Removed passed log: /home/zaxy/studyspace/projects/6.5840/src/debug_log/debug_log_round285_20260718_215834.668968057.log
Removed passed log: /home/zaxy/studyspace/projects/6.5840/src/debug_log/debug_log_round286_20260718_215835.622095195.log
Removed passed log: /home/zaxy/studyspace/projects/6.5840/src/debug_log/debug_log_round287_20260718_215835.629378826.log
Removed passed log: /home/zaxy/studyspace/projects/6.5840/src/debug_log/debug_log_round288_20260718_215837.035969321.log
Removed passed log: /home/zaxy/studyspace/projects/6.5840/src/debug_log/debug_log_round289_20260718_215837.042098868.log
Removed passed log: /home/zaxy/studyspace/projects/6.5840/src/debug_log/debug_log_round290_20260718_215838.449019967.log
Removed passed log: /home/zaxy/studyspace/projects/6.5840/src/debug_log/debug_log_round291_20260718_215838.455319862.log
Removed passed log: /home/zaxy/studyspace/projects/6.5840/src/debug_log/debug_log_round292_20260718_215838.462361069.log
Removed passed log: /home/zaxy/studyspace/projects/6.5840/src/debug_log/debug_log_round293_20260718_215838.471804143.log
Removed passed log: /home/zaxy/studyspace/projects/6.5840/src/debug_log/debug_log_round294_20260718_215838.481552213.log
Removed passed log: /home/zaxy/studyspace/projects/6.5840/src/debug_log/debug_log_round295_20260718_215838.490751965.log
Removed passed log: /home/zaxy/studyspace/projects/6.5840/src/debug_log/debug_log_round296_20260718_215838.500267637.log
Removed passed log: /home/zaxy/studyspace/projects/6.5840/src/debug_log/debug_log_round297_20260718_215838.508259850.log
Removed passed log: /home/zaxy/studyspace/projects/6.5840/src/debug_log/debug_log_round298_20260718_215838.515548612.log
Removed passed log: /home/zaxy/studyspace/projects/6.5840/src/debug_log/debug_log_round299_20260718_215838.528345339.log
Removed passed log: /home/zaxy/studyspace/projects/6.5840/src/debug_log/debug_log_round300_20260718_215838.540897481.log
Removed passed log: /home/zaxy/studyspace/projects/6.5840/src/debug_log/debug_log_round301_20260718_215841.946595012.log
Removed passed log: /home/zaxy/studyspace/projects/6.5840/src/debug_log/debug_log_round302_20260718_215841.952915026.log
Removed passed log: /home/zaxy/studyspace/projects/6.5840/src/debug_log/debug_log_round303_20260718_215841.959034246.log
Removed passed log: /home/zaxy/studyspace/projects/6.5840/src/debug_log/debug_log_round304_20260718_215843.433821531.log
Removed passed log: /home/zaxy/studyspace/projects/6.5840/src/debug_log/debug_log_round305_20260718_215843.440993977.log
Removed passed log: /home/zaxy/studyspace/projects/6.5840/src/debug_log/debug_log_round306_20260718_215843.447782725.log
Removed passed log: /home/zaxy/studyspace/projects/6.5840/src/debug_log/debug_log_round307_20260718_215844.116114535.log
Removed passed log: /home/zaxy/studyspace/projects/6.5840/src/debug_log/debug_log_round308_20260718_215844.122919768.log
Removed passed log: /home/zaxy/studyspace/projects/6.5840/src/debug_log/debug_log_round309_20260718_215845.020053947.log
Removed passed log: /home/zaxy/studyspace/projects/6.5840/src/debug_log/debug_log_round310_20260718_215845.026732371.log
Removed passed log: /home/zaxy/studyspace/projects/6.5840/src/debug_log/debug_log_round311_20260718_215845.130301921.log
Removed passed log: /home/zaxy/studyspace/projects/6.5840/src/debug_log/debug_log_round312_20260718_215845.293775151.log
Removed passed log: /home/zaxy/studyspace/projects/6.5840/src/debug_log/debug_log_round313_20260718_215846.586178330.log
Removed passed log: /home/zaxy/studyspace/projects/6.5840/src/debug_log/debug_log_round314_20260718_215846.594635538.log
Removed passed log: /home/zaxy/studyspace/projects/6.5840/src/debug_log/debug_log_round315_20260718_215847.535486474.log
Removed passed log: /home/zaxy/studyspace/projects/6.5840/src/debug_log/debug_log_round316_20260718_215848.385384282.log
Removed passed log: /home/zaxy/studyspace/projects/6.5840/src/debug_log/debug_log_round317_20260718_215851.129571409.log
Removed passed log: /home/zaxy/studyspace/projects/6.5840/src/debug_log/debug_log_round318_20260718_215851.137376401.log
Removed passed log: /home/zaxy/studyspace/projects/6.5840/src/debug_log/debug_log_round319_20260718_215852.921405776.log
Removed passed log: /home/zaxy/studyspace/projects/6.5840/src/debug_log/debug_log_round320_20260718_215852.929009383.log
Removed passed log: /home/zaxy/studyspace/projects/6.5840/src/debug_log/debug_log_round321_20260718_215852.937181511.log
Removed passed log: /home/zaxy/studyspace/projects/6.5840/src/debug_log/debug_log_round322_20260718_215852.947021867.log
Removed passed log: /home/zaxy/studyspace/projects/6.5840/src/debug_log/debug_log_round323_20260718_215852.956510599.log
Removed passed log: /home/zaxy/studyspace/projects/6.5840/src/debug_log/debug_log_round324_20260718_215852.966620598.log
Removed passed log: /home/zaxy/studyspace/projects/6.5840/src/debug_log/debug_log_round325_20260718_215852.974590458.log
Removed passed log: /home/zaxy/studyspace/projects/6.5840/src/debug_log/debug_log_round326_20260718_215852.982441197.log
Removed passed log: /home/zaxy/studyspace/projects/6.5840/src/debug_log/debug_log_round327_20260718_215852.991118703.log
Removed passed log: /home/zaxy/studyspace/projects/6.5840/src/debug_log/debug_log_round328_20260718_215853.001287965.log
Removed passed log: /home/zaxy/studyspace/projects/6.5840/src/debug_log/debug_log_round329_20260718_215853.011126948.log
Removed passed log: /home/zaxy/studyspace/projects/6.5840/src/debug_log/debug_log_round330_20260718_215853.022797546.log
Removed passed log: /home/zaxy/studyspace/projects/6.5840/src/debug_log/debug_log_round331_20260718_215853.037784583.log
Removed passed log: /home/zaxy/studyspace/projects/6.5840/src/debug_log/debug_log_round332_20260718_215853.070234642.log
Removed passed log: /home/zaxy/studyspace/projects/6.5840/src/debug_log/debug_log_round333_20260718_215853.107053358.log
Removed passed log: /home/zaxy/studyspace/projects/6.5840/src/debug_log/debug_log_round334_20260718_215853.944048915.log
Removed passed log: /home/zaxy/studyspace/projects/6.5840/src/debug_log/debug_log_round335_20260718_215854.624667192.log
Removed passed log: /home/zaxy/studyspace/projects/6.5840/src/debug_log/debug_log_round336_20260718_215854.631166949.log
Removed passed log: /home/zaxy/studyspace/projects/6.5840/src/debug_log/debug_log_round337_20260718_215854.638662822.log
Removed passed log: /home/zaxy/studyspace/projects/6.5840/src/debug_log/debug_log_round338_20260718_215854.991859083.log
Removed passed log: /home/zaxy/studyspace/projects/6.5840/src/debug_log/debug_log_round339_20260718_215854.998957674.log
Removed passed log: /home/zaxy/studyspace/projects/6.5840/src/debug_log/debug_log_round340_20260718_215858.545902615.log
Removed passed log: /home/zaxy/studyspace/projects/6.5840/src/debug_log/debug_log_round341_20260718_215858.552867691.log
Removed passed log: /home/zaxy/studyspace/projects/6.5840/src/debug_log/debug_log_round342_20260718_215859.273446927.log
Removed passed log: /home/zaxy/studyspace/projects/6.5840/src/debug_log/debug_log_round343_20260718_215859.281254318.log
Removed passed log: /home/zaxy/studyspace/projects/6.5840/src/debug_log/debug_log_round344_20260718_215859.288033252.log
Removed passed log: /home/zaxy/studyspace/projects/6.5840/src/debug_log/debug_log_round345_20260718_215859.293772809.log
Removed passed log: /home/zaxy/studyspace/projects/6.5840/src/debug_log/debug_log_round346_20260718_215859.302871780.log
Removed passed log: /home/zaxy/studyspace/projects/6.5840/src/debug_log/debug_log_round347_20260718_215859.312546462.log
Removed passed log: /home/zaxy/studyspace/projects/6.5840/src/debug_log/debug_log_round348_20260718_215859.319781822.log
Removed passed log: /home/zaxy/studyspace/projects/6.5840/src/debug_log/debug_log_round349_20260718_215859.326717670.log
Removed passed log: /home/zaxy/studyspace/projects/6.5840/src/debug_log/debug_log_round350_20260718_215859.336569352.log
Removed passed log: /home/zaxy/studyspace/projects/6.5840/src/debug_log/debug_log_round351_20260718_215901.043812269.log
Removed passed log: /home/zaxy/studyspace/projects/6.5840/src/debug_log/debug_log_round352_20260718_215901.050085711.log
Removed passed log: /home/zaxy/studyspace/projects/6.5840/src/debug_log/debug_log_round353_20260718_215901.055958427.log
Removed passed log: /home/zaxy/studyspace/projects/6.5840/src/debug_log/debug_log_round354_20260718_215903.479848200.log
Removed passed log: /home/zaxy/studyspace/projects/6.5840/src/debug_log/debug_log_round355_20260718_215903.557989128.log
Removed passed log: /home/zaxy/studyspace/projects/6.5840/src/debug_log/debug_log_round356_20260718_215903.566392738.log
Removed passed log: /home/zaxy/studyspace/projects/6.5840/src/debug_log/debug_log_round357_20260718_215903.575062303.log
Removed passed log: /home/zaxy/studyspace/projects/6.5840/src/debug_log/debug_log_round358_20260718_215903.739342279.log
Removed passed log: /home/zaxy/studyspace/projects/6.5840/src/debug_log/debug_log_round359_20260718_215903.749207231.log
Removed passed log: /home/zaxy/studyspace/projects/6.5840/src/debug_log/debug_log_round360_20260718_215904.009298950.log
Removed passed log: /home/zaxy/studyspace/projects/6.5840/src/debug_log/debug_log_round361_20260718_215904.017428255.log
Removed passed log: /home/zaxy/studyspace/projects/6.5840/src/debug_log/debug_log_round362_20260718_215904.024435993.log
Removed passed log: /home/zaxy/studyspace/projects/6.5840/src/debug_log/debug_log_round363_20260718_215904.238208185.log
Removed passed log: /home/zaxy/studyspace/projects/6.5840/src/debug_log/debug_log_round364_20260718_215904.771809463.log
Removed passed log: /home/zaxy/studyspace/projects/6.5840/src/debug_log/debug_log_round365_20260718_215907.271476445.log
Removed passed log: /home/zaxy/studyspace/projects/6.5840/src/debug_log/debug_log_round366_20260718_215907.277929669.log
Removed passed log: /home/zaxy/studyspace/projects/6.5840/src/debug_log/debug_log_round367_20260718_215909.828382863.log
Removed passed log: /home/zaxy/studyspace/projects/6.5840/src/debug_log/debug_log_round368_20260718_215909.836489073.log
Removed passed log: /home/zaxy/studyspace/projects/6.5840/src/debug_log/debug_log_round369_20260718_215914.335986563.log
Removed passed log: /home/zaxy/studyspace/projects/6.5840/src/debug_log/debug_log_round370_20260718_215914.343825549.log
Removed passed log: /home/zaxy/studyspace/projects/6.5840/src/debug_log/debug_log_round371_20260718_215914.353553781.log
Removed passed log: /home/zaxy/studyspace/projects/6.5840/src/debug_log/debug_log_round372_20260718_215914.402546153.log
Removed passed log: /home/zaxy/studyspace/projects/6.5840/src/debug_log/debug_log_round373_20260718_215914.412429715.log
Removed passed log: /home/zaxy/studyspace/projects/6.5840/src/debug_log/debug_log_round374_20260718_215915.605798444.log
Removed passed log: /home/zaxy/studyspace/projects/6.5840/src/debug_log/debug_log_round375_20260718_215915.611774472.log
Removed passed log: /home/zaxy/studyspace/projects/6.5840/src/debug_log/debug_log_round376_20260718_215915.618132294.log
Removed passed log: /home/zaxy/studyspace/projects/6.5840/src/debug_log/debug_log_round377_20260718_215915.624453819.log
Removed passed log: /home/zaxy/studyspace/projects/6.5840/src/debug_log/debug_log_round378_20260718_215915.632689299.log
Removed passed log: /home/zaxy/studyspace/projects/6.5840/src/debug_log/debug_log_round379_20260718_215915.641510653.log
Removed passed log: /home/zaxy/studyspace/projects/6.5840/src/debug_log/debug_log_round380_20260718_215915.650619474.log
Removed passed log: /home/zaxy/studyspace/projects/6.5840/src/debug_log/debug_log_round381_20260718_215915.659481721.log
Removed passed log: /home/zaxy/studyspace/projects/6.5840/src/debug_log/debug_log_round382_20260718_215915.668121841.log
Removed passed log: /home/zaxy/studyspace/projects/6.5840/src/debug_log/debug_log_round383_20260718_215915.677717691.log
Removed passed log: /home/zaxy/studyspace/projects/6.5840/src/debug_log/debug_log_round384_20260718_215915.690469174.log
Removed passed log: /home/zaxy/studyspace/projects/6.5840/src/debug_log/debug_log_round385_20260718_215915.699720862.log
Removed passed log: /home/zaxy/studyspace/projects/6.5840/src/debug_log/debug_log_round386_20260718_215915.710274800.log
Removed passed log: /home/zaxy/studyspace/projects/6.5840/src/debug_log/debug_log_round387_20260718_215915.722731441.log
Removed passed log: /home/zaxy/studyspace/projects/6.5840/src/debug_log/debug_log_round388_20260718_215915.740890923.log
Removed passed log: /home/zaxy/studyspace/projects/6.5840/src/debug_log/debug_log_round389_20260718_215915.756988394.log
Removed passed log: /home/zaxy/studyspace/projects/6.5840/src/debug_log/debug_log_round390_20260718_215916.535092993.log
Removed passed log: /home/zaxy/studyspace/projects/6.5840/src/debug_log/debug_log_round391_20260718_215916.561238023.log
Removed passed log: /home/zaxy/studyspace/projects/6.5840/src/debug_log/debug_log_round392_20260718_215918.515144497.log
Removed passed log: /home/zaxy/studyspace/projects/6.5840/src/debug_log/debug_log_round393_20260718_215919.018819743.log
Removed passed log: /home/zaxy/studyspace/projects/6.5840/src/debug_log/debug_log_round394_20260718_215919.026765743.log
Removed passed log: /home/zaxy/studyspace/projects/6.5840/src/debug_log/debug_log_round395_20260718_215919.034068601.log
Removed passed log: /home/zaxy/studyspace/projects/6.5840/src/debug_log/debug_log_round396_20260718_215919.041808515.log
Removed passed log: /home/zaxy/studyspace/projects/6.5840/src/debug_log/debug_log_round397_20260718_215919.465101385.log
Removed passed log: /home/zaxy/studyspace/projects/6.5840/src/debug_log/debug_log_round398_20260718_215919.472125533.log
Removed passed log: /home/zaxy/studyspace/projects/6.5840/src/debug_log/debug_log_round399_20260718_215919.481432090.log
Removed passed log: /home/zaxy/studyspace/projects/6.5840/src/debug_log/debug_log_round400_20260718_215919.491571144.log
Removed passed log: /home/zaxy/studyspace/projects/6.5840/src/debug_log/debug_log_round401_20260718_215920.910663438.log
Removed passed log: /home/zaxy/studyspace/projects/6.5840/src/debug_log/debug_log_round402_20260718_215920.919174323.log
Removed passed log: /home/zaxy/studyspace/projects/6.5840/src/debug_log/debug_log_round403_20260718_215920.928979096.log
Removed passed log: /home/zaxy/studyspace/projects/6.5840/src/debug_log/debug_log_round404_20260718_215922.218574201.log
Removed passed log: /home/zaxy/studyspace/projects/6.5840/src/debug_log/debug_log_round405_20260718_215923.254944325.log
Removed passed log: /home/zaxy/studyspace/projects/6.5840/src/debug_log/debug_log_round406_20260718_215923.260909291.log
Removed passed log: /home/zaxy/studyspace/projects/6.5840/src/debug_log/debug_log_round407_20260718_215923.289090372.log
Removed passed log: /home/zaxy/studyspace/projects/6.5840/src/debug_log/debug_log_round408_20260718_215923.506464407.log
Removed passed log: /home/zaxy/studyspace/projects/6.5840/src/debug_log/debug_log_round409_20260718_215923.514312182.log
Removed passed log: /home/zaxy/studyspace/projects/6.5840/src/debug_log/debug_log_round410_20260718_215924.871536689.log
Removed passed log: /home/zaxy/studyspace/projects/6.5840/src/debug_log/debug_log_round411_20260718_215924.877460131.log
Removed passed log: /home/zaxy/studyspace/projects/6.5840/src/debug_log/debug_log_round412_20260718_215924.884204218.log
Removed passed log: /home/zaxy/studyspace/projects/6.5840/src/debug_log/debug_log_round413_20260718_215924.889897592.log
Removed passed log: /home/zaxy/studyspace/projects/6.5840/src/debug_log/debug_log_round414_20260718_215924.896806307.log
Removed passed log: /home/zaxy/studyspace/projects/6.5840/src/debug_log/debug_log_round415_20260718_215926.173699962.log
Removed passed log: /home/zaxy/studyspace/projects/6.5840/src/debug_log/debug_log_round416_20260718_215926.309467489.log
Removed passed log: /home/zaxy/studyspace/projects/6.5840/src/debug_log/debug_log_round417_20260718_215927.861205197.log
Removed passed log: /home/zaxy/studyspace/projects/6.5840/src/debug_log/debug_log_round418_20260718_215929.153483988.log
Removed passed log: /home/zaxy/studyspace/projects/6.5840/src/debug_log/debug_log_round419_20260718_215932.095219473.log
Removed passed log: /home/zaxy/studyspace/projects/6.5840/src/debug_log/debug_log_round420_20260718_215932.184158712.log
Removed passed log: /home/zaxy/studyspace/projects/6.5840/src/debug_log/debug_log_round421_20260718_215932.495789284.log
Removed passed log: /home/zaxy/studyspace/projects/6.5840/src/debug_log/debug_log_round422_20260718_215933.500145013.log
Removed passed log: /home/zaxy/studyspace/projects/6.5840/src/debug_log/debug_log_round423_20260718_215933.512622551.log
Removed passed log: /home/zaxy/studyspace/projects/6.5840/src/debug_log/debug_log_round424_20260718_215933.786904926.log
Removed passed log: /home/zaxy/studyspace/projects/6.5840/src/debug_log/debug_log_round425_20260718_215935.685646807.log
Removed passed log: /home/zaxy/studyspace/projects/6.5840/src/debug_log/debug_log_round426_20260718_215935.695754836.log
Removed passed log: /home/zaxy/studyspace/projects/6.5840/src/debug_log/debug_log_round427_20260718_215937.590178191.log
Removed passed log: /home/zaxy/studyspace/projects/6.5840/src/debug_log/debug_log_round428_20260718_215937.640332731.log
Removed passed log: /home/zaxy/studyspace/projects/6.5840/src/debug_log/debug_log_round429_20260718_215937.647378026.log
Removed passed log: /home/zaxy/studyspace/projects/6.5840/src/debug_log/debug_log_round430_20260718_215937.655985183.log
Removed passed log: /home/zaxy/studyspace/projects/6.5840/src/debug_log/debug_log_round431_20260718_215937.666940974.log
Removed passed log: /home/zaxy/studyspace/projects/6.5840/src/debug_log/debug_log_round432_20260718_215937.736145394.log
Removed passed log: /home/zaxy/studyspace/projects/6.5840/src/debug_log/debug_log_round433_20260718_215937.747945128.log
Removed passed log: /home/zaxy/studyspace/projects/6.5840/src/debug_log/debug_log_round434_20260718_215937.759712632.log
Removed passed log: /home/zaxy/studyspace/projects/6.5840/src/debug_log/debug_log_round435_20260718_215937.779120018.log
Removed passed log: /home/zaxy/studyspace/projects/6.5840/src/debug_log/debug_log_round436_20260718_215937.793882194.log
Removed passed log: /home/zaxy/studyspace/projects/6.5840/src/debug_log/debug_log_round437_20260718_215937.810910200.log
Removed passed log: /home/zaxy/studyspace/projects/6.5840/src/debug_log/debug_log_round438_20260718_215937.826268638.log
Removed passed log: /home/zaxy/studyspace/projects/6.5840/src/debug_log/debug_log_round439_20260718_215937.839257462.log
Removed passed log: /home/zaxy/studyspace/projects/6.5840/src/debug_log/debug_log_round440_20260718_215937.856476326.log
Removed passed log: /home/zaxy/studyspace/projects/6.5840/src/debug_log/debug_log_round441_20260718_215937.874850124.log
Removed passed log: /home/zaxy/studyspace/projects/6.5840/src/debug_log/debug_log_round442_20260718_215937.893352091.log
Removed passed log: /home/zaxy/studyspace/projects/6.5840/src/debug_log/debug_log_round443_20260718_215938.457576175.log
Removed passed log: /home/zaxy/studyspace/projects/6.5840/src/debug_log/debug_log_round444_20260718_215938.484548414.log
Removed passed log: /home/zaxy/studyspace/projects/6.5840/src/debug_log/debug_log_round445_20260718_215938.515242277.log
Removed passed log: /home/zaxy/studyspace/projects/6.5840/src/debug_log/debug_log_round446_20260718_215938.745129455.log
Removed passed log: /home/zaxy/studyspace/projects/6.5840/src/debug_log/debug_log_round447_20260718_215939.207231779.log
Removed passed log: /home/zaxy/studyspace/projects/6.5840/src/debug_log/debug_log_round448_20260718_215939.214952847.log
Removed passed log: /home/zaxy/studyspace/projects/6.5840/src/debug_log/debug_log_round449_20260718_215939.225890640.log
Removed passed log: /home/zaxy/studyspace/projects/6.5840/src/debug_log/debug_log_round450_20260718_215939.233986881.log
Removed passed log: /home/zaxy/studyspace/projects/6.5840/src/debug_log/debug_log_round451_20260718_215939.242233599.log
Removed passed log: /home/zaxy/studyspace/projects/6.5840/src/debug_log/debug_log_round452_20260718_215939.251692955.log
Removed passed log: /home/zaxy/studyspace/projects/6.5840/src/debug_log/debug_log_round453_20260718_215939.421515413.log
Removed passed log: /home/zaxy/studyspace/projects/6.5840/src/debug_log/debug_log_round454_20260718_215940.304742839.log
Removed passed log: /home/zaxy/studyspace/projects/6.5840/src/debug_log/debug_log_round455_20260718_215941.913776315.log
Removed passed log: /home/zaxy/studyspace/projects/6.5840/src/debug_log/debug_log_round456_20260718_215941.922625517.log
Removed passed log: /home/zaxy/studyspace/projects/6.5840/src/debug_log/debug_log_round457_20260718_215942.095929090.log
Removed passed log: /home/zaxy/studyspace/projects/6.5840/src/debug_log/debug_log_round458_20260718_215942.854575690.log
Removed passed log: /home/zaxy/studyspace/projects/6.5840/src/debug_log/debug_log_round459_20260718_215942.860972782.log
Removed passed log: /home/zaxy/studyspace/projects/6.5840/src/debug_log/debug_log_round460_20260718_215943.258097964.log
Removed passed log: /home/zaxy/studyspace/projects/6.5840/src/debug_log/debug_log_round461_20260718_215943.716769333.log
Removed passed log: /home/zaxy/studyspace/projects/6.5840/src/debug_log/debug_log_round462_20260718_215944.743980090.log
Removed passed log: /home/zaxy/studyspace/projects/6.5840/src/debug_log/debug_log_round463_20260718_215944.750228100.log
Removed passed log: /home/zaxy/studyspace/projects/6.5840/src/debug_log/debug_log_round464_20260718_215944.757584635.log
Removed passed log: /home/zaxy/studyspace/projects/6.5840/src/debug_log/debug_log_round465_20260718_215944.766087048.log
Removed passed log: /home/zaxy/studyspace/projects/6.5840/src/debug_log/debug_log_round466_20260718_215944.772275950.log
Removed passed log: /home/zaxy/studyspace/projects/6.5840/src/debug_log/debug_log_round467_20260718_215948.388158238.log
Removed passed log: /home/zaxy/studyspace/projects/6.5840/src/debug_log/debug_log_round468_20260718_215948.394608378.log
Removed passed log: /home/zaxy/studyspace/projects/6.5840/src/debug_log/debug_log_round469_20260718_215949.967229283.log
Removed passed log: /home/zaxy/studyspace/projects/6.5840/src/debug_log/debug_log_round470_20260718_215951.108770785.log
Removed passed log: /home/zaxy/studyspace/projects/6.5840/src/debug_log/debug_log_round471_20260718_215951.394682351.log
Removed passed log: /home/zaxy/studyspace/projects/6.5840/src/debug_log/debug_log_round472_20260718_215952.337934552.log
Removed passed log: /home/zaxy/studyspace/projects/6.5840/src/debug_log/debug_log_round473_20260718_215952.667787137.log
Removed passed log: /home/zaxy/studyspace/projects/6.5840/src/debug_log/debug_log_round474_20260718_215952.964062699.log
Removed passed log: /home/zaxy/studyspace/projects/6.5840/src/debug_log/debug_log_round475_20260718_215953.731083509.log
Removed passed log: /home/zaxy/studyspace/projects/6.5840/src/debug_log/debug_log_round476_20260718_215953.859730729.log
Removed passed log: /home/zaxy/studyspace/projects/6.5840/src/debug_log/debug_log_round477_20260718_215955.255324652.log
Removed passed log: /home/zaxy/studyspace/projects/6.5840/src/debug_log/debug_log_round478_20260718_215957.744939946.log
Removed passed log: /home/zaxy/studyspace/projects/6.5840/src/debug_log/debug_log_round479_20260718_215959.748080352.log
Removed passed log: /home/zaxy/studyspace/projects/6.5840/src/debug_log/debug_log_round480_20260718_215959.756753164.log
Removed passed log: /home/zaxy/studyspace/projects/6.5840/src/debug_log/debug_log_round481_20260718_215959.765054762.log
Removed passed log: /home/zaxy/studyspace/projects/6.5840/src/debug_log/debug_log_round482_20260718_215959.774479016.log
Removed passed log: /home/zaxy/studyspace/projects/6.5840/src/debug_log/debug_log_round483_20260718_220000.350984629.log
Removed passed log: /home/zaxy/studyspace/projects/6.5840/src/debug_log/debug_log_round484_20260718_220000.364346053.log
Removed passed log: /home/zaxy/studyspace/projects/6.5840/src/debug_log/debug_log_round485_20260718_220000.379982415.log
Removed passed log: /home/zaxy/studyspace/projects/6.5840/src/debug_log/debug_log_round486_20260718_220000.397471273.log
Removed passed log: /home/zaxy/studyspace/projects/6.5840/src/debug_log/debug_log_round487_20260718_220000.614888042.log
Removed passed log: /home/zaxy/studyspace/projects/6.5840/src/debug_log/debug_log_round488_20260718_220000.630903630.log
Removed passed log: /home/zaxy/studyspace/projects/6.5840/src/debug_log/debug_log_round489_20260718_220000.645007122.log
Removed passed log: /home/zaxy/studyspace/projects/6.5840/src/debug_log/debug_log_round490_20260718_220000.659923240.log
Removed passed log: /home/zaxy/studyspace/projects/6.5840/src/debug_log/debug_log_round491_20260718_220000.676846563.log
Removed passed log: /home/zaxy/studyspace/projects/6.5840/src/debug_log/debug_log_round492_20260718_220001.292055674.log
Removed passed log: /home/zaxy/studyspace/projects/6.5840/src/debug_log/debug_log_round493_20260718_220001.304152433.log
Removed passed log: /home/zaxy/studyspace/projects/6.5840/src/debug_log/debug_log_round494_20260718_220001.312962988.log
Removed passed log: /home/zaxy/studyspace/projects/6.5840/src/debug_log/debug_log_round495_20260718_220001.321728009.log
Removed passed log: /home/zaxy/studyspace/projects/6.5840/src/debug_log/debug_log_round496_20260718_220001.330305683.log
Removed passed log: /home/zaxy/studyspace/projects/6.5840/src/debug_log/debug_log_round497_20260718_220001.340102786.log
Removed passed log: /home/zaxy/studyspace/projects/6.5840/src/debug_log/debug_log_round498_20260718_220001.347998817.log
Removed passed log: /home/zaxy/studyspace/projects/6.5840/src/debug_log/debug_log_round499_20260718_220001.355031167.log
Removed passed log: /home/zaxy/studyspace/projects/6.5840/src/debug_log/debug_log_round500_20260718_220001.364366600.log
Removed passed log: /home/zaxy/studyspace/projects/6.5840/src/debug_log/debug_log_round501_20260718_220001.377813255.log
Removed passed log: /home/zaxy/studyspace/projects/6.5840/src/debug_log/debug_log_round502_20260718_220001.396427395.log
Removed passed log: /home/zaxy/studyspace/projects/6.5840/src/debug_log/debug_log_round503_20260718_220001.944182160.log
Removed passed log: /home/zaxy/studyspace/projects/6.5840/src/debug_log/debug_log_round504_20260718_220001.975701516.log
Removed passed log: /home/zaxy/studyspace/projects/6.5840/src/debug_log/debug_log_round505_20260718_220001.995114594.log
Removed passed log: /home/zaxy/studyspace/projects/6.5840/src/debug_log/debug_log_round506_20260718_220002.014327316.log
Removed passed log: /home/zaxy/studyspace/projects/6.5840/src/debug_log/debug_log_round507_20260718_220002.036981659.log
Removed passed log: /home/zaxy/studyspace/projects/6.5840/src/debug_log/debug_log_round508_20260718_220002.194007167.log
Removed passed log: /home/zaxy/studyspace/projects/6.5840/src/debug_log/debug_log_round509_20260718_220003.065351076.log
Removed passed log: /home/zaxy/studyspace/projects/6.5840/src/debug_log/debug_log_round510_20260718_220003.074653711.log
Removed passed log: /home/zaxy/studyspace/projects/6.5840/src/debug_log/debug_log_round511_20260718_220003.083863925.log
Removed passed log: /home/zaxy/studyspace/projects/6.5840/src/debug_log/debug_log_round512_20260718_220003.092822480.log
Removed passed log: /home/zaxy/studyspace/projects/6.5840/src/debug_log/debug_log_round513_20260718_220003.100130710.log
Removed passed log: /home/zaxy/studyspace/projects/6.5840/src/debug_log/debug_log_round514_20260718_220003.110254970.log
Removed passed log: /home/zaxy/studyspace/projects/6.5840/src/debug_log/debug_log_round515_20260718_220003.349480748.log
Removed passed log: /home/zaxy/studyspace/projects/6.5840/src/debug_log/debug_log_round516_20260718_220003.826452934.log
Removed passed log: /home/zaxy/studyspace/projects/6.5840/src/debug_log/debug_log_round517_20260718_220007.433816955.log
Removed passed log: /home/zaxy/studyspace/projects/6.5840/src/debug_log/debug_log_round518_20260718_220007.440243267.log
Removed passed log: /home/zaxy/studyspace/projects/6.5840/src/debug_log/debug_log_round519_20260718_220008.188266388.log
Removed passed log: /home/zaxy/studyspace/projects/6.5840/src/debug_log/debug_log_round520_20260718_220011.336510546.log
Removed passed log: /home/zaxy/studyspace/projects/6.5840/src/debug_log/debug_log_round521_20260718_220011.344103977.log
Removed passed log: /home/zaxy/studyspace/projects/6.5840/src/debug_log/debug_log_round522_20260718_220011.475975944.log
Removed passed log: /home/zaxy/studyspace/projects/6.5840/src/debug_log/debug_log_round523_20260718_220011.935556236.log
Removed passed log: /home/zaxy/studyspace/projects/6.5840/src/debug_log/debug_log_round524_20260718_220011.944831364.log
Removed passed log: /home/zaxy/studyspace/projects/6.5840/src/debug_log/debug_log_round525_20260718_220012.335686319.log
Removed passed log: /home/zaxy/studyspace/projects/6.5840/src/debug_log/debug_log_round526_20260718_220012.895793193.log
Removed passed log: /home/zaxy/studyspace/projects/6.5840/src/debug_log/debug_log_round527_20260718_220013.798091958.log
Removed passed log: /home/zaxy/studyspace/projects/6.5840/src/debug_log/debug_log_round528_20260718_220015.906895212.log
Removed passed log: /home/zaxy/studyspace/projects/6.5840/src/debug_log/debug_log_round529_20260718_220018.211541091.log
Removed passed log: /home/zaxy/studyspace/projects/6.5840/src/debug_log/debug_log_round530_20260718_220018.671020304.log
Removed passed log: /home/zaxy/studyspace/projects/6.5840/src/debug_log/debug_log_round531_20260718_220018.679630720.log
Removed passed log: /home/zaxy/studyspace/projects/6.5840/src/debug_log/debug_log_round532_20260718_220019.353150044.log
Removed passed log: /home/zaxy/studyspace/projects/6.5840/src/debug_log/debug_log_round533_20260718_220019.360881569.log
Removed passed log: /home/zaxy/studyspace/projects/6.5840/src/debug_log/debug_log_round534_20260718_220021.530602664.log
Removed passed log: /home/zaxy/studyspace/projects/6.5840/src/debug_log/debug_log_round535_20260718_220021.536864934.log
Removed passed log: /home/zaxy/studyspace/projects/6.5840/src/debug_log/debug_log_round536_20260718_220021.544779412.log
Removed passed log: /home/zaxy/studyspace/projects/6.5840/src/debug_log/debug_log_round537_20260718_220021.556275133.log
Removed passed log: /home/zaxy/studyspace/projects/6.5840/src/debug_log/debug_log_round538_20260718_220021.566007230.log
Removed passed log: /home/zaxy/studyspace/projects/6.5840/src/debug_log/debug_log_round539_20260718_220021.576217964.log
Removed passed log: /home/zaxy/studyspace/projects/6.5840/src/debug_log/debug_log_round540_20260718_220022.388843031.log
Removed passed log: /home/zaxy/studyspace/projects/6.5840/src/debug_log/debug_log_round541_20260718_220022.395032054.log
Removed passed log: /home/zaxy/studyspace/projects/6.5840/src/debug_log/debug_log_round542_20260718_220022.403387386.log
Removed passed log: /home/zaxy/studyspace/projects/6.5840/src/debug_log/debug_log_round543_20260718_220022.414255217.log
Removed passed log: /home/zaxy/studyspace/projects/6.5840/src/debug_log/debug_log_round544_20260718_220023.543946205.log
Removed passed log: /home/zaxy/studyspace/projects/6.5840/src/debug_log/debug_log_round545_20260718_220023.550008158.log
Removed passed log: /home/zaxy/studyspace/projects/6.5840/src/debug_log/debug_log_round546_20260718_220023.557579104.log
Removed passed log: /home/zaxy/studyspace/projects/6.5840/src/debug_log/debug_log_round547_20260718_220023.565191781.log
Removed passed log: /home/zaxy/studyspace/projects/6.5840/src/debug_log/debug_log_round548_20260718_220023.573196209.log
Removed passed log: /home/zaxy/studyspace/projects/6.5840/src/debug_log/debug_log_round549_20260718_220023.689741457.log
Removed passed log: /home/zaxy/studyspace/projects/6.5840/src/debug_log/debug_log_round550_20260718_220023.699577601.log
Removed passed log: /home/zaxy/studyspace/projects/6.5840/src/debug_log/debug_log_round551_20260718_220023.711732681.log
Removed passed log: /home/zaxy/studyspace/projects/6.5840/src/debug_log/debug_log_round552_20260718_220023.724926115.log
Removed passed log: /home/zaxy/studyspace/projects/6.5840/src/debug_log/debug_log_round553_20260718_220023.739066229.log
Removed passed log: /home/zaxy/studyspace/projects/6.5840/src/debug_log/debug_log_round554_20260718_220023.749484338.log
Removed passed log: /home/zaxy/studyspace/projects/6.5840/src/debug_log/debug_log_round555_20260718_220023.762421634.log
Removed passed log: /home/zaxy/studyspace/projects/6.5840/src/debug_log/debug_log_round556_20260718_220023.775691931.log
Removed passed log: /home/zaxy/studyspace/projects/6.5840/src/debug_log/debug_log_round557_20260718_220023.791338572.log
Removed passed log: /home/zaxy/studyspace/projects/6.5840/src/debug_log/debug_log_round558_20260718_220023.814575463.log
Removed passed log: /home/zaxy/studyspace/projects/6.5840/src/debug_log/debug_log_round559_20260718_220023.834930302.log
Removed passed log: /home/zaxy/studyspace/projects/6.5840/src/debug_log/debug_log_round560_20260718_220023.854166335.log
Removed passed log: /home/zaxy/studyspace/projects/6.5840/src/debug_log/debug_log_round561_20260718_220023.880789552.log
Removed passed log: /home/zaxy/studyspace/projects/6.5840/src/debug_log/debug_log_round562_20260718_220023.903827185.log
Removed passed log: /home/zaxy/studyspace/projects/6.5840/src/debug_log/debug_log_round563_20260718_220023.920128085.log
Removed passed log: /home/zaxy/studyspace/projects/6.5840/src/debug_log/debug_log_round564_20260718_220023.946153260.log
Removed passed log: /home/zaxy/studyspace/projects/6.5840/src/debug_log/debug_log_round565_20260718_220023.971189828.log
Removed passed log: /home/zaxy/studyspace/projects/6.5840/src/debug_log/debug_log_round566_20260718_220024.012224257.log
Removed passed log: /home/zaxy/studyspace/projects/6.5840/src/debug_log/debug_log_round567_20260718_220025.871814968.log
Removed passed log: /home/zaxy/studyspace/projects/6.5840/src/debug_log/debug_log_round568_20260718_220027.396394894.log
Removed passed log: /home/zaxy/studyspace/projects/6.5840/src/debug_log/debug_log_round569_20260718_220027.403570100.log
Removed passed log: /home/zaxy/studyspace/projects/6.5840/src/debug_log/debug_log_round570_20260718_220030.930258671.log
Removed passed log: /home/zaxy/studyspace/projects/6.5840/src/debug_log/debug_log_round571_20260718_220030.958900835.log
Removed passed log: /home/zaxy/studyspace/projects/6.5840/src/debug_log/debug_log_round572_20260718_220030.967095448.log
Removed passed log: /home/zaxy/studyspace/projects/6.5840/src/debug_log/debug_log_round573_20260718_220031.281564984.log
Removed passed log: /home/zaxy/studyspace/projects/6.5840/src/debug_log/debug_log_round574_20260718_220031.290957779.log
Removed passed log: /home/zaxy/studyspace/projects/6.5840/src/debug_log/debug_log_round575_20260718_220031.301056242.log
Removed passed log: /home/zaxy/studyspace/projects/6.5840/src/debug_log/debug_log_round576_20260718_220032.883006833.log
Removed passed log: /home/zaxy/studyspace/projects/6.5840/src/debug_log/debug_log_round577_20260718_220034.077293767.log
Removed passed log: /home/zaxy/studyspace/projects/6.5840/src/debug_log/debug_log_round578_20260718_220034.097949267.log
Removed passed log: /home/zaxy/studyspace/projects/6.5840/src/debug_log/debug_log_round579_20260718_220037.592655190.log
Removed passed log: /home/zaxy/studyspace/projects/6.5840/src/debug_log/debug_log_round580_20260718_220038.437467950.log
Removed passed log: /home/zaxy/studyspace/projects/6.5840/src/debug_log/debug_log_round581_20260718_220038.445091302.log
Removed passed log: /home/zaxy/studyspace/projects/6.5840/src/debug_log/debug_log_round582_20260718_220038.457181796.log
Removed passed log: /home/zaxy/studyspace/projects/6.5840/src/debug_log/debug_log_round583_20260718_220038.467276423.log
Removed passed log: /home/zaxy/studyspace/projects/6.5840/src/debug_log/debug_log_round584_20260718_220039.960743281.log
Removed passed log: /home/zaxy/studyspace/projects/6.5840/src/debug_log/debug_log_round585_20260718_220039.971069149.log
Removed passed log: /home/zaxy/studyspace/projects/6.5840/src/debug_log/debug_log_round586_20260718_220039.979876719.log
Removed passed log: /home/zaxy/studyspace/projects/6.5840/src/debug_log/debug_log_round587_20260718_220040.206716241.log
Removed passed log: /home/zaxy/studyspace/projects/6.5840/src/debug_log/debug_log_round588_20260718_220040.912783856.log
Removed passed log: /home/zaxy/studyspace/projects/6.5840/src/debug_log/debug_log_round589_20260718_220040.920231936.log
Removed passed log: /home/zaxy/studyspace/projects/6.5840/src/debug_log/debug_log_round590_20260718_220040.926920679.log
Removed passed log: /home/zaxy/studyspace/projects/6.5840/src/debug_log/debug_log_round591_20260718_220040.935725426.log
Removed passed log: /home/zaxy/studyspace/projects/6.5840/src/debug_log/debug_log_round592_20260718_220040.943126643.log
Removed passed log: /home/zaxy/studyspace/projects/6.5840/src/debug_log/debug_log_round593_20260718_220041.089894728.log
Removed passed log: /home/zaxy/studyspace/projects/6.5840/src/debug_log/debug_log_round594_20260718_220042.638049624.log
Removed passed log: /home/zaxy/studyspace/projects/6.5840/src/debug_log/debug_log_round595_20260718_220043.209988570.log
Removed passed log: /home/zaxy/studyspace/projects/6.5840/src/debug_log/debug_log_round596_20260718_220043.217938449.log
Removed passed log: /home/zaxy/studyspace/projects/6.5840/src/debug_log/debug_log_round597_20260718_220043.225609474.log
Removed passed log: /home/zaxy/studyspace/projects/6.5840/src/debug_log/debug_log_round598_20260718_220045.238223121.log
Removed passed log: /home/zaxy/studyspace/projects/6.5840/src/debug_log/debug_log_round599_20260718_220045.245224953.log
Removed passed log: /home/zaxy/studyspace/projects/6.5840/src/debug_log/debug_log_round600_20260718_220045.252592856.log
Removed passed log: /home/zaxy/studyspace/projects/6.5840/src/debug_log/debug_log_round601_20260718_220045.261718078.log
Removed passed log: /home/zaxy/studyspace/projects/6.5840/src/debug_log/debug_log_round602_20260718_220045.572349594.log
Removed passed log: /home/zaxy/studyspace/projects/6.5840/src/debug_log/debug_log_round603_20260718_220045.582758598.log
Removed passed log: /home/zaxy/studyspace/projects/6.5840/src/debug_log/debug_log_round604_20260718_220045.591461949.log
Removed passed log: /home/zaxy/studyspace/projects/6.5840/src/debug_log/debug_log_round605_20260718_220045.606618183.log
Removed passed log: /home/zaxy/studyspace/projects/6.5840/src/debug_log/debug_log_round606_20260718_220045.616243502.log
Removed passed log: /home/zaxy/studyspace/projects/6.5840/src/debug_log/debug_log_round607_20260718_220045.629198053.log
Removed passed log: /home/zaxy/studyspace/projects/6.5840/src/debug_log/debug_log_round608_20260718_220045.636359724.log
Removed passed log: /home/zaxy/studyspace/projects/6.5840/src/debug_log/debug_log_round609_20260718_220045.647518718.log
Removed passed log: /home/zaxy/studyspace/projects/6.5840/src/debug_log/debug_log_round610_20260718_220045.656397919.log
Removed passed log: /home/zaxy/studyspace/projects/6.5840/src/debug_log/debug_log_round611_20260718_220045.989063702.log
Removed passed log: /home/zaxy/studyspace/projects/6.5840/src/debug_log/debug_log_round612_20260718_220046.005130944.log
Removed passed log: /home/zaxy/studyspace/projects/6.5840/src/debug_log/debug_log_round613_20260718_220046.015319493.log
Removed passed log: /home/zaxy/studyspace/projects/6.5840/src/debug_log/debug_log_round614_20260718_220046.028600418.log
Removed passed log: /home/zaxy/studyspace/projects/6.5840/src/debug_log/debug_log_round615_20260718_220046.043781115.log
Removed passed log: /home/zaxy/studyspace/projects/6.5840/src/debug_log/debug_log_round616_20260718_220046.060970680.log
Removed passed log: /home/zaxy/studyspace/projects/6.5840/src/debug_log/debug_log_round617_20260718_220046.677612529.log
Removed passed log: /home/zaxy/studyspace/projects/6.5840/src/debug_log/debug_log_round618_20260718_220046.685139103.log
Removed passed log: /home/zaxy/studyspace/projects/6.5840/src/debug_log/debug_log_round619_20260718_220046.691481202.log
Removed passed log: /home/zaxy/studyspace/projects/6.5840/src/debug_log/debug_log_round620_20260718_220048.334990437.log
Removed passed log: /home/zaxy/studyspace/projects/6.5840/src/debug_log/debug_log_round621_20260718_220049.731228471.log
Removed passed log: /home/zaxy/studyspace/projects/6.5840/src/debug_log/debug_log_round622_20260718_220050.348173951.log
Removed passed log: /home/zaxy/studyspace/projects/6.5840/src/debug_log/debug_log_round623_20260718_220050.357234441.log
Removed passed log: /home/zaxy/studyspace/projects/6.5840/src/debug_log/debug_log_round624_20260718_220050.364680166.log
Removed passed log: /home/zaxy/studyspace/projects/6.5840/src/debug_log/debug_log_round625_20260718_220050.371692550.log
Removed passed log: /home/zaxy/studyspace/projects/6.5840/src/debug_log/debug_log_round626_20260718_220051.367087087.log
Removed passed log: /home/zaxy/studyspace/projects/6.5840/src/debug_log/debug_log_round627_20260718_220051.921684884.log
Removed passed log: /home/zaxy/studyspace/projects/6.5840/src/debug_log/debug_log_round628_20260718_220052.291293349.log
Removed passed log: /home/zaxy/studyspace/projects/6.5840/src/debug_log/debug_log_round629_20260718_220055.148017055.log
Removed passed log: /home/zaxy/studyspace/projects/6.5840/src/debug_log/debug_log_round630_20260718_220055.871081306.log
Removed passed log: /home/zaxy/studyspace/projects/6.5840/src/debug_log/debug_log_round631_20260718_220057.508304787.log
Removed passed log: /home/zaxy/studyspace/projects/6.5840/src/debug_log/debug_log_round632_20260718_220057.516012911.log
Removed passed log: /home/zaxy/studyspace/projects/6.5840/src/debug_log/debug_log_round633_20260718_220057.523550285.log
Removed passed log: /home/zaxy/studyspace/projects/6.5840/src/debug_log/debug_log_round634_20260718_220057.827957196.log
Removed passed log: /home/zaxy/studyspace/projects/6.5840/src/debug_log/debug_log_round635_20260718_220058.759785163.log
Removed passed log: /home/zaxy/studyspace/projects/6.5840/src/debug_log/debug_log_round636_20260718_220058.987321686.log
Removed passed log: /home/zaxy/studyspace/projects/6.5840/src/debug_log/debug_log_round637_20260718_220059.768304799.log
Removed passed log: /home/zaxy/studyspace/projects/6.5840/src/debug_log/debug_log_round638_20260718_220100.307956518.log
Removed passed log: /home/zaxy/studyspace/projects/6.5840/src/debug_log/debug_log_round639_20260718_220100.315795189.log
Removed passed log: /home/zaxy/studyspace/projects/6.5840/src/debug_log/debug_log_round640_20260718_220100.325052799.log
Removed passed log: /home/zaxy/studyspace/projects/6.5840/src/debug_log/debug_log_round641_20260718_220100.333345440.log
Removed passed log: /home/zaxy/studyspace/projects/6.5840/src/debug_log/debug_log_round642_20260718_220100.720105317.log
Removed passed log: /home/zaxy/studyspace/projects/6.5840/src/debug_log/debug_log_round643_20260718_220100.737390076.log
Removed passed log: /home/zaxy/studyspace/projects/6.5840/src/debug_log/debug_log_round644_20260718_220100.757092490.log
Removed passed log: /home/zaxy/studyspace/projects/6.5840/src/debug_log/debug_log_round645_20260718_220101.206267061.log
Removed passed log: /home/zaxy/studyspace/projects/6.5840/src/debug_log/debug_log_round646_20260718_220101.214692559.log
Removed passed log: /home/zaxy/studyspace/projects/6.5840/src/debug_log/debug_log_round647_20260718_220101.840227177.log
Removed passed log: /home/zaxy/studyspace/projects/6.5840/src/debug_log/debug_log_round648_20260718_220102.413957485.log
Removed passed log: /home/zaxy/studyspace/projects/6.5840/src/debug_log/debug_log_round649_20260718_220102.693793288.log
Removed passed log: /home/zaxy/studyspace/projects/6.5840/src/debug_log/debug_log_round650_20260718_220103.138593992.log
Removed passed log: /home/zaxy/studyspace/projects/6.5840/src/debug_log/debug_log_round651_20260718_220103.659898065.log
Removed passed log: /home/zaxy/studyspace/projects/6.5840/src/debug_log/debug_log_round652_20260718_220107.498487082.log
Removed passed log: /home/zaxy/studyspace/projects/6.5840/src/debug_log/debug_log_round653_20260718_220107.505059030.log
Removed passed log: /home/zaxy/studyspace/projects/6.5840/src/debug_log/debug_log_round654_20260718_220107.511420997.log
Removed passed log: /home/zaxy/studyspace/projects/6.5840/src/debug_log/debug_log_round655_20260718_220107.519442891.log
Removed passed log: /home/zaxy/studyspace/projects/6.5840/src/debug_log/debug_log_round656_20260718_220107.525621254.log
Removed passed log: /home/zaxy/studyspace/projects/6.5840/src/debug_log/debug_log_round657_20260718_220107.532637970.log
Removed passed log: /home/zaxy/studyspace/projects/6.5840/src/debug_log/debug_log_round658_20260718_220107.540376661.log
Removed passed log: /home/zaxy/studyspace/projects/6.5840/src/debug_log/debug_log_round659_20260718_220107.549351413.log
Removed passed log: /home/zaxy/studyspace/projects/6.5840/src/debug_log/debug_log_round660_20260718_220107.560470469.log
Removed passed log: /home/zaxy/studyspace/projects/6.5840/src/debug_log/debug_log_round661_20260718_220107.572105035.log
Removed passed log: /home/zaxy/studyspace/projects/6.5840/src/debug_log/debug_log_round662_20260718_220107.581737812.log
Removed passed log: /home/zaxy/studyspace/projects/6.5840/src/debug_log/debug_log_round663_20260718_220107.592838979.log
Removed passed log: /home/zaxy/studyspace/projects/6.5840/src/debug_log/debug_log_round664_20260718_220107.605624473.log
Removed passed log: /home/zaxy/studyspace/projects/6.5840/src/debug_log/debug_log_round665_20260718_220107.621099092.log
Removed passed log: /home/zaxy/studyspace/projects/6.5840/src/debug_log/debug_log_round666_20260718_220107.635875525.log
Removed passed log: /home/zaxy/studyspace/projects/6.5840/src/debug_log/debug_log_round667_20260718_220107.659828516.log
Removed passed log: /home/zaxy/studyspace/projects/6.5840/src/debug_log/debug_log_round668_20260718_220107.674902218.log
Removed passed log: /home/zaxy/studyspace/projects/6.5840/src/debug_log/debug_log_round669_20260718_220107.688482167.log
Removed passed log: /home/zaxy/studyspace/projects/6.5840/src/debug_log/debug_log_round670_20260718_220108.216022165.log
Removed passed log: /home/zaxy/studyspace/projects/6.5840/src/debug_log/debug_log_round671_20260718_220108.253058331.log
Removed passed log: /home/zaxy/studyspace/projects/6.5840/src/debug_log/debug_log_round672_20260718_220109.543174452.log
Removed passed log: /home/zaxy/studyspace/projects/6.5840/src/debug_log/debug_log_round673_20260718_220109.736235540.log
Removed passed log: /home/zaxy/studyspace/projects/6.5840/src/debug_log/debug_log_round674_20260718_220109.743013713.log
Removed passed log: /home/zaxy/studyspace/projects/6.5840/src/debug_log/debug_log_round675_20260718_220109.749966931.log
Removed passed log: /home/zaxy/studyspace/projects/6.5840/src/debug_log/debug_log_round676_20260718_220109.756968954.log
Removed passed log: /home/zaxy/studyspace/projects/6.5840/src/debug_log/debug_log_round677_20260718_220110.394977413.log
Removed passed log: /home/zaxy/studyspace/projects/6.5840/src/debug_log/debug_log_round678_20260718_220110.401454654.log
Removed passed log: /home/zaxy/studyspace/projects/6.5840/src/debug_log/debug_log_round679_20260718_220113.216304720.log
Removed passed log: /home/zaxy/studyspace/projects/6.5840/src/debug_log/debug_log_round680_20260718_220113.347327650.log
Removed passed log: /home/zaxy/studyspace/projects/6.5840/src/debug_log/debug_log_round681_20260718_220117.399806036.log
Removed passed log: /home/zaxy/studyspace/projects/6.5840/src/debug_log/debug_log_round682_20260718_220117.407453133.log
Removed passed log: /home/zaxy/studyspace/projects/6.5840/src/debug_log/debug_log_round683_20260718_220117.415518948.log
Removed passed log: /home/zaxy/studyspace/projects/6.5840/src/debug_log/debug_log_round684_20260718_220117.423483223.log
Removed passed log: /home/zaxy/studyspace/projects/6.5840/src/debug_log/debug_log_round685_20260718_220118.276074371.log
Removed passed log: /home/zaxy/studyspace/projects/6.5840/src/debug_log/debug_log_round686_20260718_220118.282281037.log
Removed passed log: /home/zaxy/studyspace/projects/6.5840/src/debug_log/debug_log_round687_20260718_220118.898455165.log
Removed passed log: /home/zaxy/studyspace/projects/6.5840/src/debug_log/debug_log_round688_20260718_220119.637330063.log
Removed passed log: /home/zaxy/studyspace/projects/6.5840/src/debug_log/debug_log_round689_20260718_220119.644153612.log
Removed passed log: /home/zaxy/studyspace/projects/6.5840/src/debug_log/debug_log_round690_20260718_220119.652409957.log
Removed passed log: /home/zaxy/studyspace/projects/6.5840/src/debug_log/debug_log_round691_20260718_220119.660615817.log
Removed passed log: /home/zaxy/studyspace/projects/6.5840/src/debug_log/debug_log_round692_20260718_220119.669949144.log
Removed passed log: /home/zaxy/studyspace/projects/6.5840/src/debug_log/debug_log_round693_20260718_220119.680814018.log
Removed passed log: /home/zaxy/studyspace/projects/6.5840/src/debug_log/debug_log_round694_20260718_220119.689330053.log
Removed passed log: /home/zaxy/studyspace/projects/6.5840/src/debug_log/debug_log_round695_20260718_220119.697210079.log
Removed passed log: /home/zaxy/studyspace/projects/6.5840/src/debug_log/debug_log_round696_20260718_220119.704412050.log
Removed passed log: /home/zaxy/studyspace/projects/6.5840/src/debug_log/debug_log_round697_20260718_220120.393004974.log
Removed passed log: /home/zaxy/studyspace/projects/6.5840/src/debug_log/debug_log_round698_20260718_220121.495062190.log
Removed passed log: /home/zaxy/studyspace/projects/6.5840/src/debug_log/debug_log_round699_20260718_220121.504317701.log
Removed passed log: /home/zaxy/studyspace/projects/6.5840/src/debug_log/debug_log_round700_20260718_220121.515487824.log
Removed passed log: /home/zaxy/studyspace/projects/6.5840/src/debug_log/debug_log_round701_20260718_220121.992652118.log
Removed passed log: /home/zaxy/studyspace/projects/6.5840/src/debug_log/debug_log_round702_20260718_220127.789097132.log
Removed passed log: /home/zaxy/studyspace/projects/6.5840/src/debug_log/debug_log_round703_20260718_220127.795853333.log
Removed passed log: /home/zaxy/studyspace/projects/6.5840/src/debug_log/debug_log_round704_20260718_220127.803325799.log
Removed passed log: /home/zaxy/studyspace/projects/6.5840/src/debug_log/debug_log_round705_20260718_220127.811482085.log
Removed passed log: /home/zaxy/studyspace/projects/6.5840/src/debug_log/debug_log_round706_20260718_220127.819543060.log
Removed passed log: /home/zaxy/studyspace/projects/6.5840/src/debug_log/debug_log_round707_20260718_220130.961910049.log
Removed passed log: /home/zaxy/studyspace/projects/6.5840/src/debug_log/debug_log_round708_20260718_220130.968035954.log
Removed passed log: /home/zaxy/studyspace/projects/6.5840/src/debug_log/debug_log_round709_20260718_220130.973843332.log
Removed passed log: /home/zaxy/studyspace/projects/6.5840/src/debug_log/debug_log_round710_20260718_220130.980078577.log
Removed passed log: /home/zaxy/studyspace/projects/6.5840/src/debug_log/debug_log_round711_20260718_220130.985956853.log
Removed passed log: /home/zaxy/studyspace/projects/6.5840/src/debug_log/debug_log_round712_20260718_220130.992950865.log
Removed passed log: /home/zaxy/studyspace/projects/6.5840/src/debug_log/debug_log_round713_20260718_220130.999239581.log
Removed passed log: /home/zaxy/studyspace/projects/6.5840/src/debug_log/debug_log_round714_20260718_220131.005475232.log
Removed passed log: /home/zaxy/studyspace/projects/6.5840/src/debug_log/debug_log_round715_20260718_220131.014075555.log
Removed passed log: /home/zaxy/studyspace/projects/6.5840/src/debug_log/debug_log_round716_20260718_220131.023972581.log
Removed passed log: /home/zaxy/studyspace/projects/6.5840/src/debug_log/debug_log_round717_20260718_220131.034365516.log
Removed passed log: /home/zaxy/studyspace/projects/6.5840/src/debug_log/debug_log_round718_20260718_220131.045538045.log
Removed passed log: /home/zaxy/studyspace/projects/6.5840/src/debug_log/debug_log_round719_20260718_220131.062469768.log
Removed passed log: /home/zaxy/studyspace/projects/6.5840/src/debug_log/debug_log_round720_20260718_220131.081679025.log
Removed passed log: /home/zaxy/studyspace/projects/6.5840/src/debug_log/debug_log_round721_20260718_220131.726971278.log
Removed passed log: /home/zaxy/studyspace/projects/6.5840/src/debug_log/debug_log_round722_20260718_220131.737326766.log
Removed passed log: /home/zaxy/studyspace/projects/6.5840/src/debug_log/debug_log_round723_20260718_220131.745282760.log
Removed passed log: /home/zaxy/studyspace/projects/6.5840/src/debug_log/debug_log_round724_20260718_220131.754952904.log
Removed passed log: /home/zaxy/studyspace/projects/6.5840/src/debug_log/debug_log_round725_20260718_220131.765094998.log
Removed passed log: /home/zaxy/studyspace/projects/6.5840/src/debug_log/debug_log_round726_20260718_220131.776065847.log
Removed passed log: /home/zaxy/studyspace/projects/6.5840/src/debug_log/debug_log_round727_20260718_220131.782720785.log
Removed passed log: /home/zaxy/studyspace/projects/6.5840/src/debug_log/debug_log_round728_20260718_220131.790164812.log
Removed passed log: /home/zaxy/studyspace/projects/6.5840/src/debug_log/debug_log_round729_20260718_220131.798487555.log
Removed passed log: /home/zaxy/studyspace/projects/6.5840/src/debug_log/debug_log_round730_20260718_220134.141492846.log
Removed passed log: /home/zaxy/studyspace/projects/6.5840/src/debug_log/debug_log_round731_20260718_220137.520955767.log
Removed passed log: /home/zaxy/studyspace/projects/6.5840/src/debug_log/debug_log_round732_20260718_220137.528796252.log
Removed passed log: /home/zaxy/studyspace/projects/6.5840/src/debug_log/debug_log_round733_20260718_220137.535713699.log
Removed passed log: /home/zaxy/studyspace/projects/6.5840/src/debug_log/debug_log_round734_20260718_220137.544156559.log
Removed passed log: /home/zaxy/studyspace/projects/6.5840/src/debug_log/debug_log_round735_20260718_220137.552819403.log
Removed passed log: /home/zaxy/studyspace/projects/6.5840/src/debug_log/debug_log_round736_20260718_220137.561330548.log
Removed passed log: /home/zaxy/studyspace/projects/6.5840/src/debug_log/debug_log_round737_20260718_220137.570603166.log
Removed passed log: /home/zaxy/studyspace/projects/6.5840/src/debug_log/debug_log_round738_20260718_220138.039184736.log
Removed passed log: /home/zaxy/studyspace/projects/6.5840/src/debug_log/debug_log_round739_20260718_220140.532560010.log
Removed passed log: /home/zaxy/studyspace/projects/6.5840/src/debug_log/debug_log_round740_20260718_220140.538897458.log
Removed passed log: /home/zaxy/studyspace/projects/6.5840/src/debug_log/debug_log_round741_20260718_220140.616365914.log
Removed passed log: /home/zaxy/studyspace/projects/6.5840/src/debug_log/debug_log_round742_20260718_220141.261112152.log
Removed passed log: /home/zaxy/studyspace/projects/6.5840/src/debug_log/debug_log_round743_20260718_220141.269332814.log
Removed passed log: /home/zaxy/studyspace/projects/6.5840/src/debug_log/debug_log_round744_20260718_220141.276259749.log
Removed passed log: /home/zaxy/studyspace/projects/6.5840/src/debug_log/debug_log_round745_20260718_220142.782009607.log
Removed passed log: /home/zaxy/studyspace/projects/6.5840/src/debug_log/debug_log_round746_20260718_220142.788037484.log
Removed passed log: /home/zaxy/studyspace/projects/6.5840/src/debug_log/debug_log_round747_20260718_220142.794601374.log
Removed passed log: /home/zaxy/studyspace/projects/6.5840/src/debug_log/debug_log_round748_20260718_220142.801995355.log
Removed passed log: /home/zaxy/studyspace/projects/6.5840/src/debug_log/debug_log_round749_20260718_220142.809225516.log
Removed passed log: /home/zaxy/studyspace/projects/6.5840/src/debug_log/debug_log_round750_20260718_220142.816504270.log
Removed passed log: /home/zaxy/studyspace/projects/6.5840/src/debug_log/debug_log_round751_20260718_220142.824079336.log
Removed passed log: /home/zaxy/studyspace/projects/6.5840/src/debug_log/debug_log_round752_20260718_220147.437935777.log
Removed passed log: /home/zaxy/studyspace/projects/6.5840/src/debug_log/debug_log_round753_20260718_220148.270010705.log
Removed passed log: /home/zaxy/studyspace/projects/6.5840/src/debug_log/debug_log_round754_20260718_220148.280686744.log
Removed passed log: /home/zaxy/studyspace/projects/6.5840/src/debug_log/debug_log_round755_20260718_220148.292275106.log
Removed passed log: /home/zaxy/studyspace/projects/6.5840/src/debug_log/debug_log_round756_20260718_220148.301471260.log
Removed passed log: /home/zaxy/studyspace/projects/6.5840/src/debug_log/debug_log_round757_20260718_220150.184620515.log
Removed passed log: /home/zaxy/studyspace/projects/6.5840/src/debug_log/debug_log_round758_20260718_220151.288352252.log
Removed passed log: /home/zaxy/studyspace/projects/6.5840/src/debug_log/debug_log_round759_20260718_220153.761813014.log
Removed passed log: /home/zaxy/studyspace/projects/6.5840/src/debug_log/debug_log_round760_20260718_220153.770564287.log
Removed passed log: /home/zaxy/studyspace/projects/6.5840/src/debug_log/debug_log_round761_20260718_220153.782975463.log
Removed passed log: /home/zaxy/studyspace/projects/6.5840/src/debug_log/debug_log_round762_20260718_220153.793542621.log
Removed passed log: /home/zaxy/studyspace/projects/6.5840/src/debug_log/debug_log_round763_20260718_220153.805295282.log
Removed passed log: /home/zaxy/studyspace/projects/6.5840/src/debug_log/debug_log_round764_20260718_220153.815620419.log
Removed passed log: /home/zaxy/studyspace/projects/6.5840/src/debug_log/debug_log_round765_20260718_220153.827366156.log
Removed passed log: /home/zaxy/studyspace/projects/6.5840/src/debug_log/debug_log_round766_20260718_220153.843632015.log
Removed passed log: /home/zaxy/studyspace/projects/6.5840/src/debug_log/debug_log_round767_20260718_220153.931544899.log
Removed passed log: /home/zaxy/studyspace/projects/6.5840/src/debug_log/debug_log_round768_20260718_220153.949416394.log
Removed passed log: /home/zaxy/studyspace/projects/6.5840/src/debug_log/debug_log_round769_20260718_220153.965336379.log
Removed passed log: /home/zaxy/studyspace/projects/6.5840/src/debug_log/debug_log_round770_20260718_220153.981769475.log
Removed passed log: /home/zaxy/studyspace/projects/6.5840/src/debug_log/debug_log_round771_20260718_220154.011573437.log
Removed passed log: /home/zaxy/studyspace/projects/6.5840/src/debug_log/debug_log_round772_20260718_220154.066851291.log
Removed passed log: /home/zaxy/studyspace/projects/6.5840/src/debug_log/debug_log_round773_20260718_220154.847117723.log
Removed passed log: /home/zaxy/studyspace/projects/6.5840/src/debug_log/debug_log_round774_20260718_220154.859021598.log
Removed passed log: /home/zaxy/studyspace/projects/6.5840/src/debug_log/debug_log_round775_20260718_220154.869479818.log
Removed passed log: /home/zaxy/studyspace/projects/6.5840/src/debug_log/debug_log_round776_20260718_220154.878447445.log
Removed passed log: /home/zaxy/studyspace/projects/6.5840/src/debug_log/debug_log_round777_20260718_220154.888488158.log
Removed passed log: /home/zaxy/studyspace/projects/6.5840/src/debug_log/debug_log_round778_20260718_220154.899049719.log
Removed passed log: /home/zaxy/studyspace/projects/6.5840/src/debug_log/debug_log_round779_20260718_220154.910125418.log
Removed passed log: /home/zaxy/studyspace/projects/6.5840/src/debug_log/debug_log_round780_20260718_220154.920513111.log
Removed passed log: /home/zaxy/studyspace/projects/6.5840/src/debug_log/debug_log_round781_20260718_220156.534302988.log
Removed passed log: /home/zaxy/studyspace/projects/6.5840/src/debug_log/debug_log_round782_20260718_220157.055654675.log
Removed passed log: /home/zaxy/studyspace/projects/6.5840/src/debug_log/debug_log_round783_20260718_220158.168146727.log
Removed passed log: /home/zaxy/studyspace/projects/6.5840/src/debug_log/debug_log_round784_20260718_220158.176551936.log
Removed passed log: /home/zaxy/studyspace/projects/6.5840/src/debug_log/debug_log_round785_20260718_220158.182800751.log
Removed passed log: /home/zaxy/studyspace/projects/6.5840/src/debug_log/debug_log_round786_20260718_220158.191713024.log
Removed passed log: /home/zaxy/studyspace/projects/6.5840/src/debug_log/debug_log_round787_20260718_220158.200749949.log
Removed passed log: /home/zaxy/studyspace/projects/6.5840/src/debug_log/debug_log_round788_20260718_220158.209343981.log
Removed passed log: /home/zaxy/studyspace/projects/6.5840/src/debug_log/debug_log_round789_20260718_220159.547605964.log
Removed passed log: /home/zaxy/studyspace/projects/6.5840/src/debug_log/debug_log_round790_20260718_220159.777794325.log
Removed passed log: /home/zaxy/studyspace/projects/6.5840/src/debug_log/debug_log_round791_20260718_220159.787226691.log
Removed passed log: /home/zaxy/studyspace/projects/6.5840/src/debug_log/debug_log_round792_20260718_220159.795465614.log
Removed passed log: /home/zaxy/studyspace/projects/6.5840/src/debug_log/debug_log_round793_20260718_220200.032208498.log
Removed passed log: /home/zaxy/studyspace/projects/6.5840/src/debug_log/debug_log_round794_20260718_220200.736944987.log
Removed passed log: /home/zaxy/studyspace/projects/6.5840/src/debug_log/debug_log_round795_20260718_220203.755104661.log
Removed passed log: /home/zaxy/studyspace/projects/6.5840/src/debug_log/debug_log_round796_20260718_220204.702310200.log
Removed passed log: /home/zaxy/studyspace/projects/6.5840/src/debug_log/debug_log_round797_20260718_220204.710481540.log
Removed passed log: /home/zaxy/studyspace/projects/6.5840/src/debug_log/debug_log_round798_20260718_220204.718375852.log
Removed passed log: /home/zaxy/studyspace/projects/6.5840/src/debug_log/debug_log_round799_20260718_220204.727306816.log
Removed passed log: /home/zaxy/studyspace/projects/6.5840/src/debug_log/debug_log_round800_20260718_220204.737487689.log
Removed passed log: /home/zaxy/studyspace/projects/6.5840/src/debug_log/debug_log_round801_20260718_220204.750322777.log
Removed passed log: /home/zaxy/studyspace/projects/6.5840/src/debug_log/debug_log_round802_20260718_220205.895471110.log
Removed passed log: /home/zaxy/studyspace/projects/6.5840/src/debug_log/debug_log_round803_20260718_220206.028129814.log
Removed passed log: /home/zaxy/studyspace/projects/6.5840/src/debug_log/debug_log_round804_20260718_220206.475278140.log
Removed passed log: /home/zaxy/studyspace/projects/6.5840/src/debug_log/debug_log_round805_20260718_220206.484569458.log
Removed passed log: /home/zaxy/studyspace/projects/6.5840/src/debug_log/debug_log_round806_20260718_220206.493449644.log
Removed passed log: /home/zaxy/studyspace/projects/6.5840/src/debug_log/debug_log_round807_20260718_220208.471705677.log
Removed passed log: /home/zaxy/studyspace/projects/6.5840/src/debug_log/debug_log_round808_20260718_220209.650292193.log
Removed passed log: /home/zaxy/studyspace/projects/6.5840/src/debug_log/debug_log_round809_20260718_220216.894514855.log
Removed passed log: /home/zaxy/studyspace/projects/6.5840/src/debug_log/debug_log_round810_20260718_220216.903947031.log
Removed passed log: /home/zaxy/studyspace/projects/6.5840/src/debug_log/debug_log_round811_20260718_220216.913990889.log
Removed passed log: /home/zaxy/studyspace/projects/6.5840/src/debug_log/debug_log_round812_20260718_220216.921465004.log
Removed passed log: /home/zaxy/studyspace/projects/6.5840/src/debug_log/debug_log_round813_20260718_220216.930165859.log
Removed passed log: /home/zaxy/studyspace/projects/6.5840/src/debug_log/debug_log_round814_20260718_220216.941093597.log
Removed passed log: /home/zaxy/studyspace/projects/6.5840/src/debug_log/debug_log_round815_20260718_220216.949714426.log
Removed passed log: /home/zaxy/studyspace/projects/6.5840/src/debug_log/debug_log_round816_20260718_220216.959345258.log
Removed passed log: /home/zaxy/studyspace/projects/6.5840/src/debug_log/debug_log_round817_20260718_220216.971098231.log
Removed passed log: /home/zaxy/studyspace/projects/6.5840/src/debug_log/debug_log_round818_20260718_220216.980181528.log
Removed passed log: /home/zaxy/studyspace/projects/6.5840/src/debug_log/debug_log_round819_20260718_220216.991885971.log
Removed passed log: /home/zaxy/studyspace/projects/6.5840/src/debug_log/debug_log_round820_20260718_220217.005353772.log
Removed passed log: /home/zaxy/studyspace/projects/6.5840/src/debug_log/debug_log_round821_20260718_220217.018100469.log
Removed passed log: /home/zaxy/studyspace/projects/6.5840/src/debug_log/debug_log_round822_20260718_220217.031883681.log
Removed passed log: /home/zaxy/studyspace/projects/6.5840/src/debug_log/debug_log_round823_20260718_220217.044384628.log
Removed passed log: /home/zaxy/studyspace/projects/6.5840/src/debug_log/debug_log_round824_20260718_220217.057560839.log
Removed passed log: /home/zaxy/studyspace/projects/6.5840/src/debug_log/debug_log_round825_20260718_220217.083051468.log
Removed passed log: /home/zaxy/studyspace/projects/6.5840/src/debug_log/debug_log_round826_20260718_220217.115903612.log
Removed passed log: /home/zaxy/studyspace/projects/6.5840/src/debug_log/debug_log_round827_20260718_220217.145430984.log
Removed passed log: /home/zaxy/studyspace/projects/6.5840/src/debug_log/debug_log_round828_20260718_220217.985577766.log
Removed passed log: /home/zaxy/studyspace/projects/6.5840/src/debug_log/debug_log_round829_20260718_220218.005140680.log
Removed passed log: /home/zaxy/studyspace/projects/6.5840/src/debug_log/debug_log_round830_20260718_220218.023524468.log
Removed passed log: /home/zaxy/studyspace/projects/6.5840/src/debug_log/debug_log_round831_20260718_220218.036507803.log
Removed passed log: /home/zaxy/studyspace/projects/6.5840/src/debug_log/debug_log_round832_20260718_220218.060677626.log
Removed passed log: /home/zaxy/studyspace/projects/6.5840/src/debug_log/debug_log_round833_20260718_220218.397546845.log
Removed passed log: /home/zaxy/studyspace/projects/6.5840/src/debug_log/debug_log_round834_20260718_220218.408664627.log
Removed passed log: /home/zaxy/studyspace/projects/6.5840/src/debug_log/debug_log_round835_20260718_220218.423629254.log
Removed passed log: /home/zaxy/studyspace/projects/6.5840/src/debug_log/debug_log_round836_20260718_220218.450052767.log
Removed passed log: /home/zaxy/studyspace/projects/6.5840/src/debug_log/debug_log_round837_20260718_220218.635435947.log
Removed passed log: /home/zaxy/studyspace/projects/6.5840/src/debug_log/debug_log_round838_20260718_220218.710497187.log
Removed passed log: /home/zaxy/studyspace/projects/6.5840/src/debug_log/debug_log_round839_20260718_220218.996874138.log
Removed passed log: /home/zaxy/studyspace/projects/6.5840/src/debug_log/debug_log_round840_20260718_220219.009098666.log
Removed passed log: /home/zaxy/studyspace/projects/6.5840/src/debug_log/debug_log_round841_20260718_220219.021071120.log
Removed passed log: /home/zaxy/studyspace/projects/6.5840/src/debug_log/debug_log_round842_20260718_220219.033491729.log
Removed passed log: /home/zaxy/studyspace/projects/6.5840/src/debug_log/debug_log_round843_20260718_220219.197088641.log
Removed passed log: /home/zaxy/studyspace/projects/6.5840/src/debug_log/debug_log_round844_20260718_220219.562921469.log
Removed passed log: /home/zaxy/studyspace/projects/6.5840/src/debug_log/debug_log_round845_20260718_220222.369118118.log
Removed passed log: /home/zaxy/studyspace/projects/6.5840/src/debug_log/debug_log_round846_20260718_220224.192581554.log
Removed passed log: /home/zaxy/studyspace/projects/6.5840/src/debug_log/debug_log_round847_20260718_220224.588889049.log
Removed passed log: /home/zaxy/studyspace/projects/6.5840/src/debug_log/debug_log_round848_20260718_220224.629794537.log
Removed passed log: /home/zaxy/studyspace/projects/6.5840/src/debug_log/debug_log_round849_20260718_220224.635865085.log
Removed passed log: /home/zaxy/studyspace/projects/6.5840/src/debug_log/debug_log_round850_20260718_220224.642986948.log
Removed passed log: /home/zaxy/studyspace/projects/6.5840/src/debug_log/debug_log_round851_20260718_220224.651902283.log
Removed passed log: /home/zaxy/studyspace/projects/6.5840/src/debug_log/debug_log_round852_20260718_220225.167330430.log
Removed passed log: /home/zaxy/studyspace/projects/6.5840/src/debug_log/debug_log_round853_20260718_220225.179490319.log
Removed passed log: /home/zaxy/studyspace/projects/6.5840/src/debug_log/debug_log_round854_20260718_220228.041252697.log
Removed passed log: /home/zaxy/studyspace/projects/6.5840/src/debug_log/debug_log_round855_20260718_220228.047648335.log
Removed passed log: /home/zaxy/studyspace/projects/6.5840/src/debug_log/debug_log_round856_20260718_220228.053626522.log
Removed passed log: /home/zaxy/studyspace/projects/6.5840/src/debug_log/debug_log_round857_20260718_220228.187655155.log
Removed passed log: /home/zaxy/studyspace/projects/6.5840/src/debug_log/debug_log_round858_20260718_220228.195740881.log
Removed passed log: /home/zaxy/studyspace/projects/6.5840/src/debug_log/debug_log_round859_20260718_220234.883337069.log
Removed passed log: /home/zaxy/studyspace/projects/6.5840/src/debug_log/debug_log_round860_20260718_220236.491719345.log
Removed passed log: /home/zaxy/studyspace/projects/6.5840/src/debug_log/debug_log_round861_20260718_220239.874418646.log
Removed passed log: /home/zaxy/studyspace/projects/6.5840/src/debug_log/debug_log_round862_20260718_220241.193636039.log
Removed passed log: /home/zaxy/studyspace/projects/6.5840/src/debug_log/debug_log_round863_20260718_220241.201447094.log
Removed passed log: /home/zaxy/studyspace/projects/6.5840/src/debug_log/debug_log_round864_20260718_220241.212187987.log
Removed passed log: /home/zaxy/studyspace/projects/6.5840/src/debug_log/debug_log_round865_20260718_220241.236683505.log
Removed passed log: /home/zaxy/studyspace/projects/6.5840/src/debug_log/debug_log_round866_20260718_220241.246377894.log
Removed passed log: /home/zaxy/studyspace/projects/6.5840/src/debug_log/debug_log_round867_20260718_220241.255974902.log
Removed passed log: /home/zaxy/studyspace/projects/6.5840/src/debug_log/debug_log_round868_20260718_220241.354008684.log
Removed passed log: /home/zaxy/studyspace/projects/6.5840/src/debug_log/debug_log_round869_20260718_220241.370708792.log
Removed passed log: /home/zaxy/studyspace/projects/6.5840/src/debug_log/debug_log_round870_20260718_220241.391986046.log
Removed passed log: /home/zaxy/studyspace/projects/6.5840/src/debug_log/debug_log_round871_20260718_220241.409686355.log
Removed passed log: /home/zaxy/studyspace/projects/6.5840/src/debug_log/debug_log_round872_20260718_220241.425307518.log
Removed passed log: /home/zaxy/studyspace/projects/6.5840/src/debug_log/debug_log_round873_20260718_220241.465652401.log
Removed passed log: /home/zaxy/studyspace/projects/6.5840/src/debug_log/debug_log_round874_20260718_220241.554229380.log
Removed passed log: /home/zaxy/studyspace/projects/6.5840/src/debug_log/debug_log_round875_20260718_220241.606374149.log
Removed passed log: /home/zaxy/studyspace/projects/6.5840/src/debug_log/debug_log_round876_20260718_220241.628991828.log
Removed passed log: /home/zaxy/studyspace/projects/6.5840/src/debug_log/debug_log_round877_20260718_220241.656748999.log
Removed passed log: /home/zaxy/studyspace/projects/6.5840/src/debug_log/debug_log_round878_20260718_220241.671235831.log
Removed passed log: /home/zaxy/studyspace/projects/6.5840/src/debug_log/debug_log_round879_20260718_220241.689525059.log
Removed passed log: /home/zaxy/studyspace/projects/6.5840/src/debug_log/debug_log_round880_20260718_220242.117211045.log
Removed passed log: /home/zaxy/studyspace/projects/6.5840/src/debug_log/debug_log_round881_20260718_220242.327320613.log
Removed passed log: /home/zaxy/studyspace/projects/6.5840/src/debug_log/debug_log_round882_20260718_220242.348384398.log
Removed passed log: /home/zaxy/studyspace/projects/6.5840/src/debug_log/debug_log_round883_20260718_220242.367524609.log
Removed passed log: /home/zaxy/studyspace/projects/6.5840/src/debug_log/debug_log_round884_20260718_220242.395065294.log
Removed passed log: /home/zaxy/studyspace/projects/6.5840/src/debug_log/debug_log_round885_20260718_220242.468555339.log
Removed passed log: /home/zaxy/studyspace/projects/6.5840/src/debug_log/debug_log_round886_20260718_220242.482710029.log
Removed passed log: /home/zaxy/studyspace/projects/6.5840/src/debug_log/debug_log_round887_20260718_220242.494516388.log
Removed passed log: /home/zaxy/studyspace/projects/6.5840/src/debug_log/debug_log_round888_20260718_220242.516743439.log
Removed passed log: /home/zaxy/studyspace/projects/6.5840/src/debug_log/debug_log_round889_20260718_220242.539781553.log
Removed passed log: /home/zaxy/studyspace/projects/6.5840/src/debug_log/debug_log_round890_20260718_220242.564599113.log
Removed passed log: /home/zaxy/studyspace/projects/6.5840/src/debug_log/debug_log_round891_20260718_220242.596000328.log
Removed passed log: /home/zaxy/studyspace/projects/6.5840/src/debug_log/debug_log_round892_20260718_220242.616646591.log
Removed passed log: /home/zaxy/studyspace/projects/6.5840/src/debug_log/debug_log_round893_20260718_220242.641514596.log
Removed passed log: /home/zaxy/studyspace/projects/6.5840/src/debug_log/debug_log_round894_20260718_220242.663346408.log
Removed passed log: /home/zaxy/studyspace/projects/6.5840/src/debug_log/debug_log_round895_20260718_220242.906180016.log
Removed passed log: /home/zaxy/studyspace/projects/6.5840/src/debug_log/debug_log_round896_20260718_220242.918190009.log
Removed passed log: /home/zaxy/studyspace/projects/6.5840/src/debug_log/debug_log_round897_20260718_220244.606632241.log
Removed passed log: /home/zaxy/studyspace/projects/6.5840/src/debug_log/debug_log_round898_20260718_220245.226821626.log
Removed passed log: /home/zaxy/studyspace/projects/6.5840/src/debug_log/debug_log_round899_20260718_220245.234132060.log
Removed passed log: /home/zaxy/studyspace/projects/6.5840/src/debug_log/debug_log_round900_20260718_220245.240440259.log
Removed passed log: /home/zaxy/studyspace/projects/6.5840/src/debug_log/debug_log_round901_20260718_220245.247453016.log
Removed passed log: /home/zaxy/studyspace/projects/6.5840/src/debug_log/debug_log_round902_20260718_220245.254201486.log
Removed passed log: /home/zaxy/studyspace/projects/6.5840/src/debug_log/debug_log_round903_20260718_220245.261368797.log
Removed passed log: /home/zaxy/studyspace/projects/6.5840/src/debug_log/debug_log_round904_20260718_220247.888505704.log
Removed passed log: /home/zaxy/studyspace/projects/6.5840/src/debug_log/debug_log_round905_20260718_220248.117123396.log
Removed passed log: /home/zaxy/studyspace/projects/6.5840/src/debug_log/debug_log_round906_20260718_220248.124294975.log
Removed passed log: /home/zaxy/studyspace/projects/6.5840/src/debug_log/debug_log_round907_20260718_220248.131688592.log
Removed passed log: /home/zaxy/studyspace/projects/6.5840/src/debug_log/debug_log_round908_20260718_220248.141665011.log
Removed passed log: /home/zaxy/studyspace/projects/6.5840/src/debug_log/debug_log_round909_20260718_220253.644819694.log
Removed passed log: /home/zaxy/studyspace/projects/6.5840/src/debug_log/debug_log_round910_20260718_220254.598510561.log
Removed passed log: /home/zaxy/studyspace/projects/6.5840/src/debug_log/debug_log_round911_20260718_220258.121825744.log
Removed passed log: /home/zaxy/studyspace/projects/6.5840/src/debug_log/debug_log_round912_20260718_220259.572594250.log
Removed passed log: /home/zaxy/studyspace/projects/6.5840/src/debug_log/debug_log_round913_20260718_220305.526529295.log
Removed passed log: /home/zaxy/studyspace/projects/6.5840/src/debug_log/debug_log_round914_20260718_220305.533237148.log
Removed passed log: /home/zaxy/studyspace/projects/6.5840/src/debug_log/debug_log_round915_20260718_220305.539435413.log
Removed passed log: /home/zaxy/studyspace/projects/6.5840/src/debug_log/debug_log_round916_20260718_220305.746932060.log
Removed passed log: /home/zaxy/studyspace/projects/6.5840/src/debug_log/debug_log_round917_20260718_220305.753748625.log
Removed passed log: /home/zaxy/studyspace/projects/6.5840/src/debug_log/debug_log_round918_20260718_220305.763720502.log
Removed passed log: /home/zaxy/studyspace/projects/6.5840/src/debug_log/debug_log_round919_20260718_220305.773055037.log
Removed passed log: /home/zaxy/studyspace/projects/6.5840/src/debug_log/debug_log_round920_20260718_220305.783927740.log
Removed passed log: /home/zaxy/studyspace/projects/6.5840/src/debug_log/debug_log_round921_20260718_220305.803589156.log
Removed passed log: /home/zaxy/studyspace/projects/6.5840/src/debug_log/debug_log_round922_20260718_220305.821472668.log
Removed passed log: /home/zaxy/studyspace/projects/6.5840/src/debug_log/debug_log_round923_20260718_220305.832429031.log
Removed passed log: /home/zaxy/studyspace/projects/6.5840/src/debug_log/debug_log_round924_20260718_220305.850218177.log
Removed passed log: /home/zaxy/studyspace/projects/6.5840/src/debug_log/debug_log_round925_20260718_220305.863854394.log
Removed passed log: /home/zaxy/studyspace/projects/6.5840/src/debug_log/debug_log_round926_20260718_220305.883351431.log
Removed passed log: /home/zaxy/studyspace/projects/6.5840/src/debug_log/debug_log_round927_20260718_220305.903496322.log
Removed passed log: /home/zaxy/studyspace/projects/6.5840/src/debug_log/debug_log_round928_20260718_220305.934198490.log
Removed passed log: /home/zaxy/studyspace/projects/6.5840/src/debug_log/debug_log_round929_20260718_220305.972756734.log
Removed passed log: /home/zaxy/studyspace/projects/6.5840/src/debug_log/debug_log_round930_20260718_220306.010668600.log
Removed passed log: /home/zaxy/studyspace/projects/6.5840/src/debug_log/debug_log_round931_20260718_220306.027994222.log
Removed passed log: /home/zaxy/studyspace/projects/6.5840/src/debug_log/debug_log_round932_20260718_220306.070941155.log
Removed passed log: /home/zaxy/studyspace/projects/6.5840/src/debug_log/debug_log_round933_20260718_220306.112446010.log
Removed passed log: /home/zaxy/studyspace/projects/6.5840/src/debug_log/debug_log_round934_20260718_220306.138348342.log
Removed passed log: /home/zaxy/studyspace/projects/6.5840/src/debug_log/debug_log_round935_20260718_220306.183640994.log
Removed passed log: /home/zaxy/studyspace/projects/6.5840/src/debug_log/debug_log_round936_20260718_220306.228362129.log
Removed passed log: /home/zaxy/studyspace/projects/6.5840/src/debug_log/debug_log_round937_20260718_220306.275334628.log
Removed passed log: /home/zaxy/studyspace/projects/6.5840/src/debug_log/debug_log_round938_20260718_220306.318641041.log
Removed passed log: /home/zaxy/studyspace/projects/6.5840/src/debug_log/debug_log_round939_20260718_220306.340944461.log
Removed passed log: /home/zaxy/studyspace/projects/6.5840/src/debug_log/debug_log_round940_20260718_220306.380727295.log
Removed passed log: /home/zaxy/studyspace/projects/6.5840/src/debug_log/debug_log_round941_20260718_220306.469601978.log
Removed passed log: /home/zaxy/studyspace/projects/6.5840/src/debug_log/debug_log_round942_20260718_220306.501371766.log
Removed passed log: /home/zaxy/studyspace/projects/6.5840/src/debug_log/debug_log_round943_20260718_220306.524423840.log
Removed passed log: /home/zaxy/studyspace/projects/6.5840/src/debug_log/debug_log_round944_20260718_220306.579684345.log
Removed passed log: /home/zaxy/studyspace/projects/6.5840/src/debug_log/debug_log_round945_20260718_220306.617240268.log
Removed passed log: /home/zaxy/studyspace/projects/6.5840/src/debug_log/debug_log_round946_20260718_220306.638369875.log
Removed passed log: /home/zaxy/studyspace/projects/6.5840/src/debug_log/debug_log_round947_20260718_220306.655446759.log
Removed passed log: /home/zaxy/studyspace/projects/6.5840/src/debug_log/debug_log_round948_20260718_220306.672880110.log
Removed passed log: /home/zaxy/studyspace/projects/6.5840/src/debug_log/debug_log_round949_20260718_220307.287311281.log
Removed passed log: /home/zaxy/studyspace/projects/6.5840/src/debug_log/debug_log_round950_20260718_220307.341950099.log
Removed passed log: /home/zaxy/studyspace/projects/6.5840/src/debug_log/debug_log_round951_20260718_220307.396002817.log
Removed passed log: /home/zaxy/studyspace/projects/6.5840/src/debug_log/debug_log_round952_20260718_220307.454777315.log
Removed passed log: /home/zaxy/studyspace/projects/6.5840/src/debug_log/debug_log_round953_20260718_220307.511360132.log
Removed passed log: /home/zaxy/studyspace/projects/6.5840/src/debug_log/debug_log_round954_20260718_220307.550079137.log
Removed passed log: /home/zaxy/studyspace/projects/6.5840/src/debug_log/debug_log_round955_20260718_220307.586481277.log
Removed passed log: /home/zaxy/studyspace/projects/6.5840/src/debug_log/debug_log_round956_20260718_220307.662491402.log
Removed passed log: /home/zaxy/studyspace/projects/6.5840/src/debug_log/debug_log_round957_20260718_220307.718105856.log
Removed passed log: /home/zaxy/studyspace/projects/6.5840/src/debug_log/debug_log_round958_20260718_220307.791543740.log
Removed passed log: /home/zaxy/studyspace/projects/6.5840/src/debug_log/debug_log_round959_20260718_220312.922927338.log
Removed passed log: /home/zaxy/studyspace/projects/6.5840/src/debug_log/debug_log_round960_20260718_220314.271114867.log
Removed passed log: /home/zaxy/studyspace/projects/6.5840/src/debug_log/debug_log_round961_20260718_220317.642657371.log
Removed passed log: /home/zaxy/studyspace/projects/6.5840/src/debug_log/debug_log_round962_20260718_220318.108086383.log
Removed passed log: /home/zaxy/studyspace/projects/6.5840/src/debug_log/debug_log_round963_20260718_220323.629958090.log
Removed passed log: /home/zaxy/studyspace/projects/6.5840/src/debug_log/debug_log_round964_20260718_220324.094785186.log
Removed passed log: /home/zaxy/studyspace/projects/6.5840/src/debug_log/debug_log_round965_20260718_220324.313228809.log
Removed passed log: /home/zaxy/studyspace/projects/6.5840/src/debug_log/debug_log_round966_20260718_220325.365406609.log
Removed passed log: /home/zaxy/studyspace/projects/6.5840/src/debug_log/debug_log_round967_20260718_220325.379731314.log
Removed passed log: /home/zaxy/studyspace/projects/6.5840/src/debug_log/debug_log_round968_20260718_220327.636187397.log
Removed passed log: /home/zaxy/studyspace/projects/6.5840/src/debug_log/debug_log_round969_20260718_220327.644437827.log
Removed passed log: /home/zaxy/studyspace/projects/6.5840/src/debug_log/debug_log_round970_20260718_220327.652983217.log
Removed passed log: /home/zaxy/studyspace/projects/6.5840/src/debug_log/debug_log_round971_20260718_220327.662325361.log
Removed passed log: /home/zaxy/studyspace/projects/6.5840/src/debug_log/debug_log_round972_20260718_220328.855843209.log
Removed passed log: /home/zaxy/studyspace/projects/6.5840/src/debug_log/debug_log_round973_20260718_220328.864899389.log
Removed passed log: /home/zaxy/studyspace/projects/6.5840/src/debug_log/debug_log_round974_20260718_220328.874528980.log
Removed passed log: /home/zaxy/studyspace/projects/6.5840/src/debug_log/debug_log_round975_20260718_220328.884071731.log
Removed passed log: /home/zaxy/studyspace/projects/6.5840/src/debug_log/debug_log_round976_20260718_220328.894452205.log
Removed passed log: /home/zaxy/studyspace/projects/6.5840/src/debug_log/debug_log_round977_20260718_220328.901470292.log
Removed passed log: /home/zaxy/studyspace/projects/6.5840/src/debug_log/debug_log_round978_20260718_220328.915082433.log
Removed passed log: /home/zaxy/studyspace/projects/6.5840/src/debug_log/debug_log_round979_20260718_220328.925123800.log
Removed passed log: /home/zaxy/studyspace/projects/6.5840/src/debug_log/debug_log_round980_20260718_220328.939222140.log
Removed passed log: /home/zaxy/studyspace/projects/6.5840/src/debug_log/debug_log_round981_20260718_220328.960029753.log
Removed passed log: /home/zaxy/studyspace/projects/6.5840/src/debug_log/debug_log_round982_20260718_220329.304122384.log
Removed passed log: /home/zaxy/studyspace/projects/6.5840/src/debug_log/debug_log_round983_20260718_220329.880734333.log
Removed passed log: /home/zaxy/studyspace/projects/6.5840/src/debug_log/debug_log_round984_20260718_220329.890464425.log
Removed passed log: /home/zaxy/studyspace/projects/6.5840/src/debug_log/debug_log_round985_20260718_220330.511101804.log
Removed passed log: /home/zaxy/studyspace/projects/6.5840/src/debug_log/debug_log_round986_20260718_220330.518566038.log
Removed passed log: /home/zaxy/studyspace/projects/6.5840/src/debug_log/debug_log_round987_20260718_220330.930039286.log
Removed passed log: /home/zaxy/studyspace/projects/6.5840/src/debug_log/debug_log_round988_20260718_220331.287324204.log
Removed passed log: /home/zaxy/studyspace/projects/6.5840/src/debug_log/debug_log_round989_20260718_220331.293831039.log
Removed passed log: /home/zaxy/studyspace/projects/6.5840/src/debug_log/debug_log_round990_20260718_220331.300021936.log
Removed passed log: /home/zaxy/studyspace/projects/6.5840/src/debug_log/debug_log_round991_20260718_220331.307346425.log
Removed passed log: /home/zaxy/studyspace/projects/6.5840/src/debug_log/debug_log_round992_20260718_220331.313625158.log
Removed passed log: /home/zaxy/studyspace/projects/6.5840/src/debug_log/debug_log_round993_20260718_220331.321107212.log
Removed passed log: /home/zaxy/studyspace/projects/6.5840/src/debug_log/debug_log_round994_20260718_220331.328699857.log
Removed passed log: /home/zaxy/studyspace/projects/6.5840/src/debug_log/debug_log_round995_20260718_220331.335501238.log
Removed passed log: /home/zaxy/studyspace/projects/6.5840/src/debug_log/debug_log_round996_20260718_220331.343658119.log
Removed passed log: /home/zaxy/studyspace/projects/6.5840/src/debug_log/debug_log_round997_20260718_220331.352973603.log
Removed passed log: /home/zaxy/studyspace/projects/6.5840/src/debug_log/debug_log_round998_20260718_220331.362347248.log
Removed passed log: /home/zaxy/studyspace/projects/6.5840/src/debug_log/debug_log_round999_20260718_220331.377278499.log
Removed passed log: /home/zaxy/studyspace/projects/6.5840/src/debug_log/debug_log_round1000_20260718_220331.393104671.log

Passed rounds: 1000
Failed rounds: 0

Average time by test case:
  TestInitialElection3A                      4.406s  (1000 runs)
  TestManyElections3A                        8.462s  (1000 runs)
  TestReElection3A                           5.909s  (1000 runs)
Average time sum of all test cases: 18.777s
